window_start,user_id,role,login_hour,failed_logins,successful_logins,unique_ips,new_ip_flag,file_access_count,files_downloaded,download_mb,db_queries,admin_access_count,unique_resources,scenario_label,is_anomaly,if_decision,predicted_anomaly,ml_risk_score
2026-07-13 13:00:00,user_06,analyst,13,2,1,1,0,10,5,76.07,26,0,9,normal,0,0.102184,0,31.31
2026-07-20 13:00:00,user_28,employee,13,0,1,1,0,6,4,10.63,4,0,2,normal,0,0.162572,0,8.45
2026-07-26 09:00:00,user_25,employee,9,1,1,1,0,13,3,15.52,306,6,86,privilege_misuse,1,-0.068242,1,81.07
2026-07-06 16:00:00,user_17,employee,16,2,2,1,0,6,3,27.27,16,0,4,normal,0,0.110046,0,28.34
2026-07-13 10:00:00,user_20,employee,10,1,1,1,0,6,1,61.45,12,0,6,normal,0,0.155037,0,11.3
2026-07-28 01:00:00,user_07,analyst,1,11,1,7,1,12,134,1906.76,416,7,92,mixed_anomaly,1,-0.210845,1,100.0
2026-07-17 14:00:00,user_27,employee,14,0,1,1,0,12,5,58.82,9,0,9,normal,0,0.184317,0,0.22
2026-07-29 21:00:00,user_11,analyst,21,0,4,1,0,411,132,1720.4,31,0,136,data_exfiltration,1,-0.140335,1,92.77
2026-07-28 04:00:00,user_17,employee,4,12,1,4,1,7,51,5415.38,428,10,108,mixed_anomaly,1,-0.212727,1,100.0
2026-07-26 13:00:00,user_13,employee,13,0,1,1,0,7,1,2.07,8,0,4,normal,0,0.167733,0,6.5
2026-07-16 11:00:00,user_14,employee,11,0,1,1,0,10,3,14.0,8,0,6,normal,0,0.202148,0,0.0
2026-07-30 13:00:00,user_16,employee,13,0,3,1,0,11,2,38.23,9,0,7,normal,0,0.171778,0,4.97
2026-07-05 02:00:00,user_26,employee,2,4,3,3,1,9,3,53.69,10,0,7,suspicious_login,1,-0.093904,1,85.24
2026-07-15 13:00:00,user_06,analyst,13,0,4,1,0,305,108,1736.76,36,0,85,data_exfiltration,1,-0.103146,1,86.74
2026-07-17 11:00:00,user_10,analyst,11,0,3,1,0,14,6,72.57,27,0,9,normal,0,0.133078,0,19.62
2026-07-28 12:00:00,user_29,employee,12,0,3,2,1,8,4,34.29,5,0,7,normal,0,-0.012927,1,72.1
2026-07-20 11:00:00,user_28,employee,11,0,1,1,0,4,1,14.01,11,0,2,normal,0,0.150254,0,13.11
2026-07-11 13:00:00,user_29,employee,13,0,1,1,0,7,7,63.45,8,0,5,normal,0,0.167238,0,6.68
2026-07-14 09:00:00,user_10,analyst,9,0,1,1,0,11,3,12.75,50,0,10,normal,0,0.117731,0,25.43
2026-07-25 13:00:00,user_15,employee,13,0,2,1,0,4,7,20.55,11,0,4,normal,0,0.141607,0,16.39
2026-07-23 16:00:00,user_25,employee,16,0,1,1,0,9,3,76.38,9,0,5,normal,0,0.176814,0,3.06
2026-07-17 09:00:00,user_20,employee,9,0,1,1,1,8,6,46.27,5,0,5,normal,0,0.041503,0,54.29
2026-07-15 11:00:00,user_20,employee,11,0,4,1,0,9,1,8.79,225,10,55,privilege_misuse,1,-0.08852,1,84.36
2026-07-25 12:00:00,user_17,employee,12,1,2,1,0,192,159,4872.7,4,0,207,data_exfiltration,1,-0.090546,1,84.69
2026-07-22 15:00:00,user_17,employee,15,0,1,1,0,7,6,14.64,245,13,84,privilege_misuse,1,-0.068585,1,81.13
2026-07-20 06:00:00,user_29,employee,6,0,3,2,0,11,2,35.56,249,8,43,privilege_misuse,1,-0.124659,1,90.23
2026-07-14 12:00:00,user_02,admin,12,0,2,1,0,10,2,6.29,31,3,8,normal,0,0.091304,0,35.43
2026-07-14 12:00:00,user_14,employee,12,1,2,1,0,3,3,52.9,7,0,2,normal,0,0.13471,0,19.0
2026-07-10 12:00:00,user_23,employee,12,0,1,1,0,317,117,8916.71,9,0,104,data_exfiltration,1,-0.069788,1,81.32
2026-07-23 01:00:00,user_25,employee,1,4,1,8,1,8,2,54.46,7,0,5,suspicious_login,1,-0.084624,1,83.73
2026-07-24 13:00:00,user_12,analyst,13,0,1,2,0,17,2,25.64,36,0,12,normal,0,0.068443,0,44.09
2026-07-11 15:00:00,user_09,analyst,15,0,2,1,0,18,3,89.05,32,0,11,normal,0,0.132265,0,19.92
2026-07-05 18:00:00,user_28,employee,18,0,2,1,0,193,209,5755.74,11,0,142,data_exfiltration,1,-0.100455,1,86.3
2026-07-20 11:00:00,user_27,employee,11,0,1,1,0,11,5,5.97,8,0,5,normal,0,0.183936,0,0.36
2026-07-20 10:00:00,user_28,employee,10,1,1,1,0,9,2,47.4,7,0,4,normal,0,0.177253,0,2.89
2026-07-25 09:00:00,user_13,employee,9,0,1,1,0,7,4,14.13,130,24,26,privilege_misuse,1,-0.069337,1,81.25
2026-07-27 19:00:00,user_13,employee,19,27,1,4,1,9,3,9.02,12,0,6,brute_force,1,-0.092048,1,84.94
2026-07-09 14:00:00,user_13,employee,14,0,1,1,1,430,137,2134.36,7,0,51,data_exfiltration,1,-0.116648,1,88.93
2026-07-08 02:00:00,user_24,employee,2,3,1,4,1,5,1,77.12,8,0,4,suspicious_login,1,-0.099854,1,86.2
2026-07-17 09:00:00,user_30,employee,9,0,2,2,0,9,5,64.56,10,0,7,normal,0,0.08466,0,37.95
2026-07-23 17:00:00,user_22,employee,17,0,1,1,0,9,3,40.4,8,0,4,normal,0,0.187065,0,0.0
2026-07-26 01:00:00,user_29,employee,1,9,1,6,1,6,179,5591.98,176,9,70,mixed_anomaly,1,-0.212936,1,100.0
2026-07-05 13:00:00,user_26,employee,13,15,0,4,1,9,1,12.14,5,0,5,brute_force,1,-0.074275,1,82.05
2026-07-25 13:00:00,user_27,employee,13,0,1,1,0,9,4,29.82,8,0,7,normal,0,0.202379,0,0.0
2026-07-24 10:00:00,user_25,employee,10,0,4,1,0,6,2,32.72,15,0,5,normal,0,0.129115,0,21.12
2026-07-16 08:00:00,user_30,employee,8,0,3,1,0,4,4,8.16,302,24,58,privilege_misuse,1,-0.092533,1,85.01
2026-07-08 09:00:00,user_21,employee,9,0,1,1,0,5,1,59.27,6,0,4,normal,0,0.166966,0,6.79
2026-07-28 16:00:00,user_13,employee,16,0,2,1,0,5,3,16.17,8,0,3,normal,0,0.170361,0,5.5
2026-07-09 02:00:00,user_12,analyst,2,4,1,5,1,12,4,63.1,43,0,11,suspicious_login,1,-0.114586,1,88.59
2026-07-06 03:00:00,user_27,employee,3,9,2,3,1,9,71,4945.61,143,8,101,mixed_anomaly,1,-0.211822,1,100.0
2026-07-12 09:00:00,user_30,employee,9,0,1,1,0,387,257,4099.03,14,0,97,data_exfiltration,1,-0.071268,1,81.56
2026-07-04 23:00:00,user_24,employee,23,5,2,7,1,8,3,19.26,9,0,4,suspicious_login,1,-0.097742,1,85.86
2026-07-25 11:00:00,user_07,analyst,11,0,1,1,0,11,3,46.17,44,0,11,normal,0,0.142891,0,15.9
2026-07-05 12:00:00,user_01,admin,12,1,1,1,0,10,3,25.47,35,3,9,normal,0,0.076757,0,40.94
2026-07-02 15:00:00,user_22,employee,15,0,3,2,0,9,0,12.17,10,0,5,normal,0,0.037057,0,55.97
2026-07-10 12:00:00,user_06,analyst,12,1,1,1,0,13,5,24.73,26,0,11,normal,0,0.153353,0,11.94
2026-07-02 04:00:00,user_06,analyst,4,1,4,3,1,11,3,85.86,37,0,9,suspicious_login,1,-0.099165,1,86.09
2026-07-21 12:00:00,user_04,admin,12,0,1,1,0,9,4,22.88,21,1,8,normal,0,0.154039,0,11.68
2026-07-05 12:00:00,user_21,employee,12,18,1,1,0,9,0,19.16,6,0,4,brute_force,1,0.054622,0,49.32
2026-07-16 16:00:00,user_08,analyst,16,0,2,1,0,16,3,56.88,28,0,9,normal,0,0.155167,0,11.25
2026-07-28 12:00:00,user_23,employee,12,1,1,1,0,7,1,44.03,6,0,6,normal,0,0.165424,0,7.37
2026-07-26 12:00:00,user_02,admin,12,0,2,1,0,12,5,49.72,19,3,7,normal,0,0.100495,0,31.95
2026-07-09 16:00:00,user_26,employee,16,0,1,1,0,6,5,33.28,15,0,6,normal,0,0.173115,0,4.46
2026-07-23 12:00:00,user_27,employee,12,1,1,1,0,430,147,3211.86,4,0,168,data_exfiltration,1,-0.08166,1,83.25
2026-07-12 12:00:00,user_05,analyst,12,0,2,1,0,14,2,79.78,41,0,9,normal,0,0.126053,0,22.28
2026-07-04 08:00:00,user_29,employee,8,0,1,1,0,14,4,23.55,4,0,6,normal,0,0.16234,0,8.54
2026-07-13 14:00:00,user_01,admin,14,0,1,1,1,16,4,40.07,32,2,8,normal,0,0.011558,0,65.62
2026-07-11 02:00:00,user_19,employee,2,4,4,5,1,7,3,53.94,10,0,6,suspicious_login,1,-0.104374,1,86.94
2026-07-08 14:00:00,user_23,employee,14,1,2,1,0,3,2,3.59,205,10,62,privilege_misuse,1,-0.096525,1,85.66
2026-07-10 15:00:00,user_22,employee,15,0,1,1,0,9,2,21.02,347,8,76,privilege_misuse,1,-0.058201,1,79.44
2026-07-14 12:00:00,user_24,employee,12,0,1,1,0,8,4,4.08,8,0,5,normal,0,0.186487,0,0.0
2026-07-09 15:00:00,user_10,analyst,15,1,2,1,0,9,7,65.34,32,0,6,normal,0,0.123398,0,23.28
2026-07-15 10:00:00,user_30,employee,10,0,2,2,0,8,3,44.51,11,0,5,normal,0,0.099778,0,32.22
2026-07-23 15:00:00,user_05,analyst,15,0,1,1,0,14,5,79.77,245,11,80,privilege_misuse,1,-0.05019,1,78.14
2026-07-05 00:00:00,user_26,employee,0,13,1,9,1,5,159,3299.26,259,11,133,mixed_anomaly,1,-0.213355,1,100.0
2026-07-16 04:00:00,user_30,employee,4,16,2,8,1,12,72,2421.21,108,7,88,mixed_anomaly,1,-0.210428,1,100.0
2026-07-17 15:00:00,user_12,analyst,15,0,1,1,0,13,8,109.06,32,0,12,normal,0,0.114549,0,26.63
2026-07-09 14:00:00,user_26,employee,14,0,1,1,0,12,2,38.95,4,0,5,normal,0,0.18305,0,0.7
2026-07-27 12:00:00,user_23,employee,12,1,1,1,0,9,4,44.14,179,12,79,privilege_misuse,1,-0.052224,1,78.47
2026-07-04 00:00:00,user_19,employee,0,12,1,8,1,8,114,5842.18,340,7,131,mixed_anomaly,1,-0.21189,1,100.0
2026-07-18 11:00:00,user_25,employee,11,0,1,1,0,6,4,83.22,12,0,3,normal,0,0.165153,0,7.47
2026-07-01 03:00:00,user_30,employee,3,17,1,7,1,10,95,3173.29,349,2,74,mixed_anomaly,1,-0.197189,1,100.0
2026-07-06 09:00:00,user_05,analyst,9,0,1,2,0,16,5,116.65,31,0,15,normal,0,0.009074,0,66.56
2026-07-03 11:00:00,user_07,analyst,11,0,1,1,0,15,4,49.15,24,0,10,normal,0,0.177536,0,2.79
2026-07-17 11:00:00,user_24,employee,11,0,1,1,0,6,2,13.92,11,0,4,normal,0,0.193857,0,0.0
2026-07-12 08:00:00,user_09,analyst,8,1,1,1,0,13,7,3.96,27,0,10,normal,0,0.10634,0,29.74
2026-07-25 10:00:00,user_09,analyst,10,0,3,1,0,13,2,15.94,34,0,8,normal,0,0.132638,0,19.78
2026-07-14 14:00:00,user_04,admin,14,0,1,1,0,18,1,63.91,38,2,17,normal,0,0.039041,0,55.22
2026-07-16 17:00:00,user_12,analyst,17,2,2,1,0,15,5,16.58,31,0,10,normal,0,0.070997,0,43.12
2026-07-01 11:00:00,user_12,analyst,11,1,1,2,0,13,6,2.49,33,0,11,normal,0,0.040363,0,54.72
2026-07-08 09:00:00,user_14,employee,9,1,1,1,0,4,4,35.69,11,0,3,normal,0,0.145689,0,14.84
2026-07-24 13:00:00,user_25,employee,13,0,2,1,0,12,4,37.53,5,0,6,normal,0,0.183532,0,0.52
2026-07-07 14:00:00,user_23,employee,14,1,3,1,0,184,209,8060.23,9,0,51,data_exfiltration,1,-0.097383,1,85.8
2026-07-21 13:00:00,user_13,employee,13,0,3,1,0,9,0,25.18,7,0,7,normal,0,0.135404,0,18.74
2026-07-27 19:00:00,user_02,admin,19,0,1,1,0,8,4,33.97,27,2,8,normal,0,0.091394,0,35.4
2026-07-22 14:00:00,user_22,employee,14,1,2,1,0,6,2,2.64,254,18,75,privilege_misuse,1,-0.085182,1,83.82
2026-07-22 02:00:00,user_22,employee,2,2,1,7,1,9,3,38.56,6,0,7,suspicious_login,1,-0.060039,1,79.74
2026-07-14 09:00:00,user_08,analyst,9,0,1,2,0,21,1,64.28,38,0,14,normal,0,0.014585,0,64.48
2026-07-07 16:00:00,user_01,admin,16,1,1,1,0,12,2,59.29,24,3,7,normal,0,0.075574,0,41.39
2026-07-01 13:00:00,user_28,employee,13,0,1,1,0,5,3,61.87,5,0,4,normal,0,0.183752,0,0.43
2026-07-30 11:00:00,user_11,analyst,11,0,1,1,0,18,6,39.2,32,0,14,normal,0,0.143079,0,15.83
2026-07-28 16:00:00,user_21,employee,16,0,2,1,0,15,3,40.32,10,0,11,normal,0,0.149517,0,13.39
2026-07-16 13:00:00,user_13,employee,13,1,4,2,0,8,2,41.59,6,0,4,normal,0,0.041002,0,54.48
2026-07-30 14:00:00,user_10,analyst,14,0,1,1,0,298,118,6006.87,33,0,152,data_exfiltration,1,-0.061914,1,80.05
2026-07-15 12:00:00,user_11,analyst,12,1,1,1,0,12,5,34.14,99,8,28,privilege_misuse,1,-0.051455,1,78.35
2026-07-12 14:00:00,user_18,employee,14,0,3,1,0,7,2,39.72,5,0,4,normal,0,0.163517,0,8.09
2026-07-17 09:00:00,user_08,analyst,9,0,1,1,0,19,1,166.28,38,0,16,normal,0,0.040803,0,54.55
2026-07-18 10:00:00,user_19,employee,10,0,1,2,1,10,2,57.22,12,0,8,normal,0,-0.001671,1,70.27
2026-07-23 11:00:00,user_04,admin,11,1,1,1,0,19,1,32.56,24,3,13,normal,0,0.026161,0,60.1
2026-07-23 00:00:00,user_12,analyst,0,14,1,3,1,13,178,4887.22,210,5,85,mixed_anomaly,1,-0.206889,1,100.0
2026-07-25 03:00:00,user_22,employee,3,12,1,7,1,9,136,4054.56,287,6,140,mixed_anomaly,1,-0.212308,1,100.0
2026-07-02 17:00:00,user_19,employee,17,0,1,1,0,13,4,42.05,7,0,8,normal,0,0.172594,0,4.66
2026-07-12 07:00:00,user_11,analyst,7,1,1,1,0,15,7,72.9,38,0,13,normal,0,0.084977,0,37.83
2026-07-05 13:00:00,user_28,employee,13,0,1,1,0,5,7,8.56,6,0,3,normal,0,0.149648,0,13.34
2026-07-25 11:00:00,user_19,employee,11,1,1,1,0,10,4,40.08,4,0,5,normal,0,0.17537,0,3.61
2026-07-30 03:00:00,user_01,admin,3,19,1,8,1,7,137,1664.29,188,1,99,mixed_anomaly,1,-0.191809,1,100.0
2026-07-20 09:00:00,user_30,employee,9,0,2,1,0,8,4,27.75,10,0,7,normal,0,0.183951,0,0.36
2026-07-10 18:00:00,user_13,employee,18,0,1,1,0,8,3,54.97,7,0,5,normal,0,0.174175,0,4.06
2026-07-21 13:00:00,user_30,employee,13,1,1,1,0,10,4,1.13,6,0,6,normal,0,0.164349,0,7.78
2026-07-05 12:00:00,user_23,employee,12,0,4,1,0,11,4,17.3,163,14,29,privilege_misuse,1,-0.07157,1,81.61
2026-07-24 12:00:00,user_16,employee,12,0,4,1,0,7,2,78.88,7,0,3,normal,0,0.115449,0,26.29
2026-07-21 11:00:00,user_11,analyst,11,0,1,1,0,13,5,31.02,31,0,10,normal,0,0.18168,0,1.22
2026-07-13 01:00:00,user_10,analyst,1,16,2,7,1,15,178,1298.45,149,6,51,mixed_anomaly,1,-0.213145,1,100.0
2026-07-18 09:00:00,user_19,employee,9,0,1,1,0,9,3,105.02,8,0,6,normal,0,0.156361,0,10.8
2026-07-01 13:00:00,user_18,employee,13,0,3,1,0,11,3,81.45,9,0,9,normal,0,0.147155,0,14.29
2026-07-28 17:00:00,user_27,employee,17,0,3,1,0,2,5,54.05,3,0,1,normal,0,0.074904,0,41.64
2026-07-03 10:00:00,user_17,employee,10,0,2,1,0,10,3,72.21,10,0,7,normal,0,0.183246,0,0.62
2026-07-05 16:00:00,user_16,employee,16,0,1,1,0,321,105,8827.14,17,0,120,data_exfiltration,1,-0.077361,1,82.55
2026-07-16 13:00:00,user_12,analyst,13,1,1,1,0,13,5,42.85,42,0,9,normal,0,0.135258,0,18.79
2026-07-24 06:00:00,user_13,employee,6,0,1,1,0,10,2,9.23,15,0,8,normal,0,0.146499,0,14.54
2026-07-21 12:00:00,user_29,employee,12,0,1,1,0,8,1,18.41,14,0,6,normal,0,0.183069,0,0.69
2026-07-30 12:00:00,user_21,employee,12,1,3,2,0,409,191,4158.63,8,0,202,data_exfiltration,1,-0.128664,1,90.88
2026-07-01 11:00:00,user_11,analyst,11,0,1,1,0,13,2,57.64,42,0,9,normal,0,0.149196,0,13.51
2026-07-24 01:00:00,user_04,admin,1,4,2,6,1,11,9,56.47,25,1,10,suspicious_login,1,-0.127445,1,90.68
2026-07-19 12:00:00,user_02,admin,12,1,1,1,0,11,3,68.19,26,1,11,normal,0,0.128574,0,21.32
2026-07-10 18:00:00,user_06,analyst,18,2,1,1,0,13,5,14.44,34,0,13,normal,0,0.053056,0,49.91
2026-07-27 09:00:00,user_03,admin,9,13,1,1,1,8,1,64.03,22,3,5,brute_force,1,-0.083746,1,83.59
2026-07-21 23:00:00,user_26,employee,23,5,1,6,1,6,4,55.04,8,0,3,suspicious_login,1,-0.109114,1,87.7
2026-07-07 12:00:00,user_13,employee,12,1,1,1,0,244,187,5608.78,6,0,108,data_exfiltration,1,-0.077575,1,82.59
2026-07-23 06:00:00,user_28,employee,6,0,2,2,0,6,6,48.49,11,0,5,normal,0,0.049958,0,51.09
2026-07-04 10:00:00,user_04,admin,10,0,1,1,0,8,3,22.95,20,3,8,normal,0,0.098805,0,32.59
2026-07-21 11:00:00,user_27,employee,11,0,3,1,0,11,3,9.28,6,0,8,normal,0,0.161125,0,9.0
2026-07-27 11:00:00,user_27,employee,11,0,2,1,0,7,4,15.86,11,0,3,normal,0,0.179857,0,1.91
2026-07-06 13:00:00,user_27,employee,13,1,5,1,0,14,1,7.57,8,0,8,normal,0,0.049804,0,51.14
2026-07-22 09:00:00,user_30,employee,9,1,1,1,0,3,8,15.5,8,0,2,normal,0,0.078798,0,40.17
2026-07-09 13:00:00,user_29,employee,13,0,1,1,0,9,2,16.72,3,0,4,normal,0,0.186257,0,0.0
2026-07-10 09:00:00,user_05,analyst,9,0,1,1,0,15,2,37.61,43,0,10,normal,0,0.132148,0,19.97
2026-07-17 12:00:00,user_16,employee,12,0,3,1,0,15,2,105.22,6,0,9,normal,0,0.099287,0,32.41
2026-07-26 12:00:00,user_10,analyst,12,0,2,1,0,13,5,147.24,31,0,7,normal,0,0.105644,0,30.0
2026-07-18 14:00:00,user_07,analyst,14,0,1,2,0,11,10,81.93,39,0,9,normal,0,0.021795,0,61.75
2026-07-09 13:00:00,user_04,admin,13,0,2,1,0,15,5,16.35,23,4,14,normal,0,0.056124,0,48.75
2026-07-25 17:00:00,user_29,employee,17,1,1,1,1,9,4,65.75,6,0,6,normal,0,0.032117,0,57.84
2026-07-03 00:00:00,user_05,analyst,0,14,4,4,1,16,72,2627.27,368,2,90,mixed_anomaly,1,-0.210845,1,100.0
2026-07-14 11:00:00,user_06,analyst,11,0,1,1,0,14,9,64.75,32,0,8,normal,0,0.136339,0,18.38
2026-07-17 18:00:00,user_05,analyst,18,0,1,1,0,16,4,43.78,28,0,13,normal,0,0.141419,0,16.46
2026-07-21 15:00:00,user_14,employee,15,0,1,1,0,12,5,43.26,124,19,68,privilege_misuse,1,-0.040833,1,76.63
2026-07-07 15:00:00,user_21,employee,15,0,3,1,0,12,2,2.18,8,0,7,normal,0,0.143738,0,15.58
2026-07-01 18:00:00,user_28,employee,18,16,1,3,1,5,1,30.17,9,0,3,brute_force,1,-0.095014,1,85.42
2026-07-30 12:00:00,user_09,analyst,12,0,3,1,0,23,2,199.73,35,0,14,normal,0,-0.002986,1,70.48
2026-07-16 02:00:00,user_01,admin,2,17,1,8,1,6,96,1750.2,155,0,92,mixed_anomaly,1,-0.185321,1,100.0
2026-07-01 14:00:00,user_13,employee,14,0,1,1,0,137,168,5832.17,7,0,64,data_exfiltration,1,-0.071586,1,81.62
2026-07-13 14:00:00,user_22,employee,14,0,2,1,0,7,4,39.78,10,0,4,normal,0,0.190872,0,0.0
2026-07-13 16:00:00,user_17,employee,16,0,3,1,0,5,3,32.67,6,0,2,normal,0,0.142774,0,15.95
2026-07-06 10:00:00,user_19,employee,10,0,2,2,0,7,4,21.49,5,0,3,normal,0,0.084623,0,37.96
2026-07-24 16:00:00,user_29,employee,16,0,1,1,0,20,4,29.99,11,0,15,normal,0,0.107702,0,29.22
2026-07-15 12:00:00,user_29,employee,12,0,3,1,0,4,2,40.28,252,24,86,privilege_misuse,1,-0.076001,1,82.33
2026-07-05 10:00:00,user_08,analyst,10,0,1,1,0,14,9,43.15,37,0,12,normal,0,0.132019,0,20.02
2026-07-09 14:00:00,user_11,analyst,14,26,0,1,1,16,3,4.73,34,0,13,brute_force,1,-0.058208,1,79.44
2026-07-19 01:00:00,user_09,analyst,1,7,1,9,1,18,84,3078.09,145,6,40,mixed_anomaly,1,-0.213774,1,100.0
2026-07-24 03:00:00,user_15,employee,3,4,4,6,1,11,1,29.18,12,0,6,suspicious_login,1,-0.102182,1,86.58
2026-07-03 10:00:00,user_04,admin,10,0,1,1,0,10,3,32.44,22,2,10,normal,0,0.128072,0,21.51
2026-07-24 16:00:00,user_23,employee,16,1,2,1,0,3,2,53.42,7,0,2,normal,0,0.119963,0,24.58
2026-07-03 10:00:00,user_28,employee,10,0,1,1,0,10,0,36.65,9,0,8,normal,0,0.161483,0,8.86
2026-07-17 16:00:00,user_15,employee,16,1,4,1,0,7,0,22.58,4,0,5,normal,0,0.066031,0,45.0
2026-07-06 00:00:00,user_29,employee,0,13,1,6,1,8,66,3783.35,394,5,112,mixed_anomaly,1,-0.20876,1,100.0
2026-07-09 11:00:00,user_07,analyst,11,2,1,1,0,15,6,35.16,38,0,10,normal,0,0.078153,0,40.41
2026-07-18 15:00:00,user_27,employee,15,1,3,1,0,7,0,31.72,13,0,4,normal,0,0.102055,0,31.36
2026-07-13 13:00:00,user_06,analyst,13,1,1,1,0,15,4,87.34,42,0,12,normal,0,0.110015,0,28.35
2026-07-28 04:00:00,user_17,employee,4,14,4,9,1,6,82,3000.41,294,9,120,mixed_anomaly,1,-0.221143,1,100.0
2026-07-16 11:00:00,user_27,employee,11,0,1,1,0,6,2,16.52,14,0,5,normal,0,0.187083,0,0.0
2026-07-12 10:00:00,user_19,employee,10,0,2,1,0,8,2,52.51,7,0,3,normal,0,0.177438,0,2.82
2026-07-13 11:00:00,user_04,admin,11,2,1,1,1,10,0,37.49,26,4,8,normal,0,-0.062599,1,80.16
2026-07-20 16:00:00,user_01,admin,16,1,1,2,0,11,1,47.9,27,1,9,normal,0,0.02268,0,61.41
2026-07-29 06:00:00,user_07,analyst,6,1,1,1,0,15,2,54.86,40,0,14,normal,0,0.085736,0,37.54
2026-07-11 13:00:00,user_20,employee,13,0,4,1,0,8,4,19.91,7,0,6,normal,0,0.143928,0,15.51
2026-07-21 12:00:00,user_30,employee,12,0,1,1,0,5,5,33.31,8,0,3,normal,0,0.18154,0,1.27
2026-07-29 14:00:00,user_25,employee,14,0,1,1,0,6,4,23.07,9,0,3,normal,0,0.189709,0,0.0
2026-07-08 12:00:00,user_06,analyst,12,0,1,1,0,17,10,89.11,29,0,13,normal,0,0.096297,0,33.54
2026-07-10 18:00:00,user_06,analyst,18,1,1,1,0,14,4,175.98,32,0,8,normal,0,0.069547,0,43.67
2026-07-19 10:00:00,user_30,employee,10,1,2,1,0,4,4,33.32,9,0,3,normal,0,0.147136,0,14.29
2026-07-23 16:00:00,user_07,analyst,16,0,2,1,0,15,5,22.87,141,20,80,privilege_misuse,1,-0.057349,1,79.31
2026-07-19 09:00:00,user_01,admin,9,0,1,1,0,11,4,58.17,31,1,10,normal,0,0.14253,0,16.04
2026-07-29 10:00:00,user_13,employee,10,0,4,1,0,14,4,84.79,6,0,5,normal,0,0.103686,0,30.74
2026-07-11 14:00:00,user_14,employee,14,0,1,1,0,4,3,25.34,10,0,3,normal,0,0.177224,0,2.9
2026-07-13 14:00:00,user_02,admin,14,1,3,2,0,10,5,60.49,26,3,6,normal,0,-0.025312,1,74.11
2026-07-24 10:00:00,user_03,admin,10,1,1,1,0,413,120,8899.72,29,1,162,data_exfiltration,1,-0.096844,1,85.71
2026-07-26 08:00:00,user_22,employee,8,0,1,1,0,407,167,6364.76,9,0,71,data_exfiltration,1,-0.075304,1,82.22
2026-07-17 14:00:00,user_21,employee,14,0,2,1,0,10,5,36.24,7,0,7,normal,0,0.189666,0,0.0
2026-07-23 11:00:00,user_05,analyst,11,1,1,1,0,17,5,11.89,27,0,15,normal,0,0.105875,0,29.92
2026-07-16 15:00:00,user_22,employee,15,1,1,1,0,11,1,47.73,5,0,7,normal,0,0.153152,0,12.02
2026-07-14 11:00:00,user_08,analyst,11,0,1,1,0,14,5,47.43,34,0,8,normal,0,0.179044,0,2.21
2026-07-15 22:00:00,user_19,employee,22,0,5,1,0,4,3,130.22,143,23,65,privilege_misuse,1,-0.15326,1,94.87
2026-07-04 13:00:00,user_17,employee,13,0,1,2,0,8,1,40.77,6,0,6,normal,0,0.104773,0,30.33
2026-07-27 09:00:00,user_09,analyst,9,1,1,1,0,11,4,109.05,45,0,11,normal,0,0.0721,0,42.7
2026-07-11 12:00:00,user_09,analyst,12,0,3,1,0,16,3,25.42,40,0,10,normal,0,0.122925,0,23.46
2026-07-07 12:00:00,user_24,employee,12,0,1,1,0,9,4,11.55,14,0,8,normal,0,0.187655,0,0.0
2026-07-27 23:00:00,user_26,employee,23,4,2,3,1,8,4,20.08,9,0,4,suspicious_login,1,-0.102758,1,86.67
2026-07-28 15:00:00,user_24,employee,15,1,1,1,0,8,2,12.68,9,0,6,normal,0,0.173339,0,4.37
2026-07-30 12:00:00,user_20,employee,12,0,4,1,0,341,108,2603.36,9,0,140,data_exfiltration,1,-0.099766,1,86.19
2026-07-18 01:00:00,user_06,analyst,1,4,3,6,1,16,5,38.39,33,0,13,suspicious_login,1,-0.121041,1,89.64
2026-07-10 08:00:00,user_25,employee,8,1,1,1,1,7,2,25.61,5,0,4,normal,0,0.037052,0,55.97
2026-07-05 02:00:00,user_10,analyst,2,3,1,7,1,14,7,104.92,44,0,14,suspicious_login,1,-0.136194,1,92.1
2026-07-14 10:00:00,user_20,employee,10,0,1,1,0,127,146,5720.19,10,0,117,data_exfiltration,1,-0.070031,1,81.36
2026-07-01 14:00:00,user_10,analyst,14,1,1,1,0,11,4,61.41,32,0,7,normal,0,0.163004,0,8.29
2026-07-20 14:00:00,user_26,employee,14,0,1,1,0,5,2,47.22,119,15,69,privilege_misuse,1,-0.063118,1,80.24
2026-07-19 06:00:00,user_18,employee,6,2,1,1,0,12,4,14.94,7,0,6,normal,0,0.094917,0,34.06
2026-07-02 00:00:00,user_15,employee,0,10,2,4,1,6,65,3762.8,499,2,70,mixed_anomaly,1,-0.200271,1,100.0
2026-07-08 03:00:00,user_25,employee,3,18,2,7,1,3,165,5855.88,128,6,89,mixed_anomaly,1,-0.214822,1,100.0
2026-07-10 23:00:00,user_06,analyst,23,4,2,5,1,22,5,5.29,32,0,15,suspicious_login,1,-0.146851,1,93.83
2026-07-26 12:00:00,user_06,analyst,12,1,1,2,0,17,4,16.88,31,0,9,normal,0,0.057889,0,48.08
2026-07-28 13:00:00,user_09,analyst,13,0,1,1,0,20,5,55.45,34,0,13,normal,0,0.144753,0,15.2
2026-07-23 14:00:00,user_08,analyst,14,0,1,1,0,10,1,30.24,32,0,8,normal,0,0.171542,0,5.05
2026-07-05 12:00:00,user_24,employee,12,1,2,1,0,9,5,25.44,9,0,5,normal,0,0.171193,0,5.19
2026-07-10 03:00:00,user_04,admin,3,13,1,7,1,13,120,1388.71,338,2,64,mixed_anomaly,1,-0.195141,1,100.0
2026-07-24 13:00:00,user_05,analyst,13,0,3,1,0,12,1,137.5,34,0,10,normal,0,0.072069,0,42.71
2026-07-19 08:00:00,user_24,employee,8,0,1,1,0,10,3,8.62,10,0,6,normal,0,0.179443,0,2.06
2026-07-04 14:00:00,user_14,employee,14,8,0,4,1,3,3,30.0,4,0,2,brute_force,1,-0.090092,1,84.62
2026-07-13 15:00:00,user_08,analyst,15,15,1,2,1,13,2,72.48,32,0,8,brute_force,1,-0.0928,1,85.06
2026-07-17 12:00:00,user_11,analyst,12,0,1,1,0,18,6,83.98,40,0,12,normal,0,0.132585,0,19.8
2026-07-17 09:00:00,user_26,employee,9,1,2,1,0,3,4,21.94,9,0,2,normal,0,0.116287,0,25.97
2026-07-03 17:00:00,user_22,employee,17,0,1,1,0,9,1,38.99,11,0,6,normal,0,0.175319,0,3.62
2026-07-24 12:00:00,user_19,employee,12,0,3,1,0,446,307,2458.38,5,0,205,data_exfiltration,1,-0.094838,1,85.39
2026-07-15 11:00:00,user_12,analyst,11,0,2,2,0,13,3,23.16,32,0,13,normal,0,0.067616,0,44.4
2026-07-28 11:00:00,user_11,analyst,11,0,1,1,0,350,286,3226.74,40,0,60,data_exfiltration,1,-0.069003,1,81.2
2026-07-16 12:00:00,user_06,analyst,12,0,3,1,0,16,4,35.6,37,0,16,normal,0,0.097271,0,33.17
2026-07-26 15:00:00,user_11,analyst,15,0,1,1,0,11,5,19.38,33,0,10,normal,0,0.175771,0,3.45
2026-07-07 15:00:00,user_25,employee,15,0,1,1,0,3,2,35.48,13,0,3,normal,0,0.152484,0,12.27
2026-07-07 12:00:00,user_28,employee,12,13,0,4,1,3,2,10.21,8,0,2,brute_force,1,-0.091562,1,84.86
2026-07-15 15:00:00,user_21,employee,15,0,1,1,0,5,6,24.93,11,0,3,normal,0,0.160644,0,9.18
2026-07-27 10:00:00,user_12,analyst,10,1,1,1,0,11,6,29.75,34,0,8,normal,0,0.148345,0,13.84
2026-07-15 12:00:00,user_16,employee,12,0,1,2,0,15,3,4.74,4,0,9,normal,0,0.073731,0,42.09
2026-07-26 18:00:00,user_04,admin,18,0,3,1,0,13,4,58.24,17,2,8,normal,0,0.080251,0,39.62
2026-07-08 12:00:00,user_05,analyst,12,1,2,1,0,14,5,50.04,36,0,10,normal,0,0.146899,0,14.38
2026-07-13 12:00:00,user_18,employee,12,0,2,2,0,9,3,22.04,7,0,7,normal,0,0.115377,0,26.32
2026-07-01 13:00:00,user_01,admin,13,0,1,1,0,14,2,27.08,28,3,12,normal,0,0.094872,0,34.08
2026-07-06 11:00:00,user_20,employee,11,0,1,1,0,14,5,27.12,9,0,7,normal,0,0.186922,0,0.0
2026-07-01 11:00:00,user_14,employee,11,0,1,1,0,11,2,20.56,13,0,7,normal,0,0.192856,0,0.0
2026-07-26 10:00:00,user_07,analyst,10,0,1,1,0,19,2,97.78,32,0,15,normal,0,0.104133,0,30.58
2026-07-20 09:00:00,user_21,employee,9,26,1,4,1,13,2,20.59,11,0,7,brute_force,1,-0.073563,1,81.94
2026-07-13 15:00:00,user_17,employee,15,0,1,1,0,154,252,2901.69,11,0,119,data_exfiltration,1,-0.072718,1,81.8
2026-07-10 12:00:00,user_02,admin,12,0,5,1,0,21,1,56.77,20,3,13,normal,0,-0.033226,1,75.39
2026-07-24 04:00:00,user_17,employee,4,7,2,9,1,2,135,1109.91,177,10,135,mixed_anomaly,1,-0.214822,1,100.0
2026-07-18 04:00:00,user_03,admin,4,9,2,5,1,11,69,1599.34,189,2,93,mixed_anomaly,1,-0.196302,1,100.0
2026-07-25 12:00:00,user_09,analyst,12,1,3,1,0,20,3,56.24,39,0,18,normal,0,0.032502,0,57.69
2026-07-10 03:00:00,user_06,analyst,3,1,3,5,1,15,5,27.76,25,0,10,suspicious_login,1,-0.080644,1,83.09
2026-07-18 10:00:00,user_10,analyst,10,19,1,2,0,15,4,225.99,23,0,14,brute_force,1,-0.072809,1,81.81
2026-07-07 12:00:00,user_26,employee,12,1,1,1,0,7,3,7.49,10,0,5,normal,0,0.17339,0,4.35
2026-07-24 16:00:00,user_14,employee,16,1,2,1,0,8,3,17.25,7,0,4,normal,0,0.163592,0,8.06
2026-07-06 12:00:00,user_13,employee,12,10,0,2,1,12,1,33.22,11,0,7,brute_force,1,-0.073651,1,81.95
2026-07-22 05:00:00,user_26,employee,5,3,1,3,1,4,3,17.63,9,0,3,suspicious_login,1,-0.084784,1,83.76
2026-07-29 10:00:00,user_19,employee,10,0,1,1,0,4,2,25.14,217,7,39,privilege_misuse,1,-0.073264,1,81.89
2026-07-30 11:00:00,user_22,employee,11,1,2,1,0,6,2,12.95,9,0,4,normal,0,0.166254,0,7.06
2026-07-08 09:00:00,user_30,employee,9,0,2,1,1,279,158,5795.52,10,0,219,data_exfiltration,1,-0.128765,1,90.89
2026-07-09 13:00:00,user_07,analyst,13,0,1,1,0,18,7,52.02,292,15,81,privilege_misuse,1,-0.059742,1,79.69
2026-07-22 11:00:00,user_15,employee,11,0,1,1,1,9,3,21.97,5,0,6,normal,0,0.068862,0,43.93
2026-07-01 11:00:00,user_20,employee,11,0,1,1,0,8,2,62.65,6,0,7,normal,0,0.193104,0,0.0
2026-07-19 16:00:00,user_19,employee,16,0,1,2,0,9,2,9.6,11,0,6,normal,0,0.095652,0,33.79
2026-07-02 12:00:00,user_02,admin,12,1,1,2,0,10,3,12.83,30,2,9,normal,0,0.014523,0,64.5
2026-07-18 10:00:00,user_19,employee,10,1,2,1,0,9,3,20.71,8,0,4,normal,0,0.169987,0,5.64
2026-07-15 13:00:00,user_16,employee,13,0,1,1,1,8,4,26.53,10,0,4,normal,0,0.070049,0,43.48
2026-07-12 17:00:00,user_08,analyst,17,1,3,1,0,9,5,93.9,32,0,7,normal,0,0.086793,0,37.14
2026-07-25 20:00:00,user_24,employee,20,1,2,1,0,7,5,64.89,6,0,5,normal,0,0.107622,0,29.25
2026-07-27 08:00:00,user_27,employee,8,0,1,1,0,8,6,14.29,10,0,5,normal,0,0.160368,0,9.29
2026-07-04 14:00:00,user_29,employee,14,0,1,1,0,6,4,67.47,8,0,3,normal,0,0.180099,0,1.81
2026-07-04 08:00:00,user_05,analyst,8,1,1,1,0,11,3,16.99,38,0,9,normal,0,0.126821,0,21.99
2026-07-18 12:00:00,user_27,employee,12,18,1,3,1,7,3,7.65,10,0,6,brute_force,1,-0.065567,1,80.64
2026-07-26 14:00:00,user_10,analyst,14,1,1,1,0,18,1,148.53,29,0,13,normal,0,0.05631,0,48.68
2026-07-21 11:00:00,user_20,employee,11,0,1,1,0,6,3,25.43,12,0,5,normal,0,0.198616,0,0.0
2026-07-20 13:00:00,user_25,employee,13,13,0,1,0,9,6,61.45,7,0,7,brute_force,1,0.073585,0,42.14
2026-07-05 17:00:00,user_21,employee,17,13,0,3,0,4,3,40.74,9,0,2,brute_force,1,-0.023678,1,73.84
2026-07-13 01:00:00,user_27,employee,1,5,1,3,1,10,3,46.79,7,0,7,suspicious_login,1,-0.080854,1,83.12
2026-07-24 12:00:00,user_23,employee,12,0,1,1,0,11,2,91.02,8,0,7,normal,0,0.174515,0,3.93
2026-07-23 12:00:00,user_15,employee,12,0,3,1,0,6,2,38.89,12,0,5,normal,0,0.168458,0,6.22
2026-07-25 09:00:00,user_17,employee,9,0,1,1,0,11,2,9.2,5,0,5,normal,0,0.174714,0,3.85
2026-07-18 12:00:00,user_17,employee,12,0,2,1,0,11,2,50.97,6,0,7,normal,0,0.187469,0,0.0
2026-07-13 16:00:00,user_21,employee,16,1,2,1,0,9,2,7.26,10,0,6,normal,0,0.154692,0,11.43
2026-07-21 01:00:00,user_24,employee,1,13,1,8,1,12,81,5129.72,142,8,47,mixed_anomaly,1,-0.210845,1,100.0
2026-07-18 12:00:00,user_09,analyst,12,0,3,1,0,13,3,53.98,30,0,9,normal,0,0.153424,0,11.91
2026-07-24 10:00:00,user_10,analyst,10,0,1,2,1,12,9,12.19,42,0,8,normal,0,-0.052367,1,78.5
2026-07-08 16:00:00,user_14,employee,16,0,2,1,0,11,3,9.8,9,0,5,normal,0,0.173903,0,4.16
2026-07-18 12:00:00,user_03,admin,12,0,1,1,0,9,4,43.3,21,2,7,normal,0,0.138395,0,17.6
2026-07-09 12:00:00,user_19,employee,12,0,5,2,0,11,4,19.78,6,0,7,normal,0,0.02647,0,59.98
2026-07-09 12:00:00,user_02,admin,12,0,1,1,0,11,8,7.86,27,2,10,normal,0,0.089691,0,36.04
2026-07-01 11:00:00,user_16,employee,11,2,2,1,0,174,291,1966.25,7,0,195,data_exfiltration,1,-0.101071,1,86.4
2026-07-03 18:00:00,user_28,employee,18,0,1,1,0,12,5,55.84,295,14,65,privilege_misuse,1,-0.051722,1,78.39
2026-07-15 14:00:00,user_11,analyst,14,0,3,1,0,14,7,69.74,41,0,10,normal,0,0.106298,0,29.76
2026-07-27 20:00:00,user_27,employee,20,1,2,1,0,7,4,35.29,13,0,4,normal,0,0.117207,0,25.63
2026-07-10 08:00:00,user_09,analyst,8,0,1,1,0,166,230,4695.9,27,0,81,data_exfiltration,1,-0.075181,1,82.2
2026-07-05 15:00:00,user_19,employee,15,0,2,1,0,7,4,46.85,5,0,3,normal,0,0.171143,0,5.21
2026-07-05 11:00:00,user_23,employee,11,1,1,1,0,7,1,8.18,8,0,4,normal,0,0.1563,0,10.83
2026-07-23 11:00:00,user_17,employee,11,0,3,1,0,4,3,28.15,302,19,71,privilege_misuse,1,-0.075098,1,82.19
2026-07-18 14:00:00,user_11,analyst,14,0,1,1,0,10,8,51.41,37,0,7,normal,0,0.140361,0,16.86
2026-07-23 13:00:00,user_04,admin,13,0,1,1,0,8,2,32.69,27,3,8,normal,0,0.096117,0,33.61
2026-07-06 08:00:00,user_17,employee,8,1,1,1,0,15,2,10.02,6,0,8,normal,0,0.137941,0,17.78
2026-07-15 23:00:00,user_04,admin,23,1,2,3,1,11,5,47.9,21,3,6,suspicious_login,1,-0.098177,1,85.93
2026-07-02 04:00:00,user_04,admin,4,13,1,3,1,9,176,4250.31,352,0,83,mixed_anomaly,1,-0.184716,1,99.97
2026-07-04 11:00:00,user_16,employee,11,1,3,1,0,410,231,5867.3,2,0,131,data_exfiltration,1,-0.107768,1,87.49
2026-07-04 13:00:00,user_16,employee,13,0,1,1,0,9,3,16.22,16,0,8,normal,0,0.192209,0,0.0
2026-07-06 19:00:00,user_10,analyst,19,1,2,1,0,12,6,93.58,34,0,9,normal,0,0.084774,0,37.9
2026-07-02 04:00:00,user_25,employee,4,2,1,8,1,6,3,44.63,3,0,4,suspicious_login,1,-0.075704,1,82.28
2026-07-06 07:00:00,user_30,employee,7,0,1,1,0,10,4,11.29,8,0,9,normal,0,0.162808,0,8.36
2026-07-07 13:00:00,user_01,admin,13,1,1,1,0,19,4,50.74,29,3,14,normal,0,0.052067,0,50.29
2026-07-24 18:00:00,user_24,employee,18,0,1,1,0,13,4,34.57,246,12,63,privilege_misuse,1,-0.047982,1,77.79
2026-07-29 18:00:00,user_29,employee,18,0,2,1,1,12,8,110.54,9,0,8,normal,0,-0.018753,1,73.04
2026-07-21 15:00:00,user_19,employee,15,20,0,4,0,9,2,50.39,9,0,5,brute_force,1,0.011514,0,65.64
2026-07-19 09:00:00,user_20,employee,9,25,1,3,1,10,4,7.65,7,0,4,brute_force,1,-0.079537,1,82.91
2026-07-02 15:00:00,user_12,analyst,15,1,1,1,0,16,6,33.43,39,0,12,normal,0,0.125595,0,22.45
2026-07-19 15:00:00,user_06,analyst,15,0,1,1,0,312,138,7545.46,43,0,101,data_exfiltration,1,-0.083074,1,83.48
2026-07-26 14:00:00,user_06,analyst,14,0,2,1,0,18,5,252.38,39,0,12,normal,0,0.050637,0,50.83
2026-07-27 08:00:00,user_13,employee,8,0,3,1,0,7,7,73.71,8,0,6,normal,0,0.114584,0,26.62
2026-07-26 07:00:00,user_18,employee,7,0,1,1,0,10,2,80.62,3,0,4,normal,0,0.1417,0,16.35
2026-07-17 15:00:00,user_09,analyst,15,0,1,1,0,15,7,64.5,28,0,11,normal,0,0.153266,0,11.97
2026-07-01 03:00:00,user_13,employee,3,19,1,6,1,9,56,2924.99,466,4,98,mixed_anomaly,1,-0.203573,1,100.0
2026-07-13 03:00:00,user_23,employee,3,11,2,8,1,5,71,1448.23,345,6,83,mixed_anomaly,1,-0.213564,1,100.0
2026-07-13 15:00:00,user_13,employee,15,1,1,1,0,8,8,33.24,271,19,22,privilege_misuse,1,-0.076838,1,82.47
2026-07-28 13:00:00,user_22,employee,13,0,2,1,0,14,2,60.94,14,0,7,normal,0,0.176015,0,3.36
2026-07-29 10:00:00,user_09,analyst,10,1,2,1,0,17,4,71.07,36,0,16,normal,0,0.095143,0,33.98
2026-07-04 15:00:00,user_23,employee,15,2,1,1,0,6,7,20.7,8,0,3,normal,0,0.08581,0,37.51
2026-07-03 11:00:00,user_08,analyst,11,1,1,1,0,13,5,33.16,26,0,10,normal,0,0.160518,0,9.23
2026-07-21 07:00:00,user_27,employee,7,0,6,1,0,8,4,67.84,7,0,4,normal,0,0.047195,0,52.13
2026-07-01 10:00:00,user_15,employee,10,0,1,1,0,5,8,76.34,10,0,4,normal,0,0.132674,0,19.77
2026-07-03 13:00:00,user_08,analyst,13,25,0,1,0,21,5,50.45,30,0,14,brute_force,1,0.023738,0,61.01
2026-07-19 09:00:00,user_11,analyst,9,0,2,1,0,14,5,97.56,36,0,12,normal,0,0.126251,0,22.2
2026-07-03 13:00:00,user_06,analyst,13,0,1,1,0,17,2,22.81,27,0,13,normal,0,0.156781,0,10.64
2026-07-16 12:00:00,user_19,employee,12,0,4,1,0,270,190,8967.24,11,0,182,data_exfiltration,1,-0.099479,1,86.14
2026-07-18 10:00:00,user_18,employee,10,0,2,1,0,9,1,4.44,7,0,7,normal,0,0.167359,0,6.64
2026-07-22 05:00:00,user_06,analyst,5,5,1,4,1,17,5,207.45,30,0,14,suspicious_login,1,-0.142939,1,93.19
2026-07-22 09:00:00,user_21,employee,9,2,2,1,0,7,3,45.16,9,0,5,normal,0,0.121697,0,23.93
2026-07-18 09:00:00,user_04,admin,9,0,1,2,0,9,5,72.57,32,1,7,normal,0,0.046608,0,52.35
2026-07-27 12:00:00,user_13,employee,12,0,1,1,0,126,206,7750.51,8,0,95,data_exfiltration,1,-0.070976,1,81.52
2026-07-30 19:00:00,user_14,employee,19,0,1,1,0,2,4,15.13,11,0,2,normal,0,0.103089,0,30.97
2026-07-23 11:00:00,user_21,employee,11,0,1,2,0,11,3,44.7,245,9,25,privilege_misuse,1,-0.086798,1,84.08
2026-07-11 12:00:00,user_02,admin,12,1,1,1,0,15,5,36.24,26,3,12,normal,0,0.076489,0,41.04
2026-07-15 09:00:00,user_05,analyst,9,0,1,1,0,12,4,107.45,42,0,12,normal,0,0.10741,0,29.33
2026-07-27 10:00:00,user_21,employee,10,1,3,1,0,9,3,27.93,10,0,5,normal,0,0.148287,0,13.86
2026-07-06 07:00:00,user_06,analyst,7,0,1,1,0,18,9,126.54,133,5,65,privilege_misuse,1,-0.110842,1,87.98
2026-07-16 10:00:00,user_05,analyst,10,1,1,2,0,16,3,98.1,41,0,12,normal,0,0.001685,0,69.36
2026-07-17 01:00:00,user_02,admin,1,9,1,9,1,15,118,4001.58,154,4,58,mixed_anomaly,1,-0.20192,1,100.0
2026-07-25 13:00:00,user_02,admin,13,24,0,2,1,10,2,30.02,20,4,6,brute_force,1,-0.119402,1,89.37
2026-07-06 09:00:00,user_19,employee,9,1,1,1,0,166,159,1531.69,6,0,160,data_exfiltration,1,-0.080552,1,83.07
2026-07-25 09:00:00,user_24,employee,9,0,1,1,0,9,6,126.3,4,0,6,normal,0,0.112367,0,27.46
2026-07-24 16:00:00,user_03,admin,16,0,1,1,0,8,0,107.96,22,4,8,normal,0,0.014442,0,64.53
2026-07-29 12:00:00,user_26,employee,12,0,1,1,0,8,3,51.32,7,0,3,normal,0,0.190775,0,0.0
2026-07-05 09:00:00,user_04,admin,9,0,4,1,0,8,6,15.79,25,1,5,normal,0,0.07413,0,41.93
2026-07-13 12:00:00,user_11,analyst,12,0,1,1,0,20,6,57.65,323,20,20,privilege_misuse,1,-0.061704,1,80.01
2026-07-30 09:00:00,user_23,employee,9,0,1,1,0,9,3,36.97,10,0,7,normal,0,0.194287,0,0.0
2026-07-11 13:00:00,user_07,analyst,13,0,1,1,0,13,9,48.45,30,0,11,normal,0,0.141962,0,16.25
2026-07-20 13:00:00,user_13,employee,13,0,1,1,0,7,3,28.28,8,0,5,normal,0,0.202987,0,0.0
2026-07-06 09:00:00,user_08,analyst,9,0,3,1,0,12,3,66.32,42,0,11,normal,0,0.105619,0,30.01
2026-07-08 11:00:00,user_06,analyst,11,0,1,1,0,17,3,70.06,35,0,14,normal,0,0.145488,0,14.92
2026-07-15 01:00:00,user_08,analyst,1,10,1,7,1,17,63,5739.93,159,8,99,mixed_anomaly,1,-0.213355,1,100.0
2026-07-14 03:00:00,user_14,employee,3,19,1,4,1,11,101,4502.91,438,4,49,mixed_anomaly,1,-0.20254,1,100.0
2026-07-04 10:00:00,user_07,analyst,10,0,2,1,0,9,4,22.09,40,0,10,normal,0,0.142964,0,15.87
2026-07-23 10:00:00,user_20,employee,10,0,1,1,0,10,3,37.22,3,0,6,normal,0,0.189503,0,0.0
2026-07-27 17:00:00,user_25,employee,17,1,2,1,0,11,4,16.28,10,0,6,normal,0,0.156575,0,10.72
2026-07-23 10:00:00,user_10,analyst,10,0,2,1,0,12,4,16.65,42,0,11,normal,0,0.12982,0,20.85
2026-07-05 09:00:00,user_11,analyst,9,0,3,2,0,12,7,87.1,35,0,10,normal,0,0.01254,0,65.25
2026-07-24 14:00:00,user_26,employee,14,1,1,1,0,9,3,51.36,6,0,7,normal,0,0.181026,0,1.46
2026-07-11 09:00:00,user_09,analyst,9,0,2,1,0,12,5,48.91,30,0,10,normal,0,0.16497,0,7.54
2026-07-15 08:00:00,user_27,employee,8,0,1,1,0,7,6,23.67,9,0,4,normal,0,0.160509,0,9.23
2026-07-07 13:00:00,user_17,employee,13,0,4,1,0,9,4,5.99,6,0,7,normal,0,0.131572,0,20.19
2026-07-15 12:00:00,user_28,employee,12,0,1,1,0,9,6,41.25,10,0,5,normal,0,0.187878,0,0.0
2026-07-16 15:00:00,user_15,employee,15,0,1,1,0,6,4,45.71,306,23,24,privilege_misuse,1,-0.054281,1,78.81
2026-07-23 17:00:00,user_21,employee,17,1,1,1,0,7,4,4.93,5,0,3,normal,0,0.135791,0,18.59
2026-07-09 13:00:00,user_03,employee,13,0,1,1,0,8,4,14.32,145,8,59,privilege_misuse,1,-0.051432,1,78.35
2026-07-25 16:00:00,user_15,employee,16,0,1,1,0,10,3,19.52,9,0,6,normal,0,0.192163,0,0.0
2026-07-07 10:00:00,user_09,analyst,10,1,1,1,0,11,7,26.34,28,0,9,normal,0,0.139281,0,17.27
2026-07-19 18:00:00,user_01,admin,18,1,1,1,0,17,4,12.74,30,0,14,normal,0,0.095355,0,33.9
2026-07-27 02:00:00,user_25,employee,2,13,1,3,1,3,178,3716.42,317,5,102,mixed_anomaly,1,-0.212308,1,100.0
2026-07-19 06:00:00,user_23,employee,6,0,1,1,0,5,2,41.58,6,0,2,normal,0,0.132102,0,19.99
2026-07-27 10:00:00,user_14,employee,10,0,1,1,0,5,0,32.48,10,0,3,normal,0,0.146455,0,14.55
2026-07-18 06:00:00,user_16,employee,6,0,1,1,0,5,1,24.23,6,0,4,normal,0,0.141485,0,16.43
2026-07-22 15:00:00,user_07,analyst,15,0,1,1,0,14,4,138.18,27,0,9,normal,0,0.129535,0,20.96
2026-07-25 12:00:00,user_19,employee,12,2,2,1,0,10,2,63.33,6,0,8,normal,0,0.124468,0,22.88
2026-07-23 09:00:00,user_05,analyst,9,0,1,1,0,14,1,48.73,39,0,8,normal,0,0.142095,0,16.2
2026-07-06 10:00:00,user_04,admin,10,0,1,2,0,14,5,43.72,19,2,7,normal,0,0.04194,0,54.12
2026-07-09 17:00:00,user_28,employee,17,0,1,1,1,9,0,117.87,140,22,23,privilege_misuse,1,-0.141961,1,93.03
2026-07-02 12:00:00,user_09,analyst,12,2,1,1,0,19,8,93.46,35,0,11,normal,0,0.040599,0,54.63
2026-07-28 11:00:00,user_18,employee,11,1,4,1,0,10,4,7.57,14,0,6,normal,0,0.111875,0,27.64
2026-07-16 07:00:00,user_01,employee,7,2,1,1,0,11,1,17.69,141,8,83,privilege_misuse,1,-0.106807,1,87.33
2026-07-01 12:00:00,user_04,admin,12,0,1,1,0,16,3,44.24,30,3,15,normal,0,0.074991,0,41.61
2026-07-15 12:00:00,user_07,analyst,12,2,1,1,0,22,4,25.61,39,0,17,normal,0,0.007796,0,67.05
2026-07-06 08:00:00,user_21,employee,8,0,1,1,0,10,4,17.58,7,0,8,normal,0,0.177143,0,2.93
2026-07-19 05:00:00,user_04,admin,5,5,2,3,1,21,4,61.6,24,2,12,suspicious_login,1,-0.141641,1,92.98
2026-07-25 14:00:00,user_22,employee,14,0,1,1,0,13,2,23.58,12,0,11,normal,0,0.174231,0,4.04
2026-07-08 13:00:00,user_01,admin,13,1,1,1,0,15,6,5.76,30,2,12,normal,0,0.072905,0,42.4
2026-07-25 13:00:00,user_21,employee,13,1,3,1,0,3,4,33.08,7,0,2,normal,0,0.115311,0,26.34
2026-07-23 13:00:00,user_27,employee,13,21,1,3,1,6,5,40.47,11,0,4,brute_force,1,-0.077663,1,82.6
2026-07-21 02:00:00,user_21,employee,2,3,4,8,1,11,2,5.92,5,0,8,suspicious_login,1,-0.110142,1,87.87
2026-07-05 20:00:00,user_08,analyst,20,1,1,1,0,13,4,10.57,20,0,10,normal,0,0.104793,0,30.33
2026-07-26 10:00:00,user_11,analyst,10,0,1,1,0,13,6,52.45,24,0,9,normal,0,0.170171,0,5.57
2026-07-26 15:00:00,user_22,employee,15,29,0,1,1,10,1,11.4,13,0,5,brute_force,1,-0.024676,1,74.0
2026-07-06 13:00:00,user_13,employee,13,0,1,1,0,12,3,23.57,10,0,6,normal,0,0.200258,0,0.0
2026-07-17 04:00:00,user_24,employee,4,11,1,4,1,7,129,2571.09,213,5,151,mixed_anomaly,1,-0.210219,1,100.0
2026-07-15 13:00:00,user_14,employee,13,0,1,1,0,14,4,10.62,3,0,9,normal,0,0.16626,0,7.05
2026-07-13 13:00:00,user_23,employee,13,0,2,1,0,10,2,27.93,8,0,7,normal,0,0.195411,0,0.0
2026-07-26 09:00:00,user_02,admin,9,0,2,1,0,12,3,49.55,26,1,8,normal,0,0.138495,0,17.57
2026-07-16 11:00:00,user_11,analyst,11,0,2,1,0,18,7,17.15,31,0,16,normal,0,0.100495,0,31.95
2026-07-24 03:00:00,user_18,employee,3,2,1,3,1,11,3,22.72,6,0,5,suspicious_login,1,-0.06255,1,80.15
2026-07-07 12:00:00,user_24,employee,12,1,1,1,1,4,1,29.82,10,0,4,normal,0,0.035532,0,56.55
2026-07-12 11:00:00,user_15,employee,11,0,1,1,0,5,2,63.16,4,0,3,normal,0,0.169092,0,5.98
2026-07-22 17:00:00,user_24,employee,17,0,1,1,0,14,2,43.9,7,0,6,normal,0,0.17062,0,5.4
2026-07-13 14:00:00,user_10,analyst,14,1,2,1,0,17,5,7.77,32,0,11,normal,0,0.116721,0,25.81
2026-07-27 14:00:00,user_14,employee,14,0,5,1,0,6,3,52.38,10,0,4,normal,0,0.09905,0,32.5
2026-07-02 04:00:00,user_08,analyst,4,2,1,6,1,13,9,18.78,39,0,12,suspicious_login,1,-0.108665,1,87.63
2026-07-13 14:00:00,user_05,analyst,14,0,3,1,0,21,2,32.39,33,0,17,normal,0,0.051845,0,50.37
2026-07-22 11:00:00,user_14,employee,11,0,3,2,0,333,218,2444.41,7,0,141,data_exfiltration,1,-0.123041,1,89.96
2026-07-29 12:00:00,user_28,employee,12,0,1,1,0,10,2,39.0,186,11,32,privilege_misuse,1,-0.04638,1,77.53
2026-07-14 04:00:00,user_24,employee,4,5,1,3,1,7,1,24.91,10,0,4,suspicious_login,1,-0.088058,1,84.29
2026-07-30 13:00:00,user_18,employee,13,0,1,1,0,17,1,17.25,12,0,11,normal,0,0.143411,0,15.71
2026-07-08 03:00:00,user_14,employee,3,6,3,9,1,8,163,2296.98,234,8,82,mixed_anomaly,1,-0.216292,1,100.0
2026-07-10 12:00:00,user_19,employee,12,0,1,2,0,5,4,23.65,182,15,52,privilege_misuse,1,-0.099044,1,86.07
2026-07-17 14:00:00,user_14,employee,14,0,2,1,0,7,3,49.7,6,0,5,normal,0,0.190327,0,0.0
2026-07-01 13:00:00,user_03,admin,13,2,5,1,0,14,4,29.9,26,5,12,normal,0,-0.051951,1,78.43
2026-07-21 16:00:00,user_15,employee,16,0,2,1,0,8,1,16.87,7,0,5,normal,0,0.17048,0,5.46
2026-07-07 16:00:00,user_24,employee,16,0,1,1,0,285,153,6520.32,7,0,181,data_exfiltration,1,-0.081925,1,83.29
2026-07-11 14:00:00,user_04,admin,14,0,1,1,0,10,5,53.96,27,1,9,normal,0,0.157509,0,10.37
2026-07-21 15:00:00,user_07,analyst,15,1,1,1,0,19,7,69.32,36,0,13,normal,0,0.100084,0,32.11
2026-07-23 18:00:00,user_04,admin,18,0,1,1,0,6,2,32.55,21,1,4,normal,0,0.115785,0,26.16
2026-07-10 11:00:00,user_12,analyst,11,0,4,1,1,18,7,14.87,43,0,13,normal,0,-0.033199,1,75.39
2026-07-09 15:00:00,user_03,admin,15,0,2,1,0,11,2,48.69,31,1,8,normal,0,0.137327,0,18.01
2026-07-09 18:00:00,user_05,analyst,18,0,1,2,0,19,4,27.82,40,0,13,normal,0,0.033281,0,57.4
2026-07-11 09:00:00,user_15,employee,9,0,3,1,0,2,2,14.12,164,21,60,privilege_misuse,1,-0.094401,1,85.32
2026-07-06 15:00:00,user_09,analyst,15,0,1,1,0,17,11,10.43,27,0,9,normal,0,0.088065,0,36.66
2026-07-09 16:00:00,user_09,analyst,16,0,1,2,1,10,2,32.61,29,0,10,normal,0,-0.021463,1,73.48
2026-07-24 11:00:00,user_24,employee,11,0,1,1,0,7,3,23.75,6,0,5,normal,0,0.200678,0,0.0
2026-07-04 14:00:00,user_16,employee,14,0,2,1,0,7,2,25.64,12,0,5,normal,0,0.189377,0,0.0
2026-07-30 15:00:00,user_15,employee,15,0,1,1,0,9,3,34.5,9,0,5,normal,0,0.200191,0,0.0
2026-07-10 11:00:00,user_12,analyst,11,1,1,1,0,14,6,14.57,36,0,9,normal,0,0.140266,0,16.9
2026-07-01 11:00:00,user_12,analyst,11,1,2,1,0,22,3,22.61,33,0,16,normal,0,0.059919,0,47.31
2026-07-19 13:00:00,user_02,admin,13,1,2,1,0,11,2,6.59,26,3,11,normal,0,0.061604,0,46.68
2026-07-27 10:00:00,user_22,employee,10,0,1,1,0,7,5,33.88,242,21,62,privilege_misuse,1,-0.060094,1,79.75
2026-07-05 10:00:00,user_17,employee,10,0,1,1,0,6,3,25.18,263,6,22,privilege_misuse,1,-0.056616,1,79.19
2026-07-21 00:00:00,user_01,admin,0,13,2,4,1,10,120,4677.23,175,4,130,mixed_anomaly,1,-0.202266,1,100.0
2026-07-19 11:00:00,user_01,admin,11,0,1,1,0,16,5,50.59,28,1,9,normal,0,0.143636,0,15.62
2026-07-27 07:00:00,user_27,employee,7,1,2,2,0,10,2,55.05,13,0,6,normal,0,0.053891,0,49.6
2026-07-14 11:00:00,user_03,admin,11,0,1,1,0,20,3,68.73,26,1,13,normal,0,0.105138,0,30.19
2026-07-13 13:00:00,user_28,employee,13,27,1,3,1,5,1,40.15,5,0,4,brute_force,1,-0.080793,1,83.11
2026-07-28 17:00:00,user_02,admin,17,0,2,1,0,13,3,27.2,17,1,9,normal,0,0.130456,0,20.61
2026-07-26 13:00:00,user_11,analyst,13,2,1,1,0,12,4,3.56,35,0,10,normal,0,0.084418,0,38.04
2026-07-02 11:00:00,user_30,employee,11,0,1,1,0,4,4,28.36,6,0,3,normal,0,0.175372,0,3.6
2026-07-21 03:00:00,user_23,employee,3,11,2,3,1,10,124,3645.4,306,8,73,mixed_anomaly,1,-0.210568,1,100.0
2026-07-04 07:00:00,user_16,employee,7,1,1,1,0,8,5,78.99,9,0,5,normal,0,0.136349,0,18.38
2026-07-25 09:00:00,user_22,employee,9,0,1,1,0,11,0,25.35,10,0,6,normal,0,0.156246,0,10.85
2026-07-20 17:00:00,user_21,employee,17,19,0,2,0,11,4,26.72,8,0,7,brute_force,1,-0.003115,1,70.51
2026-07-27 17:00:00,user_21,employee,17,0,1,1,0,9,6,14.59,10,0,4,normal,0,0.160877,0,9.09
2026-07-13 10:00:00,user_29,employee,10,0,2,1,0,7,2,24.45,167,22,47,privilege_misuse,1,-0.068082,1,81.05
2026-07-26 01:00:00,user_24,employee,1,6,1,6,1,6,73,3810.74,381,8,45,mixed_anomaly,1,-0.212936,1,100.0
2026-07-22 02:00:00,user_22,employee,2,18,1,7,1,7,85,5561.63,259,10,117,mixed_anomaly,1,-0.212727,1,100.0
2026-07-22 17:00:00,user_22,employee,17,1,1,1,0,9,3,46.68,307,13,37,privilege_misuse,1,-0.061911,1,80.05
2026-07-01 14:00:00,user_22,employee,14,0,1,1,0,1,3,13.29,310,5,21,privilege_misuse,1,-0.057137,1,79.27
2026-07-08 10:00:00,user_16,employee,10,0,1,1,0,15,7,67.85,8,0,7,normal,0,0.148151,0,13.91
2026-07-01 18:00:00,user_10,analyst,18,0,1,1,0,13,2,42.11,35,0,9,normal,0,0.148805,0,13.66
2026-07-28 09:00:00,user_25,employee,9,1,1,1,0,4,3,31.93,5,0,3,normal,0,0.149285,0,13.48
2026-07-24 14:00:00,user_08,analyst,14,0,1,1,0,23,8,39.02,41,0,15,normal,0,0.066455,0,44.84
2026-07-13 12:00:00,user_16,employee,12,1,1,1,0,10,3,67.94,10,0,8,normal,0,0.176375,0,3.22
2026-07-23 07:00:00,user_03,admin,7,0,1,1,0,17,2,19.93,33,2,11,normal,0,0.087139,0,37.01
2026-07-29 19:00:00,user_26,employee,19,1,1,2,0,18,8,10.5,4,0,8,normal,0,-0.009995,1,71.62
2026-07-23 15:00:00,user_27,employee,15,0,2,1,0,9,3,67.8,10,0,5,normal,0,0.184474,0,0.16
2026-07-17 11:00:00,user_08,analyst,11,1,2,1,0,18,4,78.44,32,0,16,normal,0,0.095404,0,33.88
2026-07-01 11:00:00,user_13,employee,11,1,2,1,0,4,1,42.05,5,0,3,normal,0,0.133587,0,19.42
2026-07-12 15:00:00,user_25,employee,15,1,2,1,0,4,5,18.01,8,0,3,normal,0,0.133601,0,19.42
2026-07-05 04:00:00,user_10,analyst,4,3,1,6,1,14,12,9.79,40,0,12,suspicious_login,1,-0.130105,1,91.11
2026-07-20 13:00:00,user_19,employee,13,0,2,1,0,7,2,29.69,8,0,4,normal,0,0.193187,0,0.0
2026-07-09 12:00:00,user_11,analyst,12,0,2,1,0,287,309,3099.91,37,0,56,data_exfiltration,1,-0.079048,1,82.83
2026-07-04 15:00:00,user_28,employee,15,0,1,1,0,8,2,7.52,8,0,4,normal,0,0.186863,0,0.0
2026-07-28 12:00:00,user_23,employee,12,1,3,1,0,6,5,26.17,9,0,3,normal,0,0.137373,0,17.99
2026-07-26 10:00:00,user_24,employee,10,1,2,1,0,14,3,55.73,6,0,10,normal,0,0.143832,0,15.55
2026-07-07 11:00:00,user_07,analyst,11,0,1,1,0,18,3,59.15,173,23,60,privilege_misuse,1,-0.054884,1,78.91
2026-07-04 16:00:00,user_07,analyst,16,0,1,1,0,17,8,49.9,34,0,10,normal,0,0.131722,0,20.13
2026-07-01 12:00:00,user_06,analyst,12,1,4,1,0,19,8,10.21,29,0,10,normal,0,0.048875,0,51.5
2026-07-30 12:00:00,user_22,employee,12,1,1,1,0,4,2,36.98,4,0,4,normal,0,0.155732,0,11.04
2026-07-30 12:00:00,user_22,employee,12,0,1,2,0,415,89,2396.47,9,0,192,data_exfiltration,1,-0.107568,1,87.45
2026-07-01 12:00:00,user_13,employee,12,1,1,1,0,8,2,9.53,8,0,5,normal,0,0.175991,0,3.37
2026-07-25 13:00:00,user_19,employee,13,0,1,1,0,8,6,36.45,10,0,4,normal,0,0.183619,0,0.48
2026-07-01 12:00:00,user_21,employee,12,0,2,1,0,8,6,13.21,333,6,88,privilege_misuse,1,-0.061218,1,79.93
2026-07-14 10:00:00,user_28,employee,10,0,1,1,0,6,3,56.51,5,0,5,normal,0,0.18633,0,0.0
2026-07-29 09:00:00,user_30,employee,9,1,1,1,1,5,1,13.42,8,0,4,normal,0,0.037649,0,55.75
2026-07-19 11:00:00,user_25,employee,11,0,2,1,0,377,205,6112.41,2,0,90,data_exfiltration,1,-0.089806,1,84.57
2026-07-16 17:00:00,user_11,analyst,17,0,1,1,0,15,4,186.21,40,0,14,normal,0,0.058067,0,48.02
2026-07-25 14:00:00,user_06,analyst,14,0,1,1,0,13,6,41.75,35,0,10,normal,0,0.169382,0,5.87
2026-07-27 16:00:00,user_15,employee,16,1,1,1,0,5,0,47.3,8,0,3,normal,0,0.12428,0,22.95
2026-07-03 01:00:00,user_02,admin,1,11,1,3,1,15,145,3272.97,363,1,59,mixed_anomaly,1,-0.191672,1,100.0
2026-07-17 14:00:00,user_18,employee,14,0,2,1,0,308,169,6905.46,6,0,214,data_exfiltration,1,-0.081534,1,83.23
2026-07-05 11:00:00,user_13,employee,11,1,2,1,0,6,5,44.59,4,0,3,normal,0,0.146202,0,14.65
2026-07-06 14:00:00,user_25,employee,14,0,1,1,0,5,4,4.88,10,0,4,normal,0,0.175356,0,3.61
2026-07-26 04:00:00,user_18,employee,4,3,1,7,1,14,4,26.45,8,0,7,suspicious_login,1,-0.082847,1,83.44
2026-07-12 15:00:00,user_10,analyst,15,0,1,1,0,19,3,65.57,25,0,15,normal,0,0.125568,0,22.46
2026-07-27 10:00:00,user_27,employee,10,1,1,1,0,11,3,108.02,11,0,5,normal,0,0.134829,0,18.95
2026-07-11 10:00:00,user_05,analyst,10,0,1,1,0,14,5,70.07,34,0,11,normal,0,0.168648,0,6.15
2026-07-20 08:00:00,user_05,analyst,8,0,2,1,0,18,4,55.18,46,0,12,normal,0,0.100006,0,32.14
2026-07-10 01:00:00,user_20,employee,1,8,1,6,1,7,66,1630.09,454,5,160,mixed_anomaly,1,-0.210219,1,100.0
2026-07-06 15:00:00,user_28,employee,15,0,1,2,0,9,5,79.19,144,12,35,privilege_misuse,1,-0.09272,1,85.04
2026-07-03 14:00:00,user_29,employee,14,15,1,1,1,10,2,40.67,5,0,6,brute_force,1,-0.013801,1,72.24
2026-07-15 03:00:00,user_25,employee,3,1,2,7,1,3,7,37.39,3,0,3,suspicious_login,1,-0.087922,1,84.27
2026-07-09 17:00:00,user_24,employee,17,0,1,1,0,6,7,10.67,11,0,4,normal,0,0.13848,0,17.57
2026-07-27 11:00:00,user_26,employee,11,1,2,1,0,10,1,36.34,7,0,6,normal,0,0.160531,0,9.22
2026-07-15 10:00:00,user_22,employee,10,0,1,1,0,4,3,4.58,9,0,4,normal,0,0.164694,0,7.65
2026-07-13 14:00:00,user_22,employee,14,1,2,2,0,12,1,24.65,10,0,9,normal,0,0.056501,0,48.61
2026-07-13 12:00:00,user_20,employee,12,0,1,1,0,12,6,4.61,8,0,8,normal,0,0.16588,0,7.2
2026-07-16 09:00:00,user_19,employee,9,1,2,1,0,4,2,138.22,7,0,3,normal,0,0.076481,0,41.04
2026-07-08 09:00:00,user_12,analyst,9,1,1,1,0,12,3,27.43,40,0,9,normal,0,0.128887,0,21.2
2026-07-28 12:00:00,user_24,employee,12,21,1,1,1,5,0,10.02,7,0,4,brute_force,1,-0.031467,1,75.11
2026-07-29 01:00:00,user_02,admin,1,8,2,3,1,6,164,1268.19,124,2,174,mixed_anomaly,1,-0.200271,1,100.0
2026-07-29 00:00:00,user_09,analyst,0,3,1,3,1,13,5,38.78,40,0,13,suspicious_login,1,-0.110497,1,87.93
2026-07-03 10:00:00,user_26,employee,10,1,2,1,0,14,1,36.12,11,0,11,normal,0,0.125969,0,22.31
2026-07-13 16:00:00,user_07,analyst,16,0,2,1,0,11,7,56.37,30,0,11,normal,0,0.143597,0,15.63
2026-07-10 09:00:00,user_04,admin,9,0,1,1,0,8,5,47.94,29,4,5,normal,0,0.059283,0,47.56
2026-07-12 14:00:00,user_26,employee,14,1,2,1,0,392,240,3511.07,6,0,210,data_exfiltration,1,-0.08441,1,83.7
2026-07-27 02:00:00,user_29,employee,2,2,3,8,1,10,5,25.89,6,0,7,suspicious_login,1,-0.079767,1,82.94
2026-07-03 19:00:00,user_10,analyst,19,1,3,1,0,177,296,4169.79,36,0,152,data_exfiltration,1,-0.127443,1,90.68
2026-07-11 13:00:00,user_28,employee,13,0,1,2,0,9,3,32.17,9,0,8,normal,0,0.118233,0,25.24
2026-07-21 13:00:00,user_23,employee,13,1,2,1,1,435,112,2243.47,8,0,71,data_exfiltration,1,-0.136069,1,92.08
2026-07-23 15:00:00,user_04,admin,15,0,2,1,0,15,3,40.43,26,1,11,normal,0,0.131678,0,20.15
2026-07-29 18:00:00,user_20,employee,18,3,1,1,0,10,1,61.05,346,22,43,privilege_misuse,1,-0.116614,1,88.92
2026-07-25 14:00:00,user_16,employee,14,26,0,4,1,6,5,18.88,7,0,5,brute_force,1,-0.072593,1,81.78
2026-07-15 08:00:00,user_04,admin,8,0,1,1,0,10,3,17.56,25,3,6,normal,0,0.093592,0,34.57
2026-07-07 12:00:00,user_12,analyst,12,0,2,1,0,10,1,53.93,42,0,8,normal,0,0.128274,0,21.44
2026-07-19 14:00:00,user_08,analyst,14,1,1,1,0,16,5,29.02,38,0,12,normal,0,0.13245,0,19.85
2026-07-12 13:00:00,user_06,analyst,13,0,1,1,0,11,7,20.33,170,17,89,privilege_misuse,1,-0.053724,1,78.72
2026-07-08 13:00:00,user_07,analyst,13,0,1,1,0,11,8,198.96,33,0,10,normal,0,0.074662,0,41.73
2026-07-04 12:00:00,user_04,admin,12,0,1,1,0,17,3,55.4,22,1,15,normal,0,0.107418,0,29.33
2026-07-02 15:00:00,user_03,admin,15,0,1,1,0,15,3,40.69,23,0,10,normal,0,0.173147,0,4.45
2026-07-20 16:00:00,user_09,analyst,16,17,0,2,0,16,6,82.19,40,0,11,brute_force,1,-0.042764,1,76.94
2026-07-21 12:00:00,user_17,employee,12,1,3,1,0,10,5,69.74,8,0,6,normal,0,0.139235,0,17.29
2026-07-13 12:00:00,user_06,analyst,12,0,1,1,0,16,6,34.73,31,0,9,normal,0,0.165416,0,7.37
2026-07-10 05:00:00,user_27,employee,5,1,2,4,1,10,4,40.37,10,0,6,suspicious_login,1,-0.042218,1,76.85
2026-07-19 17:00:00,user_25,employee,17,0,1,1,0,12,3,9.58,8,0,8,normal,0,0.174621,0,3.89
2026-07-24 13:00:00,user_20,employee,13,2,1,1,0,4,1,10.76,8,0,3,normal,0,0.091889,0,35.21
2026-07-09 00:00:00,user_02,admin,0,16,1,6,1,10,132,5351.97,133,3,93,mixed_anomaly,1,-0.19986,1,100.0
2026-07-05 15:00:00,user_09,analyst,15,0,2,1,0,13,4,6.17,35,0,13,normal,0,0.143025,0,15.85
2026-07-03 04:00:00,user_10,analyst,4,4,1,3,1,11,5,95.99,35,0,9,suspicious_login,1,-0.105657,1,87.14
2026-07-25 13:00:00,user_12,analyst,13,0,1,2,0,18,7,80.12,32,0,12,normal,0,0.059208,0,47.58
2026-07-12 19:00:00,user_04,admin,19,25,1,4,1,12,2,36.23,21,0,10,brute_force,1,-0.110559,1,87.94
2026-07-11 14:00:00,user_30,employee,14,1,2,1,0,13,3,25.23,3,0,8,normal,0,0.155496,0,11.13
2026-07-02 17:00:00,user_13,employee,17,0,1,1,1,13,1,35.98,12,0,10,normal,0,0.027517,0,59.58
2026-07-27 14:00:00,user_04,admin,14,1,1,1,0,8,2,70.75,26,4,6,normal,0,0.049417,0,51.29
2026-07-07 15:00:00,user_27,employee,15,0,1,1,0,10,1,17.92,181,7,34,privilege_misuse,1,-0.059503,1,79.65
2026-07-01 11:00:00,user_15,employee,11,2,2,1,0,6,3,104.94,9,0,3,normal,0,0.077029,0,40.84
2026-07-26 11:00:00,user_02,admin,11,0,1,1,0,8,7,77.96,30,2,8,normal,0,0.092278,0,35.06
2026-07-01 12:00:00,user_07,analyst,12,0,1,2,0,21,6,64.54,36,0,18,normal,0,0.018389,0,63.04
2026-07-08 10:00:00,user_18,employee,10,0,1,1,1,12,4,83.81,6,0,5,normal,0,0.041653,0,54.23
2026-07-07 08:00:00,user_16,employee,8,1,2,1,0,5,4,33.36,10,0,4,normal,0,0.144938,0,15.13
2026-07-15 10:00:00,user_02,admin,10,0,2,2,0,12,6,41.11,21,3,11,normal,0,0.00212,0,69.2
2026-07-27 18:00:00,user_23,employee,18,0,1,1,0,9,4,20.51,9,0,5,normal,0,0.175362,0,3.61
2026-07-30 12:00:00,user_01,admin,12,22,0,4,1,17,2,42.38,19,1,13,brute_force,1,-0.113238,1,88.37
2026-07-23 16:00:00,user_26,employee,16,0,1,1,0,7,2,69.01,266,21,48,privilege_misuse,1,-0.070504,1,81.44
2026-07-25 12:00:00,user_18,employee,12,0,1,1,0,8,4,41.01,228,7,80,privilege_misuse,1,-0.048621,1,77.89
2026-07-24 16:00:00,user_02,admin,16,1,3,1,0,4,2,124.16,24,0,4,normal,0,0.040526,0,54.66
2026-07-18 13:00:00,user_25,employee,13,0,1,1,0,7,5,40.82,9,0,5,normal,0,0.195874,0,0.0
2026-07-06 06:00:00,user_26,employee,6,2,1,1,0,9,4,29.65,6,0,6,normal,0,0.103639,0,30.76
2026-07-22 02:00:00,user_28,employee,2,7,1,4,1,10,172,1306.0,270,7,135,mixed_anomaly,1,-0.21189,1,100.0
2026-07-02 11:00:00,user_25,employee,11,0,1,1,0,10,4,52.56,9,0,7,normal,0,0.199118,0,0.0
2026-07-04 12:00:00,user_07,analyst,12,0,2,1,0,16,6,46.85,40,0,11,normal,0,0.136542,0,18.31
2026-07-21 09:00:00,user_08,analyst,9,0,1,1,0,8,13,23.44,51,0,9,normal,0,0.047729,0,51.93
2026-07-05 13:00:00,user_18,employee,13,0,1,1,0,8,5,9.99,6,0,6,normal,0,0.190925,0,0.0
2026-07-22 13:00:00,user_30,employee,13,1,2,1,0,7,4,26.13,5,0,5,normal,0,0.173221,0,4.42
2026-07-22 11:00:00,user_13,employee,11,0,1,1,0,8,3,25.67,3,0,5,normal,0,0.191645,0,0.0
2026-07-02 12:00:00,user_11,analyst,12,1,1,1,0,22,3,24.05,35,0,13,normal,0,0.087118,0,37.02
2026-07-16 10:00:00,user_26,employee,10,1,2,1,0,7,1,18.24,83,7,42,privilege_misuse,1,-0.087673,1,84.23
2026-07-24 07:00:00,user_12,analyst,7,13,0,1,0,10,8,25.38,33,0,7,brute_force,1,0.028527,0,59.2
2026-07-29 08:00:00,user_05,analyst,8,0,1,1,0,16,10,37.81,198,13,66,privilege_misuse,1,-0.086361,1,84.01
2026-07-06 15:00:00,user_04,admin,15,0,1,1,0,8,4,34.93,21,3,6,normal,0,0.101109,0,31.72
2026-07-10 14:00:00,user_11,analyst,14,0,1,1,0,18,5,78.84,40,0,10,normal,0,0.137378,0,17.99
2026-07-24 02:00:00,user_08,analyst,2,19,1,6,1,9,119,5626.66,481,6,108,mixed_anomaly,1,-0.212308,1,100.0
2026-07-21 14:00:00,user_30,employee,14,0,1,1,0,11,2,20.65,8,0,9,normal,0,0.189077,0,0.0
2026-07-19 17:00:00,user_09,analyst,17,0,2,1,0,18,6,66.4,41,0,17,normal,0,0.066705,0,44.75
2026-07-23 14:00:00,user_11,analyst,14,1,1,1,0,15,5,54.2,36,0,14,normal,0,0.131215,0,20.32
2026-07-23 10:00:00,user_28,employee,10,1,1,1,0,10,3,4.91,8,0,7,normal,0,0.168916,0,6.05
2026-07-02 14:00:00,user_16,employee,14,0,1,1,0,10,2,11.66,8,0,4,normal,0,0.19264,0,0.0
2026-07-21 20:00:00,user_09,analyst,20,1,2,1,0,16,2,146.0,37,0,9,normal,0,0.010598,0,65.99
2026-07-20 09:00:00,user_13,employee,9,1,1,2,0,11,5,13.62,7,0,6,normal,0,0.070364,0,43.36
2026-07-14 10:00:00,user_08,analyst,10,0,1,2,0,10,3,27.93,323,10,72,privilege_misuse,1,-0.094749,1,85.37
2026-07-03 11:00:00,user_23,employee,11,3,1,1,0,12,2,38.18,126,24,66,privilege_misuse,1,-0.097994,1,85.9
2026-07-22 14:00:00,user_25,employee,14,0,1,1,0,13,1,34.49,305,11,37,privilege_misuse,1,-0.049661,1,78.06
2026-07-18 14:00:00,user_08,analyst,14,1,3,1,0,14,5,45.95,37,0,10,normal,0,0.117936,0,25.35
2026-07-16 14:00:00,user_15,employee,14,0,3,1,0,10,0,45.99,7,0,6,normal,0,0.134144,0,19.21
2026-07-19 12:00:00,user_24,employee,12,1,1,1,0,8,2,32.55,6,0,5,normal,0,0.183239,0,0.63
2026-07-11 05:00:00,user_27,employee,5,2,1,8,1,12,1,28.54,11,0,8,suspicious_login,1,-0.070146,1,81.38
2026-07-12 10:00:00,user_29,employee,10,0,1,2,0,5,5,26.56,13,0,4,normal,0,0.084814,0,37.89
2026-07-30 13:00:00,user_29,employee,13,0,2,1,0,5,1,19.19,7,0,3,normal,0,0.167315,0,6.66
2026-07-30 17:00:00,user_26,employee,17,0,1,1,0,5,2,24.75,104,8,25,privilege_misuse,1,-0.072258,1,81.72
2026-07-02 07:00:00,user_02,employee,7,0,5,1,0,9,8,68.07,288,12,57,privilege_misuse,1,-0.119038,1,89.31
2026-07-08 14:00:00,user_01,admin,14,1,4,1,0,16,4,3.17,23,3,14,normal,0,0.000481,0,69.82
2026-07-22 15:00:00,user_24,employee,15,1,1,1,0,3,5,26.38,10,0,3,normal,0,0.126027,0,22.29
2026-07-11 12:00:00,user_13,employee,12,0,3,1,0,7,1,85.1,7,0,5,normal,0,0.133059,0,19.62
2026-07-10 14:00:00,user_21,employee,14,2,1,1,0,11,0,48.04,124,10,81,privilege_misuse,1,-0.094321,1,85.3
2026-07-13 16:00:00,user_03,admin,16,0,1,2,0,16,3,17.23,33,1,12,normal,0,0.034478,0,56.95
2026-07-22 10:00:00,user_29,employee,10,0,1,1,0,7,3,14.49,12,0,5,normal,0,0.194092,0,0.0
2026-07-17 03:00:00,user_24,employee,3,5,4,7,1,3,1,96.36,7,0,2,suspicious_login,1,-0.138082,1,92.4
2026-07-09 11:00:00,user_17,employee,11,2,2,1,0,10,0,9.69,9,0,5,normal,0,0.09599,0,33.66
2026-07-18 13:00:00,user_20,employee,13,0,2,2,0,9,0,18.8,5,0,7,normal,0,0.076115,0,41.18
2026-07-10 11:00:00,user_26,employee,11,27,0,4,1,10,4,9.23,5,0,5,brute_force,1,-0.073645,1,81.95
2026-07-09 10:00:00,user_24,employee,10,0,2,2,0,10,2,56.64,7,0,6,normal,0,0.099056,0,32.5
2026-07-20 13:00:00,user_03,admin,13,1,2,1,0,10,5,27.89,27,1,6,normal,0,0.126112,0,22.25
2026-07-24 09:00:00,user_04,admin,9,0,5,1,0,14,3,37.08,30,1,10,normal,0,0.047884,0,51.87
2026-07-08 13:00:00,user_09,analyst,13,1,1,1,0,13,3,40.97,32,0,9,normal,0,0.162145,0,8.61
2026-07-16 14:00:00,user_03,admin,14,0,1,1,0,15,7,85.46,19,4,9,normal,0,0.045441,0,52.8
2026-07-29 04:00:00,user_23,employee,4,4,1,4,1,8,4,51.02,7,0,5,suspicious_login,1,-0.085135,1,83.81
2026-07-11 17:00:00,user_07,analyst,17,0,2,2,0,11,7,81.44,29,0,7,normal,0,0.044086,0,53.31
2026-07-07 19:00:00,user_21,employee,19,12,1,1,0,6,2,16.51,8,0,5,brute_force,1,0.051236,0,50.6
2026-07-07 09:00:00,user_22,employee,9,0,1,1,0,5,1,53.65,11,0,4,normal,0,0.171396,0,5.11
2026-07-27 00:00:00,user_23,employee,0,2,2,5,1,7,2,9.76,6,0,3,suspicious_login,1,-0.074729,1,82.13
2026-07-23 14:00:00,user_27,employee,14,0,1,1,0,4,3,119.33,11,0,4,normal,0,0.130398,0,20.63
2026-07-25 10:00:00,user_19,employee,10,0,1,1,0,14,7,2.24,10,0,7,normal,0,0.143027,0,15.85
2026-07-25 01:00:00,user_02,admin,1,2,2,4,1,16,3,59.3,22,5,13,suspicious_login,1,-0.141238,1,92.92
2026-07-09 11:00:00,user_07,analyst,11,0,2,1,0,15,5,34.54,28,0,12,normal,0,0.160925,0,9.07
2026-07-18 01:00:00,user_20,employee,1,6,1,7,1,4,179,5178.1,220,3,67,mixed_anomaly,1,-0.20254,1,100.0
2026-07-26 11:00:00,user_10,analyst,11,0,2,1,0,11,6,12.32,24,0,8,normal,0,0.157698,0,10.3
2026-07-26 00:00:00,user_22,employee,0,1,3,6,1,7,5,46.37,14,0,5,suspicious_login,1,-0.07066,1,81.47
2026-07-28 08:00:00,user_21,employee,8,0,3,1,0,8,1,16.02,313,7,43,privilege_misuse,1,-0.090519,1,84.69
2026-07-02 10:00:00,user_17,employee,10,0,1,1,1,8,2,14.36,245,9,64,privilege_misuse,1,-0.11942,1,89.38
2026-07-02 09:00:00,user_14,employee,9,1,1,1,0,8,3,17.29,10,0,5,normal,0,0.174319,0,4.0
2026-07-24 10:00:00,user_10,analyst,10,8,1,1,1,13,3,29.12,38,0,8,brute_force,1,-0.044863,1,77.28
2026-07-01 22:00:00,user_25,employee,22,0,2,2,0,8,2,6.74,4,0,4,normal,0,0.034946,0,56.77
2026-07-25 15:00:00,user_23,employee,15,0,1,1,0,10,2,21.42,11,0,7,normal,0,0.195731,0,0.0
2026-07-17 11:00:00,user_11,analyst,11,0,2,2,0,16,4,44.95,39,0,12,normal,0,0.061209,0,46.83
2026-07-15 10:00:00,user_12,analyst,10,2,1,1,0,15,1,37.82,295,10,36,privilege_misuse,1,-0.093252,1,85.13
2026-07-27 14:00:00,user_03,admin,14,0,2,1,0,14,6,29.63,17,1,11,normal,0,0.116124,0,26.04
2026-07-05 11:00:00,user_28,employee,11,2,3,1,0,3,7,16.98,4,0,2,normal,0,0.036956,0,56.01
2026-07-05 05:00:00,user_26,employee,5,2,1,3,1,9,2,8.02,6,0,6,suspicious_login,1,-0.063299,1,80.27
2026-07-08 17:00:00,user_10,analyst,17,1,1,1,0,12,5,48.09,31,0,12,normal,0,0.140576,0,16.78
2026-07-18 05:00:00,user_22,employee,5,1,1,4,1,11,0,7.18,7,0,7,suspicious_login,1,-0.062315,1,80.11
2026-07-18 13:00:00,user_02,admin,13,0,2,1,0,16,2,32.88,27,1,11,normal,0,0.128926,0,21.19
2026-07-25 01:00:00,user_07,analyst,1,13,1,7,1,17,160,5286.4,224,6,176,mixed_anomaly,1,-0.213355,1,100.0
2026-07-25 01:00:00,user_27,employee,1,5,1,5,1,7,1,26.12,8,0,3,suspicious_login,1,-0.090171,1,84.63
2026-07-29 10:00:00,user_05,analyst,10,0,1,1,0,11,3,139.93,34,0,11,normal,0,0.113705,0,26.95
2026-07-26 12:00:00,user_05,analyst,12,0,1,1,0,419,106,8541.83,35,0,214,data_exfiltration,1,-0.062719,1,80.18
2026-07-07 11:00:00,user_25,employee,11,0,1,1,0,5,5,10.61,5,0,2,normal,0,0.153469,0,11.9
2026-07-09 17:00:00,user_27,employee,17,0,1,1,0,11,4,71.13,9,0,7,normal,0,0.1743,0,4.01
2026-07-18 15:00:00,user_12,analyst,15,0,1,1,0,21,3,13.03,32,0,18,normal,0,0.079607,0,39.86
2026-07-23 13:00:00,user_30,employee,13,1,1,1,0,4,1,56.69,288,7,85,privilege_misuse,1,-0.082217,1,83.34
2026-07-07 14:00:00,user_11,analyst,14,0,1,1,0,21,7,80.68,32,0,15,normal,0,0.098455,0,32.73
2026-07-01 04:00:00,user_20,employee,4,15,2,9,1,12,174,3533.18,336,3,57,mixed_anomaly,1,-0.197804,1,100.0
2026-07-19 15:00:00,user_02,admin,15,0,1,1,0,15,4,56.33,26,3,13,normal,0,0.090816,0,35.62
2026-07-18 04:00:00,user_19,employee,4,19,1,4,1,9,178,4540.8,370,10,86,mixed_anomaly,1,-0.212308,1,100.0
2026-07-04 11:00:00,user_15,employee,11,0,2,1,0,5,1,10.33,6,0,3,normal,0,0.158828,0,9.87
2026-07-08 13:00:00,user_03,admin,13,0,1,1,0,10,4,28.87,19,2,8,normal,0,0.138218,0,17.67
2026-07-17 11:00:00,user_26,employee,11,1,1,2,0,14,3,49.56,9,0,9,normal,0,0.077562,0,40.64
2026-07-27 10:00:00,user_04,admin,10,1,2,1,0,12,5,7.08,23,1,10,normal,0,0.099499,0,32.33
2026-07-01 16:00:00,user_07,analyst,16,1,1,1,0,18,8,20.19,37,0,11,normal,0,0.091999,0,35.17
2026-07-12 09:00:00,user_26,employee,9,0,4,1,0,329,206,6451.08,11,0,66,data_exfiltration,1,-0.103609,1,86.81
2026-07-22 15:00:00,user_12,analyst,15,24,1,1,0,11,7,80.46,46,0,11,brute_force,1,0.006582,0,67.51
2026-07-08 13:00:00,user_21,employee,13,2,1,1,0,8,2,67.44,6,0,4,normal,0,0.126,0,22.3
2026-07-26 11:00:00,user_10,analyst,11,1,2,1,0,12,5,70.55,36,0,11,normal,0,0.133079,0,19.62
2026-07-27 06:00:00,user_23,employee,6,12,0,1,0,2,4,2.36,15,0,2,brute_force,1,-0.005194,1,70.84
2026-07-30 10:00:00,user_07,analyst,10,0,1,1,0,12,7,113.4,38,0,9,normal,0,0.110623,0,28.12
2026-07-05 16:00:00,user_01,admin,16,0,1,2,0,15,3,10.54,28,5,11,normal,0,-0.023287,1,73.78
2026-07-27 13:00:00,user_04,admin,13,16,0,3,1,15,4,24.12,27,2,13,brute_force,1,-0.124231,1,90.16
2026-07-19 00:00:00,user_17,employee,0,18,2,4,1,8,160,5787.55,219,10,102,mixed_anomaly,1,-0.211822,1,100.0
2026-07-01 11:00:00,user_13,employee,11,2,1,1,0,9,2,27.64,10,0,4,normal,0,0.133659,0,19.4
2026-07-01 15:00:00,user_03,admin,15,1,1,1,0,15,6,60.54,28,2,9,normal,0,0.094464,0,34.24
2026-07-08 14:00:00,user_05,analyst,14,0,2,1,0,16,4,91.99,36,0,10,normal,0,0.139473,0,17.2
2026-07-18 13:00:00,user_16,employee,13,2,1,1,0,7,7,65.27,10,0,6,normal,0,0.095203,0,33.96
2026-07-01 05:00:00,user_16,employee,5,2,1,3,1,9,3,53.51,6,0,6,suspicious_login,1,-0.061366,1,79.96
2026-07-03 08:00:00,user_26,employee,8,0,1,2,0,7,0,46.81,6,0,5,normal,0,0.058352,0,47.91
2026-07-08 13:00:00,user_07,analyst,13,0,1,1,0,9,5,8.83,41,0,8,normal,0,0.142844,0,15.92
2026-07-28 16:00:00,user_17,employee,16,2,2,1,0,11,4,23.85,296,10,81,privilege_misuse,1,-0.088214,1,84.31
2026-07-23 10:00:00,user_03,admin,10,0,2,1,0,7,4,27.06,27,1,7,normal,0,0.136797,0,18.21
2026-07-21 11:00:00,user_26,employee,11,0,2,1,0,8,2,63.67,13,0,5,normal,0,0.184976,0,0.0
2026-07-01 11:00:00,user_24,employee,11,0,2,1,1,9,2,21.05,8,0,4,normal,0,0.06823,0,44.17
2026-07-28 12:00:00,user_27,employee,12,0,2,1,0,1,0,36.69,5,0,1,normal,0,0.093373,0,34.65
2026-07-16 07:00:00,user_12,analyst,7,0,2,1,0,16,4,19.95,46,0,14,normal,0,0.083728,0,38.3
2026-07-23 11:00:00,user_07,analyst,11,0,2,2,0,11,7,61.66,32,0,9,normal,0,0.067986,0,44.26
2026-07-06 10:00:00,user_05,analyst,10,0,1,1,0,13,3,99.64,31,0,13,normal,0,0.142024,0,16.23
2026-07-27 12:00:00,user_19,employee,12,1,1,1,0,3,3,7.07,7,0,3,normal,0,0.1363,0,18.4
2026-07-23 02:00:00,user_29,employee,2,19,1,5,1,10,114,4446.26,330,5,51,mixed_anomaly,1,-0.20876,1,100.0
2026-07-17 15:00:00,user_30,employee,15,0,1,1,0,8,2,22.22,9,0,5,normal,0,0.194694,0,0.0
2026-07-27 03:00:00,user_12,analyst,3,17,1,5,1,25,150,2601.27,333,5,120,mixed_anomaly,1,-0.215032,1,100.0
2026-07-06 14:00:00,user_04,admin,14,0,2,1,0,16,4,54.99,29,3,10,normal,0,0.098889,0,32.56
2026-07-19 17:00:00,user_20,employee,17,1,2,1,0,10,3,17.93,9,0,6,normal,0,0.160087,0,9.39
2026-07-25 15:00:00,user_26,employee,15,0,1,1,0,9,1,56.39,8,0,5,normal,0,0.181793,0,1.17
2026-07-03 17:00:00,user_21,employee,17,0,3,1,0,8,6,27.5,10,0,4,normal,0,0.137607,0,17.9
2026-07-02 10:00:00,user_29,employee,10,2,4,1,0,5,1,30.97,116,9,85,privilege_misuse,1,-0.119136,1,89.33
2026-07-04 01:00:00,user_09,analyst,1,9,1,9,1,13,123,2925.26,377,8,48,mixed_anomaly,1,-0.210011,1,100.0
2026-07-21 08:00:00,user_02,admin,8,0,3,1,0,7,8,121.94,20,1,5,normal,0,0.021244,0,61.96
2026-07-29 11:00:00,user_21,employee,11,0,1,2,1,8,0,49.3,108,24,27,privilege_misuse,1,-0.148659,1,94.12
2026-07-27 13:00:00,user_02,admin,13,8,0,4,0,9,4,11.71,19,1,6,brute_force,1,-0.022755,1,73.69
2026-07-13 07:00:00,user_03,admin,7,0,2,1,0,8,5,28.66,34,3,6,normal,0,0.061393,0,46.76
2026-07-24 12:00:00,user_06,analyst,12,12,1,4,1,10,6,80.85,37,0,10,brute_force,1,-0.101106,1,86.4
2026-07-02 09:00:00,user_22,employee,9,0,1,1,0,11,5,82.49,8,0,5,normal,0,0.164702,0,7.64
2026-07-30 04:00:00,user_17,employee,4,6,1,7,1,11,100,5100.06,146,7,49,mixed_anomaly,1,-0.21189,1,100.0
2026-07-29 12:00:00,user_05,analyst,12,0,1,1,0,15,4,37.99,36,0,12,normal,0,0.169279,0,5.91
2026-07-06 09:00:00,user_28,employee,9,0,1,1,0,3,2,13.93,9,0,2,normal,0,0.135275,0,18.79
2026-07-19 13:00:00,user_05,analyst,13,1,1,1,0,18,4,64.8,32,0,14,normal,0,0.124802,0,22.75
2026-07-19 15:00:00,user_05,analyst,15,0,1,1,0,16,8,89.16,27,0,10,normal,0,0.128385,0,21.39
2026-07-02 11:00:00,user_12,analyst,11,0,2,1,0,18,5,170.59,37,0,17,normal,0,0.046995,0,52.21
2026-07-23 11:00:00,user_24,employee,11,1,1,2,0,8,2,35.35,7,0,6,normal,0,0.091925,0,35.2
2026-07-25 06:00:00,user_29,employee,6,0,1,2,0,3,3,20.38,228,10,58,privilege_misuse,1,-0.124379,1,90.18
2026-07-25 18:00:00,user_09,analyst,18,28,0,1,1,12,4,26.78,34,0,11,brute_force,1,-0.057706,1,79.36
2026-07-26 04:00:00,user_28,employee,4,15,1,6,1,5,120,5544.9,118,9,58,mixed_anomaly,1,-0.213355,1,100.0
2026-07-10 13:00:00,user_28,employee,13,0,2,1,0,6,3,2.95,8,0,4,normal,0,0.174385,0,3.98
2026-07-26 23:00:00,user_08,analyst,23,5,2,6,1,15,4,24.2,36,0,12,suspicious_login,1,-0.128917,1,90.92
2026-07-29 19:00:00,user_03,admin,19,1,2,1,0,10,4,3.29,19,3,7,normal,0,0.04794,0,51.85
2026-07-06 06:00:00,user_03,employee,6,1,1,1,0,15,1,44.23,130,10,40,privilege_misuse,1,-0.084823,1,83.76
2026-07-23 11:00:00,user_14,employee,11,0,1,1,0,11,2,30.46,9,0,9,normal,0,0.190283,0,0.0
2026-07-04 13:00:00,user_20,employee,13,1,2,1,0,7,3,4.15,10,0,4,normal,0,0.15698,0,10.57
2026-07-23 12:00:00,user_18,employee,12,0,4,1,0,12,1,7.98,7,0,9,normal,0,0.108571,0,28.9
2026-07-18 07:00:00,user_11,analyst,7,1,2,1,0,13,6,21.27,28,0,11,normal,0,0.105572,0,30.03
2026-07-29 04:00:00,user_24,employee,4,8,1,6,1,9,82,2399.37,198,8,103,mixed_anomaly,1,-0.212308,1,100.0
2026-07-20 16:00:00,user_27,employee,16,0,1,1,0,10,4,4.41,7,0,5,normal,0,0.177415,0,2.83
2026-07-21 04:00:00,user_13,employee,4,14,1,6,1,5,59,2225.34,257,8,94,mixed_anomaly,1,-0.213355,1,100.0
2026-07-12 12:00:00,user_18,employee,12,0,1,1,0,8,4,13.7,4,0,6,normal,0,0.189747,0,0.0
2026-07-20 16:00:00,user_23,employee,16,0,2,1,0,5,3,49.35,158,15,26,privilege_misuse,1,-0.064476,1,80.46
2026-07-11 23:00:00,user_13,employee,23,4,1,8,1,10,2,24.62,9,0,7,suspicious_login,1,-0.099508,1,86.15
2026-07-01 09:00:00,user_26,employee,9,25,1,1,1,6,3,59.44,7,0,4,brute_force,1,-0.023859,1,73.87
2026-07-03 11:00:00,user_14,employee,11,2,2,1,0,7,2,22.34,6,0,5,normal,0,0.132162,0,19.96
2026-07-18 13:00:00,user_30,employee,13,0,3,1,0,13,4,6.3,10,0,8,normal,0,0.152515,0,12.26
2026-07-16 01:00:00,user_30,employee,1,14,2,9,1,10,80,5196.29,287,5,93,mixed_anomaly,1,-0.20786,1,100.0
2026-07-02 12:00:00,user_23,employee,12,0,1,2,0,9,2,23.68,6,0,5,normal,0,0.119124,0,24.9
2026-07-19 02:00:00,user_16,employee,2,9,2,5,1,10,77,3025.13,150,9,99,mixed_anomaly,1,-0.210568,1,100.0
2026-07-29 14:00:00,user_23,employee,14,12,1,3,0,7,5,28.22,5,0,3,brute_force,1,-0.002738,1,70.44
2026-07-30 17:00:00,user_24,employee,17,0,3,1,0,12,3,21.51,10,0,7,normal,0,0.148976,0,13.6
2026-07-18 11:00:00,user_26,employee,11,0,1,2,0,7,3,30.26,4,0,5,normal,0,0.108142,0,29.06
2026-07-30 08:00:00,user_14,employee,8,0,1,1,0,13,7,98.88,5,0,7,normal,0,0.110157,0,28.29
2026-07-10 10:00:00,user_29,employee,10,0,1,1,0,9,1,38.08,8,0,8,normal,0,0.184933,0,0.0
2026-07-08 00:00:00,user_09,analyst,0,4,1,8,1,14,7,22.11,36,0,10,suspicious_login,1,-0.104544,1,86.96
2026-07-23 01:00:00,user_17,employee,1,6,1,9,1,6,85,3378.94,375,5,165,mixed_anomaly,1,-0.210428,1,100.0
2026-07-07 12:00:00,user_28,employee,12,2,2,1,0,9,2,37.11,8,0,8,normal,0,0.1293,0,21.05
2026-07-21 09:00:00,user_26,employee,9,0,1,1,0,5,2,47.83,118,11,24,privilege_misuse,1,-0.068186,1,81.06
2026-07-24 06:00:00,user_15,employee,6,1,1,1,0,11,2,56.41,10,0,9,normal,0,0.139336,0,17.25
2026-07-20 11:00:00,user_01,admin,11,0,1,1,0,202,315,4379.67,26,5,132,data_exfiltration,1,-0.120283,1,89.52
2026-07-11 15:00:00,user_06,analyst,15,0,2,1,0,14,11,11.34,25,0,9,normal,0,0.095771,0,33.74
2026-07-22 12:00:00,user_22,employee,12,0,1,1,0,13,2,36.13,5,0,5,normal,0,0.187411,0,0.0
2026-07-01 00:00:00,user_27,employee,0,5,1,4,1,8,1,69.5,6,0,6,suspicious_login,1,-0.096541,1,85.66
2026-07-06 09:00:00,user_06,analyst,9,1,1,1,0,9,5,59.68,32,0,10,normal,0,0.144785,0,15.18
2026-07-03 00:00:00,user_17,employee,0,1,3,4,1,13,2,42.06,3,0,8,suspicious_login,1,-0.066501,1,80.79
2026-07-19 17:00:00,user_25,employee,17,0,4,1,0,158,215,1991.91,9,0,161,data_exfiltration,1,-0.111684,1,88.12
2026-07-25 09:00:00,user_17,employee,9,1,2,1,0,11,6,4.98,5,0,8,normal,0,0.126159,0,22.24
2026-07-06 17:00:00,user_13,employee,17,0,1,2,0,11,2,7.7,9,0,9,normal,0,0.078764,0,40.18
2026-07-02 00:00:00,user_18,employee,0,2,2,3,1,4,3,29.83,9,0,3,suspicious_login,1,-0.074683,1,82.12
2026-07-23 12:00:00,user_18,employee,12,0,1,1,0,13,5,77.84,7,0,8,normal,0,0.170342,0,5.51
2026-07-30 12:00:00,user_13,employee,12,0,1,1,0,11,2,10.02,8,0,9,normal,0,0.185306,0,0.0
2026-07-08 03:00:00,user_27,employee,3,16,1,3,1,7,151,4048.93,242,2,45,mixed_anomaly,1,-0.197737,1,100.0
2026-07-05 09:00:00,user_25,employee,9,0,1,1,0,8,3,41.84,8,0,6,normal,0,0.194758,0,0.0
2026-07-18 13:00:00,user_09,analyst,13,1,2,1,0,11,6,50.16,31,0,11,normal,0,0.140579,0,16.78
2026-07-21 15:00:00,user_24,employee,15,0,3,1,0,6,3,83.15,3,0,4,normal,0,0.131323,0,20.28
2026-07-27 14:00:00,user_25,employee,14,1,2,1,0,7,2,33.64,119,19,41,privilege_misuse,1,-0.074019,1,82.01
2026-07-22 03:00:00,user_26,employee,3,4,1,4,1,12,1,25.37,8,0,5,suspicious_login,1,-0.088501,1,84.36
2026-07-05 11:00:00,user_06,analyst,11,0,1,1,1,9,4,31.16,36,0,10,normal,0,0.041776,0,54.18
2026-07-24 11:00:00,user_03,admin,11,0,1,1,0,9,5,31.59,25,1,9,normal,0,0.153087,0,12.04
2026-07-01 00:00:00,user_18,employee,0,3,1,5,1,10,1,8.15,5,0,6,suspicious_login,1,-0.086363,1,84.01
2026-07-02 03:00:00,user_16,employee,3,11,3,5,1,8,155,4551.95,331,6,77,mixed_anomaly,1,-0.216292,1,100.0
2026-07-20 09:00:00,user_09,analyst,9,1,1,1,0,24,2,43.54,43,0,22,normal,0,-0.001737,1,70.28
2026-07-10 15:00:00,user_10,analyst,15,1,3,1,0,24,3,26.11,32,0,12,normal,0,0.046209,0,52.51
2026-07-21 11:00:00,user_28,employee,11,1,1,1,0,7,0,8.26,5,0,6,normal,0,0.131398,0,20.25
2026-07-17 03:00:00,user_30,employee,3,4,1,3,1,10,3,43.78,9,0,8,suspicious_login,1,-0.082299,1,83.35
2026-07-15 00:00:00,user_15,employee,0,6,3,3,1,10,121,5099.85,206,7,43,mixed_anomaly,1,-0.215032,1,100.0
2026-07-28 16:00:00,user_18,employee,16,0,2,1,0,6,3,57.36,8,0,5,normal,0,0.17783,0,2.67
2026-07-22 13:00:00,user_03,admin,13,0,1,1,0,16,8,5.32,25,1,14,normal,0,0.089574,0,36.09
2026-07-12 13:00:00,user_03,admin,13,1,1,1,0,6,4,97.98,27,2,5,normal,0,0.070471,0,43.32
2026-07-21 16:00:00,user_14,employee,16,0,1,1,0,5,4,5.65,4,0,3,normal,0,0.153322,0,11.95
2026-07-09 13:00:00,user_05,analyst,13,0,1,2,0,18,3,110.13,32,0,11,normal,0,0.03924,0,55.14
2026-07-23 02:00:00,user_24,employee,2,2,1,7,1,7,6,37.62,6,0,4,suspicious_login,1,-0.079327,1,82.87
2026-07-19 16:00:00,user_26,employee,16,0,1,1,0,13,4,18.15,8,0,6,normal,0,0.180224,0,1.77
2026-07-04 14:00:00,user_01,employee,14,1,1,1,0,12,4,29.83,321,20,24,privilege_misuse,1,-0.051228,1,78.31
2026-07-26 16:00:00,user_22,employee,16,1,1,1,0,9,2,43.33,10,0,7,normal,0,0.171968,0,4.89
2026-07-05 09:00:00,user_22,employee,9,0,2,1,0,9,1,31.82,7,0,6,normal,0,0.176772,0,3.07
2026-07-10 17:00:00,user_08,analyst,17,0,1,2,1,20,5,38.44,45,0,16,normal,0,-0.0753,1,82.22
2026-07-02 14:00:00,user_01,admin,14,0,2,1,0,17,3,43.16,34,2,9,normal,0,0.103028,0,30.99
2026-07-05 15:00:00,user_19,employee,15,0,3,1,0,7,5,155.18,6,0,5,normal,0,0.085422,0,37.66
2026-07-02 15:00:00,user_12,analyst,15,22,0,3,1,21,3,57.11,35,0,14,brute_force,1,-0.117204,1,89.02
2026-07-22 11:00:00,user_15,employee,11,10,0,2,0,10,3,73.91,8,0,7,brute_force,1,0.013213,0,65.0
2026-07-06 10:00:00,user_23,employee,10,0,1,1,0,444,292,4253.51,10,0,134,data_exfiltration,1,-0.070031,1,81.36
2026-07-22 15:00:00,user_14,employee,15,0,3,1,0,6,2,32.23,9,0,5,normal,0,0.165705,0,7.26
2026-07-28 04:00:00,user_29,employee,4,15,1,9,1,4,113,3563.95,444,5,138,mixed_anomaly,1,-0.211472,1,100.0
2026-07-24 13:00:00,user_06,analyst,13,0,1,2,0,17,5,29.08,31,0,15,normal,0,0.061086,0,46.87
2026-07-14 12:00:00,user_17,employee,12,0,1,1,0,11,1,43.65,5,0,9,normal,0,0.173939,0,4.15
2026-07-09 08:00:00,user_30,employee,8,1,1,1,0,187,81,5269.2,9,0,118,data_exfiltration,1,-0.07986,1,82.96
2026-07-29 14:00:00,user_19,employee,14,11,0,4,1,8,1,25.64,6,0,5,brute_force,1,-0.071506,1,81.6
2026-07-05 00:00:00,user_29,employee,0,17,1,9,1,8,86,1196.11,380,8,95,mixed_anomaly,1,-0.21189,1,100.0
2026-07-14 04:00:00,user_25,employee,4,7,2,3,1,9,149,2966.11,392,3,85,mixed_anomaly,1,-0.199998,1,100.0
2026-07-16 09:00:00,user_22,employee,9,13,1,3,1,6,2,42.45,8,0,4,brute_force,1,-0.075428,1,82.24
2026-07-01 13:00:00,user_22,employee,13,1,2,1,0,11,2,21.73,7,0,5,normal,0,0.171435,0,5.1
2026-07-23 01:00:00,user_16,employee,1,11,4,5,1,8,88,4478.49,487,2,131,mixed_anomaly,1,-0.209594,1,100.0
2026-07-12 04:00:00,user_17,employee,4,9,1,9,1,5,82,4831.93,216,4,157,mixed_anomaly,1,-0.205229,1,100.0
2026-07-14 13:00:00,user_08,analyst,13,0,1,1,0,12,4,21.73,37,0,8,normal,0,0.169689,0,5.76
2026-07-11 16:00:00,user_22,employee,16,0,2,2,0,6,4,46.17,12,0,5,normal,0,0.090009,0,35.92
2026-07-26 09:00:00,user_19,employee,9,0,3,1,1,8,4,23.22,6,0,4,normal,0,0.040169,0,54.79
2026-07-07 16:00:00,user_13,employee,16,1,2,1,1,10,2,24.2,12,0,7,normal,0,0.036823,0,56.06
2026-07-26 11:00:00,user_23,employee,11,1,1,1,0,11,2,97.9,10,0,8,normal,0,0.149486,0,13.4
2026-07-07 12:00:00,user_19,employee,12,1,3,1,0,8,5,50.05,5,0,7,normal,0,0.140513,0,16.8
2026-07-05 10:00:00,user_12,analyst,10,0,4,1,0,13,5,78.45,37,0,9,normal,0,0.098762,0,32.61
2026-07-08 17:00:00,user_23,employee,17,2,1,1,0,5,1,9.87,8,0,3,normal,0,0.081845,0,39.01
2026-07-09 10:00:00,user_02,employee,10,1,1,1,1,12,6,94.84,226,20,44,privilege_misuse,1,-0.133447,1,91.65
2026-07-07 20:00:00,user_13,employee,20,0,3,1,0,10,4,18.61,9,0,8,normal,0,0.118907,0,24.98
2026-07-14 13:00:00,user_29,employee,13,0,1,1,0,9,5,20.87,3,0,7,normal,0,0.184535,0,0.14
2026-07-17 09:00:00,user_28,employee,9,0,2,1,0,4,4,4.36,8,0,4,normal,0,0.14764,0,14.1
2026-07-05 14:00:00,user_28,employee,14,0,3,1,0,6,4,7.33,10,0,5,normal,0,0.153105,0,12.04
2026-07-16 13:00:00,user_19,employee,13,14,1,4,1,10,4,23.56,8,0,6,brute_force,1,-0.068437,1,81.1
2026-07-03 09:00:00,user_24,employee,9,0,1,1,0,11,4,12.34,11,0,9,normal,0,0.174944,0,3.77
2026-07-03 12:00:00,user_23,employee,12,0,2,1,0,13,3,25.94,12,0,6,normal,0,0.190024,0,0.0
2026-07-06 12:00:00,user_25,employee,12,0,1,1,0,18,6,36.74,3,0,12,normal,0,0.125492,0,22.49
2026-07-25 08:00:00,user_13,employee,8,0,2,1,0,3,5,27.3,10,0,3,normal,0,0.129048,0,21.14
2026-07-05 15:00:00,user_20,employee,15,0,2,1,0,7,3,43.37,14,0,5,normal,0,0.183106,0,0.68
2026-07-01 16:00:00,user_09,analyst,16,0,2,1,0,335,264,2680.03,40,0,136,data_exfiltration,1,-0.091559,1,84.86
2026-07-27 12:00:00,user_24,employee,12,0,4,1,0,222,165,6081.67,7,0,66,data_exfiltration,1,-0.102436,1,86.62
2026-07-07 17:00:00,user_10,analyst,17,0,1,1,1,14,7,41.56,38,0,13,normal,0,0.015225,0,64.24
2026-07-07 12:00:00,user_11,analyst,12,1,2,1,0,399,234,7444.11,40,0,173,data_exfiltration,1,-0.090802,1,84.73
2026-07-05 00:00:00,user_17,employee,0,14,1,8,1,6,52,3239.55,312,4,149,mixed_anomaly,1,-0.204815,1,100.0
2026-07-20 00:00:00,user_26,employee,0,12,1,7,1,12,130,3743.61,452,6,65,mixed_anomaly,1,-0.210845,1,100.0
2026-07-09 01:00:00,user_28,employee,1,14,3,7,1,3,123,1673.92,466,4,142,mixed_anomaly,1,-0.211054,1,100.0
2026-07-09 23:00:00,user_02,admin,23,1,1,5,1,12,5,76.9,23,1,6,suspicious_login,1,-0.089324,1,84.49
2026-07-26 12:00:00,user_11,analyst,12,0,2,1,0,13,6,41.7,40,0,11,normal,0,0.142139,0,16.19
2026-07-05 14:00:00,user_04,admin,14,0,2,1,0,7,5,25.93,26,1,7,normal,0,0.136523,0,18.31
2026-07-21 11:00:00,user_26,employee,11,0,1,1,0,15,2,19.38,9,0,7,normal,0,0.178864,0,2.28
2026-07-12 11:00:00,user_03,employee,11,0,1,1,1,12,1,41.6,327,20,82,privilege_misuse,1,-0.11533,1,88.71
2026-07-20 12:00:00,user_02,employee,12,0,1,1,0,11,2,33.6,333,21,21,privilege_misuse,1,-0.04498,1,77.3
2026-07-26 06:00:00,user_11,analyst,6,1,1,1,0,13,2,73.0,37,0,11,normal,0,0.100492,0,31.95
2026-07-02 11:00:00,user_14,employee,11,0,1,1,0,6,3,8.56,15,0,4,normal,0,0.180548,0,1.64
2026-07-30 10:00:00,user_16,employee,10,2,4,1,0,6,5,14.03,5,0,3,normal,0,0.060283,0,47.18
2026-07-15 15:00:00,user_07,analyst,15,1,1,2,0,8,4,17.88,35,0,7,normal,0,0.059654,0,47.42
2026-07-16 01:00:00,user_06,analyst,1,19,1,4,1,16,164,3851.17,124,2,132,mixed_anomaly,1,-0.19801,1,100.0
2026-07-19 04:00:00,user_12,analyst,4,5,1,8,1,12,5,23.99,37,0,10,suspicious_login,1,-0.101306,1,86.44
2026-07-13 12:00:00,user_08,analyst,12,1,1,2,0,3,5,50.21,34,0,5,normal,0,0.039755,0,54.95
2026-07-30 13:00:00,user_10,analyst,13,0,1,1,0,15,11,66.59,31,0,8,normal,0,0.107692,0,29.23
2026-07-14 15:00:00,user_12,analyst,15,0,1,1,0,19,3,80.38,26,0,13,normal,0,0.131575,0,20.19
2026-07-10 10:00:00,user_18,employee,10,0,2,1,0,8,3,34.44,8,0,5,normal,0,0.193184,0,0.0
2026-07-05 09:00:00,user_22,employee,9,0,2,1,0,8,6,9.51,6,0,4,normal,0,0.154841,0,11.38
2026-07-08 16:00:00,user_01,admin,16,0,1,1,0,10,5,54.31,22,2,9,normal,0,0.120675,0,24.31
2026-07-27 10:00:00,user_18,employee,10,0,3,1,0,7,2,104.02,2,0,5,normal,0,0.111906,0,27.63
2026-07-13 09:00:00,user_20,employee,9,0,3,2,0,8,4,14.98,13,0,5,normal,0,0.06801,0,44.25
2026-07-12 10:00:00,user_14,employee,10,1,3,1,0,5,3,19.78,8,0,3,normal,0,0.13207,0,20.0
2026-07-30 16:00:00,user_13,employee,16,0,3,1,0,10,2,54.47,338,9,50,privilege_misuse,1,-0.072329,1,81.74
2026-07-01 09:00:00,user_06,analyst,9,1,3,1,0,21,6,62.57,33,0,14,normal,0,0.048465,0,51.65
2026-07-15 10:00:00,user_28,employee,10,26,0,2,1,10,7,17.81,8,0,5,brute_force,1,-0.080368,1,83.04
2026-07-24 08:00:00,user_10,analyst,8,29,1,2,0,10,3,141.5,39,0,9,brute_force,1,-0.071405,1,81.59
2026-07-09 09:00:00,user_22,employee,9,1,2,1,0,8,2,15.46,11,0,6,normal,0,0.165212,0,7.45
2026-07-28 14:00:00,user_28,employee,14,19,1,4,1,6,1,60.4,12,0,5,brute_force,1,-0.077218,1,82.53
2026-07-04 15:00:00,user_23,employee,15,0,1,1,0,9,5,6.81,10,0,5,normal,0,0.181422,0,1.31
2026-07-20 10:00:00,user_19,employee,10,0,1,2,0,13,2,13.46,9,0,8,normal,0,0.09776,0,32.99
2026-07-08 10:00:00,user_12,analyst,10,0,3,1,0,19,6,28.96,30,0,9,normal,0,0.109653,0,28.49
2026-07-03 09:00:00,user_16,employee,9,0,3,1,0,3,5,41.48,6,0,3,normal,0,0.122055,0,23.79
2026-07-28 17:00:00,user_30,employee,17,0,1,1,0,12,0,23.31,11,0,7,normal,0,0.144452,0,15.31
2026-07-26 15:00:00,user_20,employee,15,1,1,1,0,256,319,3340.15,4,0,201,data_exfiltration,1,-0.084565,1,83.72
2026-07-28 12:00:00,user_17,employee,12,0,1,1,0,7,1,10.13,12,0,6,normal,0,0.18292,0,0.75
2026-07-27 08:00:00,user_17,employee,8,0,3,1,1,7,5,18.01,6,0,4,normal,0,0.025325,0,60.41
2026-07-16 15:00:00,user_24,employee,15,0,3,1,0,224,161,5237.66,4,0,209,data_exfiltration,1,-0.097538,1,85.83
2026-07-15 20:00:00,user_02,employee,20,0,2,1,0,11,5,45.83,107,19,55,privilege_misuse,1,-0.071552,1,81.61
2026-07-05 01:00:00,user_14,employee,1,6,3,8,1,8,132,3226.0,252,10,152,mixed_anomaly,1,-0.216292,1,100.0
2026-07-19 00:00:00,user_09,analyst,0,3,1,8,1,13,9,156.98,39,0,8,suspicious_login,1,-0.138272,1,92.44
2026-07-01 15:00:00,user_06,analyst,15,27,1,2,1,15,5,8.35,33,0,13,brute_force,1,-0.105357,1,87.09
2026-07-30 10:00:00,user_04,admin,10,0,2,1,0,10,3,22.63,26,3,6,normal,0,0.105477,0,30.07
2026-07-25 13:00:00,user_30,employee,13,0,1,1,0,7,2,14.0,342,18,76,privilege_misuse,1,-0.064154,1,80.41
2026-07-29 08:00:00,user_12,analyst,8,0,1,1,0,13,4,88.6,122,10,71,privilege_misuse,1,-0.067146,1,80.89
2026-07-21 11:00:00,user_15,employee,11,24,0,1,1,13,2,14.93,1,0,7,brute_force,1,-0.0272,1,74.41
2026-07-28 15:00:00,user_27,employee,15,2,2,1,0,9,0,12.67,8,0,5,normal,0,0.090762,0,35.64
2026-07-07 15:00:00,user_22,employee,15,0,1,1,0,4,2,23.16,6,0,2,normal,0,0.157074,0,10.53
2026-07-20 11:00:00,user_08,analyst,11,0,1,1,0,17,3,96.78,35,0,11,normal,0,0.13807,0,17.73
2026-07-01 13:00:00,user_01,admin,13,30,1,3,0,12,4,5.36,20,2,9,brute_force,1,-0.056456,1,79.16
2026-07-15 17:00:00,user_21,employee,17,0,1,1,0,10,0,36.44,7,0,6,normal,0,0.14824,0,13.88
2026-07-17 10:00:00,user_20,employee,10,0,2,1,1,9,1,16.14,132,6,31,privilege_misuse,1,-0.114743,1,88.62
2026-07-06 13:00:00,user_18,employee,13,1,1,1,0,7,5,48.92,7,0,5,normal,0,0.174874,0,3.79
2026-07-20 12:00:00,user_04,admin,12,2,3,2,0,12,1,16.65,26,4,7,normal,0,-0.074408,1,82.07
2026-07-30 14:00:00,user_13,employee,14,1,1,1,0,7,1,12.38,278,9,65,privilege_misuse,1,-0.082712,1,83.42
2026-07-28 08:00:00,user_01,admin,8,0,3,1,0,12,5,104.25,28,2,10,normal,0,0.044688,0,53.08
2026-07-30 14:00:00,user_17,employee,14,0,1,1,0,7,3,21.31,11,0,6,normal,0,0.200233,0,0.0
2026-07-24 10:00:00,user_28,employee,10,0,1,1,0,11,3,86.89,11,0,6,normal,0,0.178858,0,2.28
2026-07-14 13:00:00,user_03,employee,13,1,2,1,0,12,8,37.25,256,16,28,privilege_misuse,1,-0.065362,1,80.61
2026-07-10 16:00:00,user_12,analyst,16,1,4,1,0,19,8,35.43,120,6,22,privilege_misuse,1,-0.10679,1,87.33
2026-07-28 15:00:00,user_29,employee,15,14,1,4,1,8,1,28.91,3,0,4,brute_force,1,-0.079527,1,82.9
2026-07-28 19:00:00,user_23,employee,19,0,3,1,0,6,3,12.55,16,0,4,normal,0,0.120178,0,24.5
2026-07-15 11:00:00,user_16,employee,11,0,1,1,0,364,96,1519.33,11,0,50,data_exfiltration,1,-0.070252,1,81.4
2026-07-01 02:00:00,user_02,admin,2,11,4,3,1,11,133,2978.16,104,3,171,mixed_anomaly,1,-0.208344,1,100.0
2026-07-17 12:00:00,user_21,employee,12,0,2,1,0,14,2,17.18,6,0,8,normal,0,0.175721,0,3.47
2026-07-17 11:00:00,user_14,employee,11,0,1,1,0,202,278,4693.1,6,0,75,data_exfiltration,1,-0.075257,1,82.21
2026-07-03 08:00:00,user_07,analyst,8,0,1,1,0,16,7,84.93,33,0,10,normal,0,0.126338,0,22.17
2026-07-26 12:00:00,user_17,employee,12,0,2,2,0,7,1,35.93,8,0,5,normal,0,0.09269,0,34.91
2026-07-04 11:00:00,user_28,employee,11,0,3,1,1,6,5,12.09,2,0,4,normal,0,0.021082,0,62.02
2026-07-10 07:00:00,user_25,employee,7,1,1,1,0,8,5,47.6,316,20,70,privilege_misuse,1,-0.079166,1,82.85
2026-07-11 18:00:00,user_27,employee,18,0,1,1,0,8,1,133.27,6,0,5,normal,0,0.097937,0,32.92
2026-07-10 14:00:00,user_18,employee,14,2,1,1,0,11,4,55.02,8,0,8,normal,0,0.123851,0,23.11
2026-07-30 18:00:00,user_15,employee,18,0,1,1,0,407,279,7442.4,13,0,199,data_exfiltration,1,-0.0877,1,84.23
2026-07-14 09:00:00,user_25,employee,9,0,3,1,0,5,3,53.04,4,0,3,normal,0,0.137739,0,17.85
2026-07-29 14:00:00,user_10,analyst,14,0,1,1,0,12,5,19.83,171,13,80,privilege_misuse,1,-0.042255,1,76.86
2026-07-23 12:00:00,user_26,employee,12,0,4,1,0,5,4,10.91,4,0,4,normal,0,0.117732,0,25.43
2026-07-10 13:00:00,user_01,admin,13,1,1,1,0,10,4,113.67,21,0,6,normal,0,0.117968,0,25.34
2026-07-29 00:00:00,user_23,employee,0,8,1,3,1,9,172,2916.78,390,6,55,mixed_anomaly,1,-0.212308,1,100.0
2026-07-05 13:00:00,user_23,employee,13,0,1,1,0,6,3,33.94,5,0,5,normal,0,0.195427,0,0.0
2026-07-20 14:00:00,user_18,employee,14,0,1,1,0,4,2,40.83,8,0,3,normal,0,0.177504,0,2.8
2026-07-26 12:00:00,user_14,employee,12,0,3,1,0,6,2,24.98,7,0,4,normal,0,0.170764,0,5.35
2026-07-16 13:00:00,user_30,employee,13,2,5,1,0,6,3,17.35,4,0,4,normal,0,0.039932,0,54.88
2026-07-21 05:00:00,user_17,employee,5,3,5,8,1,11,4,23.05,11,0,6,suspicious_login,1,-0.119338,1,89.36
2026-07-12 11:00:00,user_24,employee,11,2,1,2,0,7,2,17.89,8,0,4,normal,0,0.050178,0,51.0
2026-07-11 11:00:00,user_01,admin,11,0,2,1,0,10,5,63.0,24,3,9,normal,0,0.105785,0,29.95
2026-07-07 09:00:00,user_19,employee,9,0,4,1,0,10,3,42.14,14,0,8,normal,0,0.133301,0,19.53
2026-07-19 12:00:00,user_02,admin,12,0,1,1,0,16,7,97.29,22,5,9,normal,0,0.013016,0,65.07
2026-07-12 03:00:00,user_26,employee,3,1,2,6,1,7,1,24.61,3,0,4,suspicious_login,1,-0.057618,1,79.35
2026-07-02 15:00:00,user_21,employee,15,0,3,1,0,2,2,46.26,7,0,2,normal,0,0.120207,0,24.49
2026-07-05 16:00:00,user_11,analyst,16,29,1,1,0,9,6,7.56,34,0,8,brute_force,1,0.032644,0,57.64
2026-07-01 13:00:00,user_27,employee,13,0,1,1,0,425,217,7168.54,7,0,88,data_exfiltration,1,-0.074052,1,82.02
2026-07-20 17:00:00,user_01,admin,17,0,1,1,0,11,3,115.64,33,1,11,normal,0,0.087962,0,36.7
2026-07-10 14:00:00,user_12,analyst,14,0,1,1,0,14,5,131.16,22,0,8,normal,0,0.126967,0,21.93
2026-07-16 03:00:00,user_15,employee,3,7,1,3,1,7,109,5396.71,406,8,177,mixed_anomaly,1,-0.212727,1,100.0
2026-07-07 10:00:00,user_08,analyst,10,1,2,1,0,16,4,133.66,46,0,12,normal,0,0.043457,0,53.55
2026-07-27 09:00:00,user_27,employee,9,1,1,1,0,4,4,11.97,8,0,3,normal,0,0.143055,0,15.84
2026-07-15 16:00:00,user_28,employee,16,0,1,1,0,12,2,47.37,6,0,9,normal,0,0.173981,0,4.13
2026-07-04 14:00:00,user_03,employee,14,0,1,1,0,12,5,41.91,90,18,26,privilege_misuse,1,-0.038973,1,76.32
2026-07-24 08:00:00,user_15,employee,8,0,2,1,0,3,2,12.24,10,0,2,normal,0,0.118256,0,25.23
2026-07-08 14:00:00,user_22,employee,14,1,1,1,0,7,7,34.84,12,0,6,normal,0,0.1432,0,15.78
2026-07-26 09:00:00,user_22,employee,9,0,2,1,0,137,277,3487.56,12,0,72,data_exfiltration,1,-0.081639,1,83.25
2026-07-22 09:00:00,user_04,admin,9,1,2,1,0,20,3,24.88,28,2,16,normal,0,0.023924,0,60.94
2026-07-26 04:00:00,user_30,employee,4,3,2,4,1,9,3,20.38,7,0,6,suspicious_login,1,-0.074302,1,82.06
2026-07-28 07:00:00,user_05,analyst,7,0,4,1,0,19,2,91.46,93,8,69,privilege_misuse,1,-0.105426,1,87.11
2026-07-16 16:00:00,user_01,admin,16,0,1,1,0,15,5,34.35,21,2,9,normal,0,0.114023,0,26.83
2026-07-27 14:00:00,user_08,analyst,14,0,1,1,0,10,3,70.04,37,0,10,normal,0,0.163474,0,8.11
2026-07-07 10:00:00,user_12,analyst,10,0,2,2,0,14,8,148.93,34,0,13,normal,0,-0.004742,1,70.77
2026-07-08 14:00:00,user_25,employee,14,0,1,1,0,5,2,13.91,5,0,4,normal,0,0.18211,0,1.05
2026-07-17 11:00:00,user_03,admin,11,0,2,1,0,19,4,47.72,19,5,9,normal,0,0.026227,0,60.07
2026-07-03 14:00:00,user_28,employee,14,1,3,1,0,4,1,4.39,166,23,20,privilege_misuse,1,-0.10253,1,86.64
2026-07-29 15:00:00,user_03,admin,15,0,2,1,0,12,2,20.17,18,0,9,normal,0,0.173177,0,4.44
2026-07-13 04:00:00,user_26,employee,4,12,1,9,1,7,124,4934.32,159,9,63,mixed_anomaly,1,-0.212727,1,100.0
2026-07-10 00:00:00,user_19,employee,0,3,1,4,1,7,6,92.91,13,0,6,suspicious_login,1,-0.104108,1,86.89
2026-07-09 17:00:00,user_11,analyst,17,0,1,1,0,21,7,26.82,253,15,35,privilege_misuse,1,-0.076109,1,82.35
2026-07-03 15:00:00,user_29,employee,15,0,2,1,0,6,3,13.05,7,0,5,normal,0,0.183112,0,0.67
2026-07-23 17:00:00,user_29,employee,17,1,1,1,0,8,2,15.89,7,0,6,normal,0,0.164247,0,7.82
2026-07-22 16:00:00,user_26,employee,16,1,1,1,0,7,8,31.48,8,0,4,normal,0,0.126134,0,22.25
2026-07-27 13:00:00,user_01,admin,13,1,1,1,0,18,2,40.15,17,1,16,normal,0,0.070333,0,43.37
2026-07-20 07:00:00,user_01,employee,7,1,2,1,0,9,2,57.9,288,14,70,privilege_misuse,1,-0.079856,1,82.96
2026-07-10 23:00:00,user_18,employee,23,1,1,5,1,8,1,27.86,6,0,6,suspicious_login,1,-0.055191,1,78.96
2026-07-08 19:00:00,user_04,admin,19,11,0,1,0,6,4,56.7,26,1,6,brute_force,1,0.007258,0,67.25
2026-07-14 11:00:00,user_21,employee,11,1,1,1,0,8,3,100.35,8,0,7,normal,0,0.149907,0,13.25
2026-07-30 11:00:00,user_05,analyst,11,0,2,1,0,10,5,44.14,36,0,10,normal,0,0.164728,0,7.63
2026-07-02 10:00:00,user_25,employee,10,1,1,1,0,7,2,83.75,179,9,32,privilege_misuse,1,-0.083298,1,83.52
2026-07-29 12:00:00,user_10,analyst,12,1,1,1,0,14,5,54.64,32,0,8,normal,0,0.159167,0,9.74
2026-07-17 13:00:00,user_30,employee,13,0,1,1,0,4,2,12.51,7,0,2,normal,0,0.159051,0,9.78
2026-07-29 08:00:00,user_10,analyst,8,0,1,1,0,6,5,145.7,43,0,8,normal,0,0.049158,0,51.39
2026-07-05 15:00:00,user_09,analyst,15,1,3,1,0,351,314,3257.29,30,0,70,data_exfiltration,1,-0.108363,1,87.58
2026-07-16 13:00:00,user_06,analyst,13,1,1,1,0,19,11,62.71,33,0,15,normal,0,0.050412,0,50.91
2026-07-10 14:00:00,user_10,analyst,14,0,1,1,0,14,2,35.03,37,0,14,normal,0,0.14884,0,13.65
2026-07-13 21:00:00,user_28,employee,21,0,1,1,0,10,3,53.09,10,0,4,normal,0,0.136323,0,18.39
2026-07-29 11:00:00,user_28,employee,11,1,1,1,0,10,4,28.97,11,0,6,normal,0,0.183309,0,0.6
2026-07-16 17:00:00,user_25,employee,17,0,3,1,0,3,4,14.84,9,0,3,normal,0,0.112101,0,27.56
2026-07-22 12:00:00,user_05,analyst,12,0,3,1,0,9,5,73.66,33,0,8,normal,0,0.137661,0,17.88
2026-07-01 14:00:00,user_21,employee,14,0,1,1,0,7,2,53.69,10,0,4,normal,0,0.195241,0,0.0
2026-07-30 12:00:00,user_19,employee,12,0,2,1,0,6,3,16.75,6,0,3,normal,0,0.184242,0,0.25
2026-07-30 12:00:00,user_16,employee,12,0,2,1,0,4,1,14.69,3,0,2,normal,0,0.129631,0,20.92
2026-07-12 11:00:00,user_13,employee,11,1,6,1,0,9,3,23.76,6,0,6,normal,0,0.065065,0,45.37
2026-07-21 11:00:00,user_15,employee,11,1,1,1,0,13,4,26.63,9,0,7,normal,0,0.174694,0,3.86
2026-07-14 07:00:00,user_30,employee,7,0,2,1,0,7,5,32.24,4,0,5,normal,0,0.151277,0,12.73
2026-07-21 13:00:00,user_05,analyst,13,0,2,2,0,17,5,19.01,42,0,15,normal,0,0.023551,0,61.08
2026-07-04 11:00:00,user_13,employee,11,0,1,2,0,6,3,52.09,9,0,3,normal,0,0.097369,0,33.14
2026-07-24 17:00:00,user_07,analyst,17,2,2,1,0,14,2,44.71,40,0,9,normal,0,0.052886,0,49.98
2026-07-20 15:00:00,user_17,employee,15,0,4,1,0,5,2,22.11,244,17,25,privilege_misuse,1,-0.094904,1,85.4
2026-07-18 14:00:00,user_06,analyst,14,0,2,1,0,15,4,30.11,33,0,12,normal,0,0.165136,0,7.48
2026-07-25 14:00:00,user_29,employee,14,1,3,1,0,12,2,14.15,5,0,9,normal,0,0.125528,0,22.48
2026-07-28 03:00:00,user_10,analyst,3,12,2,8,1,16,104,3452.22,297,3,105,mixed_anomaly,1,-0.200477,1,100.0
2026-07-16 12:00:00,user_18,employee,12,0,1,1,0,7,3,65.39,262,21,76,privilege_misuse,1,-0.058435,1,79.48
2026-07-20 01:00:00,user_23,employee,1,2,1,8,1,8,2,85.67,14,0,6,suspicious_login,1,-0.078054,1,82.66
2026-07-23 01:00:00,user_05,analyst,1,3,2,7,1,10,7,102.34,37,0,10,suspicious_login,1,-0.121579,1,89.73
2026-07-17 10:00:00,user_19,employee,10,0,3,1,0,13,3,71.18,2,0,7,normal,0,0.134995,0,18.89
2026-07-14 12:00:00,user_27,employee,12,0,6,1,0,378,292,5214.03,8,0,82,data_exfiltration,1,-0.123413,1,90.02
2026-07-25 11:00:00,user_26,employee,11,10,1,2,1,5,2,45.13,6,0,4,brute_force,1,-0.07509,1,82.18
2026-07-22 14:00:00,user_11,analyst,14,1,1,1,0,13,3,41.66,37,0,12,normal,0,0.142606,0,16.01
2026-07-26 01:00:00,user_05,analyst,1,13,6,8,1,24,176,3416.94,300,8,111,mixed_anomaly,1,-0.233295,1,100.0
2026-07-23 07:00:00,user_03,employee,7,0,1,1,0,13,3,88.3,225,11,20,privilege_misuse,1,-0.068613,1,81.13
2026-07-22 14:00:00,user_15,employee,14,0,2,1,0,5,4,15.73,10,0,4,normal,0,0.178867,0,2.28
2026-07-08 12:00:00,user_04,admin,12,0,3,1,0,10,5,24.58,24,6,7,normal,0,0.038098,0,55.58
2026-07-12 09:00:00,user_10,analyst,9,15,0,2,0,24,5,13.56,33,0,18,brute_force,1,-0.072867,1,81.82
2026-07-10 14:00:00,user_27,employee,14,0,1,2,0,7,4,20.78,7,0,3,normal,0,0.104298,0,30.51
2026-07-26 00:00:00,user_12,analyst,0,1,1,4,1,17,6,59.33,35,0,12,suspicious_login,1,-0.066764,1,80.83
2026-07-14 13:00:00,user_03,employee,13,0,1,1,0,10,4,58.62,253,13,77,privilege_misuse,1,-0.040561,1,76.58
2026-07-26 00:00:00,user_09,analyst,0,19,3,6,1,15,89,1402.6,205,9,160,mixed_anomaly,1,-0.215872,1,100.0
2026-07-13 02:00:00,user_04,admin,2,2,1,6,1,10,4,89.64,26,0,9,suspicious_login,1,-0.089969,1,84.6
2026-07-26 06:00:00,user_08,analyst,6,0,1,1,0,15,2,47.58,28,0,8,normal,0,0.136975,0,18.14
2026-07-22 13:00:00,user_15,employee,13,26,0,4,1,4,2,6.93,10,0,3,brute_force,1,-0.081206,1,83.18
2026-07-05 19:00:00,user_24,employee,19,0,2,1,0,5,5,9.08,10,0,3,normal,0,0.126626,0,22.06
2026-07-21 13:00:00,user_26,employee,13,0,1,1,0,14,1,21.76,6,0,10,normal,0,0.164892,0,7.57
2026-07-25 11:00:00,user_30,employee,11,0,1,1,0,10,0,74.34,3,0,7,normal,0,0.142518,0,16.04
2026-07-19 16:00:00,user_26,employee,16,0,1,1,0,10,4,95.75,9,0,6,normal,0,0.161099,0,9.01
2026-07-26 13:00:00,user_10,analyst,13,0,3,1,0,13,3,47.91,48,0,10,normal,0,0.107599,0,29.26
2026-07-29 03:00:00,user_17,employee,3,14,1,8,1,5,160,2794.71,154,3,111,mixed_anomaly,1,-0.20192,1,100.0
2026-07-22 15:00:00,user_16,employee,15,0,1,1,0,9,6,34.91,6,0,6,normal,0,0.180751,0,1.57
2026-07-20 14:00:00,user_07,analyst,14,2,1,1,0,19,6,75.87,47,0,15,normal,0,0.012728,0,65.18
2026-07-09 16:00:00,user_15,employee,16,0,1,1,0,6,1,57.99,8,0,5,normal,0,0.17216,0,4.82
2026-07-18 09:00:00,user_24,employee,9,0,2,1,0,180,268,6539.8,8,0,116,data_exfiltration,1,-0.0824,1,83.37
2026-07-12 11:00:00,user_20,employee,11,1,1,1,0,9,1,9.23,7,0,4,normal,0,0.157908,0,10.22
2026-07-22 10:00:00,user_26,employee,10,0,2,1,0,16,0,28.72,7,0,10,normal,0,0.124143,0,23.0
2026-07-14 09:00:00,user_05,analyst,9,1,1,2,0,15,6,33.18,26,0,12,normal,0,0.045896,0,52.62
2026-07-30 08:00:00,user_07,analyst,8,0,1,1,1,9,4,73.7,39,0,8,normal,0,0.020051,0,62.41
2026-07-11 12:00:00,user_09,analyst,12,0,1,1,0,12,7,120.2,35,0,12,normal,0,0.110889,0,28.02
2026-07-06 10:00:00,user_21,employee,10,2,2,1,0,18,3,38.28,7,0,7,normal,0,0.095137,0,33.98
2026-07-28 14:00:00,user_22,employee,14,12,1,3,0,7,3,24.64,12,0,4,brute_force,1,0.007421,0,67.19
2026-07-07 18:00:00,user_17,employee,18,0,1,1,0,12,2,32.58,5,0,10,normal,0,0.15129,0,12.72
2026-07-29 15:00:00,user_12,analyst,15,0,3,1,0,412,242,4077.83,39,0,87,data_exfiltration,1,-0.097411,1,85.81
2026-07-11 13:00:00,user_05,analyst,13,0,1,1,0,10,3,35.48,43,0,11,normal,0,0.146881,0,14.39
2026-07-27 14:00:00,user_06,analyst,14,0,2,1,0,11,4,28.37,34,0,11,normal,0,0.166378,0,7.01
2026-07-17 09:00:00,user_24,employee,9,0,2,1,0,12,4,68.78,11,0,8,normal,0,0.174326,0,4.0
2026-07-22 11:00:00,user_25,employee,11,0,2,1,0,6,5,14.7,8,0,4,normal,0,0.181409,0,1.32
2026-07-17 14:00:00,user_09,analyst,14,0,1,1,0,296,236,7765.24,42,0,190,data_exfiltration,1,-0.073517,1,81.93
2026-07-04 18:00:00,user_25,employee,18,0,6,1,0,8,4,50.86,332,19,39,privilege_misuse,1,-0.114674,1,88.61
2026-07-13 16:00:00,user_16,employee,16,0,3,1,0,10,4,62.84,8,0,5,normal,0,0.156805,0,10.63
2026-07-20 03:00:00,user_13,employee,3,10,1,5,1,8,140,5455.57,162,10,137,mixed_anomaly,1,-0.21189,1,100.0
2026-07-11 16:00:00,user_01,admin,16,0,1,1,0,9,5,43.32,23,2,9,normal,0,0.119862,0,24.62
2026-07-25 10:00:00,user_23,employee,10,0,1,1,0,10,4,24.0,242,24,34,privilege_misuse,1,-0.048488,1,77.87
2026-07-14 08:00:00,user_10,analyst,8,0,1,1,0,13,5,114.59,38,0,10,normal,0,0.105715,0,29.98
2026-07-28 12:00:00,user_14,employee,12,0,1,1,0,7,1,15.41,6,0,6,normal,0,0.184853,0,0.02
2026-07-15 02:00:00,user_09,analyst,2,4,1,4,1,25,5,109.97,46,0,14,suspicious_login,1,-0.151021,1,94.5
2026-07-12 15:00:00,user_22,employee,15,0,1,2,0,12,4,60.27,155,17,79,privilege_misuse,1,-0.092017,1,84.93
2026-07-16 10:00:00,user_04,admin,10,0,3,1,0,12,3,8.71,24,3,10,normal,0,0.06906,0,43.85
2026-07-29 12:00:00,user_02,admin,12,0,2,2,0,13,5,114.29,24,0,8,normal,0,0.047209,0,52.13
2026-07-29 12:00:00,user_05,analyst,12,1,1,1,0,20,7,35.87,38,0,17,normal,0,0.067049,0,44.62
2026-07-10 09:00:00,user_24,employee,9,1,1,1,0,7,2,11.67,10,0,4,normal,0,0.165706,0,7.26
2026-07-18 10:00:00,user_30,employee,10,9,0,3,0,10,2,17.67,6,0,7,brute_force,1,0.008843,0,66.65
2026-07-09 13:00:00,user_24,employee,13,0,1,1,0,10,2,39.78,11,0,7,normal,0,0.200902,0,0.0
2026-07-18 15:00:00,user_14,employee,15,2,1,1,0,9,1,8.84,7,0,4,normal,0,0.105633,0,30.01
2026-07-20 14:00:00,user_05,analyst,14,0,4,1,0,16,6,87.14,47,0,15,normal,0,0.037899,0,55.65
2026-07-03 07:00:00,user_23,employee,7,0,1,1,0,7,6,55.57,235,15,65,privilege_misuse,1,-0.081659,1,83.25
2026-07-11 15:00:00,user_06,analyst,15,0,1,1,0,17,3,48.64,49,0,11,normal,0,0.11412,0,26.79
2026-07-11 14:00:00,user_12,analyst,14,0,3,1,0,19,7,35.11,38,0,12,normal,0,0.101983,0,31.39
2026-07-02 13:00:00,user_16,employee,13,0,6,1,0,10,6,12.26,14,0,5,normal,0,0.064262,0,45.67
2026-07-07 04:00:00,user_18,employee,4,4,3,8,1,8,2,41.56,9,0,7,suspicious_login,1,-0.094691,1,85.36
2026-07-29 08:00:00,user_29,employee,8,0,3,1,0,7,5,91.25,4,0,5,normal,0,0.10974,0,28.45
2026-07-15 13:00:00,user_27,employee,13,2,1,2,0,9,3,26.38,8,0,6,normal,0,0.058062,0,48.02
2026-07-19 02:00:00,user_14,employee,2,5,4,8,1,5,4,35.4,7,0,4,suspicious_login,1,-0.112855,1,88.31
2026-07-22 17:00:00,user_18,employee,17,1,1,1,0,7,2,17.2,8,0,5,normal,0,0.16383,0,7.97
2026-07-19 08:00:00,user_01,admin,8,0,1,1,0,10,4,19.78,28,0,10,normal,0,0.163947,0,7.93
2026-07-15 15:00:00,user_15,employee,15,0,1,1,0,7,4,21.51,2,0,5,normal,0,0.175612,0,3.51
2026-07-15 07:00:00,user_29,employee,7,1,1,2,0,9,1,35.29,11,0,5,normal,0,0.054374,0,49.41
2026-07-17 15:00:00,user_02,admin,15,29,0,4,1,19,2,33.6,23,2,11,brute_force,1,-0.127467,1,90.68
2026-07-20 19:00:00,user_24,employee,19,1,1,1,0,8,4,13.92,14,0,5,normal,0,0.13317,0,19.58
2026-07-12 08:00:00,user_12,analyst,8,1,3,1,0,15,11,73.39,24,0,11,normal,0,0.031615,0,58.03
2026-07-01 16:00:00,user_04,employee,16,0,1,1,0,17,4,32.87,95,22,32,privilege_misuse,1,-0.05002,1,78.12
2026-07-06 15:00:00,user_13,employee,15,1,1,1,0,5,2,13.38,5,0,4,normal,0,0.157442,0,10.39
2026-07-20 12:00:00,user_07,analyst,12,0,2,1,0,20,6,34.11,34,0,15,normal,0,0.107578,0,29.27
2026-07-01 14:00:00,user_21,employee,14,0,6,2,0,8,0,14.55,9,0,5,normal,0,-0.024751,1,74.02
2026-07-02 17:00:00,user_27,employee,17,0,1,1,0,7,2,16.23,281,20,61,privilege_misuse,1,-0.074164,1,82.03
2026-07-22 14:00:00,user_18,employee,14,2,1,1,0,6,3,11.24,11,0,4,normal,0,0.123389,0,23.29
2026-07-22 11:00:00,user_30,employee,11,0,1,1,0,6,1,59.41,7,0,5,normal,0,0.183016,0,0.71
2026-07-24 17:00:00,user_28,employee,17,0,5,1,0,1,2,17.43,8,0,1,normal,0,0.02228,0,61.56
2026-07-13 06:00:00,user_29,employee,6,0,3,1,0,6,2,89.98,6,0,4,normal,0,0.101424,0,31.6
2026-07-02 13:00:00,user_21,employee,13,2,4,1,0,11,3,58.96,11,0,6,normal,0,0.088711,0,36.41
2026-07-01 17:00:00,user_19,employee,17,0,2,1,0,7,2,25.78,6,0,4,normal,0,0.172739,0,4.6
2026-07-25 11:00:00,user_28,employee,11,1,1,1,0,7,2,17.35,11,0,5,normal,0,0.17783,0,2.67
2026-07-09 10:00:00,user_07,analyst,10,0,3,2,0,8,6,42.14,43,0,7,normal,0,0.023094,0,61.26
2026-07-02 12:00:00,user_23,employee,12,0,1,1,0,158,171,8074.78,5,0,167,data_exfiltration,1,-0.074901,1,82.15
2026-07-29 10:00:00,user_25,employee,10,0,1,1,0,139,257,4852.31,8,0,97,data_exfiltration,1,-0.071336,1,81.57
2026-07-18 16:00:00,user_27,employee,16,2,1,1,0,3,0,24.3,10,0,2,normal,0,0.047614,0,51.97
2026-07-28 08:00:00,user_18,employee,8,0,1,1,0,9,5,20.69,307,20,61,privilege_misuse,1,-0.063643,1,80.33
2026-07-06 12:00:00,user_06,analyst,12,1,1,1,1,14,5,53.91,29,0,12,normal,0,0.026449,0,59.99
2026-07-04 14:00:00,user_26,employee,14,19,1,1,0,6,0,22.12,8,0,4,brute_force,1,0.051107,0,50.65
2026-07-05 09:00:00,user_28,employee,9,1,2,1,0,8,2,40.52,6,0,4,normal,0,0.165381,0,7.39
2026-07-17 08:00:00,user_06,analyst,8,1,2,1,0,14,7,20.62,33,0,10,normal,0,0.107607,0,29.26
2026-07-08 15:00:00,user_28,employee,15,2,1,1,0,7,3,42.22,218,22,57,privilege_misuse,1,-0.089142,1,84.46
2026-07-22 16:00:00,user_29,employee,16,0,1,1,0,1,1,53.28,7,0,1,normal,0,0.117649,0,25.46
2026-07-22 12:00:00,user_10,analyst,12,22,1,4,0,15,5,9.51,30,0,12,brute_force,1,-0.018445,1,72.99
2026-07-09 11:00:00,user_06,analyst,11,0,1,1,0,287,201,4686.64,33,0,103,data_exfiltration,1,-0.065934,1,80.7
2026-07-09 14:00:00,user_02,admin,14,0,1,2,0,10,6,55.4,17,2,8,normal,0,0.034879,0,56.79
2026-07-30 13:00:00,user_13,employee,13,0,4,1,0,3,0,77.83,285,7,23,privilege_misuse,1,-0.10828,1,87.57
2026-07-22 13:00:00,user_26,employee,13,0,2,1,0,8,3,18.99,6,0,4,normal,0,0.193346,0,0.0
2026-07-13 04:00:00,user_15,employee,4,12,1,8,1,10,96,2350.98,430,4,78,mixed_anomaly,1,-0.203159,1,100.0
2026-07-14 10:00:00,user_13,employee,10,0,4,1,0,6,1,45.94,9,0,3,normal,0,0.118669,0,25.07
2026-07-01 00:00:00,user_06,analyst,0,11,2,6,1,13,81,3734.08,286,7,108,mixed_anomaly,1,-0.210428,1,100.0
2026-07-29 12:00:00,user_18,employee,12,0,1,1,0,10,3,38.56,10,0,6,normal,0,0.205718,0,0.0
2026-07-09 14:00:00,user_02,admin,14,0,1,1,0,12,4,26.33,28,1,7,normal,0,0.153876,0,11.74
2026-07-21 00:00:00,user_03,admin,0,13,1,9,1,15,125,4496.38,271,1,129,mixed_anomaly,1,-0.191672,1,100.0
2026-07-07 17:00:00,user_29,employee,17,1,3,1,0,4,3,47.62,2,0,3,normal,0,0.100938,0,31.79
2026-07-21 15:00:00,user_22,employee,15,0,2,1,0,11,4,15.43,13,0,9,normal,0,0.178549,0,2.4
2026-07-30 18:00:00,user_14,employee,18,11,1,2,0,10,2,14.63,7,0,7,brute_force,1,-0.016162,1,72.62
2026-07-24 13:00:00,user_16,employee,13,0,2,1,0,7,4,14.13,10,0,4,normal,0,0.189412,0,0.0
2026-07-04 12:00:00,user_18,employee,12,1,2,1,0,12,3,26.61,5,0,6,normal,0,0.170235,0,5.55
2026-07-17 11:00:00,user_27,employee,11,1,2,1,0,373,122,1889.49,13,0,128,data_exfiltration,1,-0.085248,1,83.83
2026-07-02 18:00:00,user_24,employee,18,19,0,3,1,6,6,44.43,4,0,5,brute_force,1,-0.10145,1,86.46
2026-07-27 12:00:00,user_11,analyst,12,0,1,1,0,15,4,16.27,36,0,15,normal,0,0.137896,0,17.79
2026-07-17 16:00:00,user_09,analyst,16,0,2,1,0,11,4,36.42,39,0,10,normal,0,0.153195,0,12.0
2026-07-27 01:00:00,user_29,employee,1,2,1,6,1,12,3,33.78,3,0,9,suspicious_login,1,-0.077904,1,82.64
2026-07-29 11:00:00,user_14,employee,11,0,1,1,0,7,1,67.5,9,0,4,normal,0,0.179719,0,1.96
2026-07-21 13:00:00,user_25,employee,13,0,3,1,0,8,1,8.25,10,0,4,normal,0,0.146104,0,14.69
2026-07-27 12:00:00,user_11,analyst,12,3,1,1,0,21,7,43.74,35,0,11,normal,0,0.030474,0,58.46
2026-07-10 09:00:00,user_05,analyst,9,0,1,1,0,16,3,39.19,41,0,12,normal,0,0.141359,0,16.48
2026-07-20 12:00:00,user_25,employee,12,1,3,1,0,331,160,4247.47,4,0,160,data_exfiltration,1,-0.103027,1,86.72
2026-07-20 10:00:00,user_20,employee,10,1,3,1,0,6,3,45.16,11,0,3,normal,0,0.139381,0,17.23
2026-07-21 14:00:00,user_24,employee,14,2,2,2,0,6,7,14.17,11,0,4,normal,0,0.010729,0,65.94
2026-07-30 16:00:00,user_12,analyst,16,17,1,2,1,16,6,132.17,35,0,14,brute_force,1,-0.127462,1,90.68
2026-07-16 11:00:00,user_19,employee,11,0,1,2,0,7,1,19.9,6,0,4,normal,0,0.099058,0,32.5
2026-07-21 15:00:00,user_16,employee,15,0,1,1,1,12,1,66.4,8,0,9,normal,0,0.038526,0,55.41
2026-07-01 08:00:00,user_21,employee,8,0,1,1,0,9,1,21.31,8,0,4,normal,0,0.170836,0,5.32
2026-07-10 14:00:00,user_14,employee,14,8,1,2,1,1,1,20.35,3,0,1,brute_force,1,-0.102336,1,86.6
2026-07-10 06:00:00,user_13,employee,6,0,2,1,0,6,1,55.54,8,0,4,normal,0,0.143254,0,15.76
2026-07-21 10:00:00,user_14,employee,10,1,1,1,0,7,2,21.53,11,0,4,normal,0,0.173238,0,4.41
2026-07-12 12:00:00,user_18,employee,12,0,3,1,0,9,3,70.09,271,7,34,privilege_misuse,1,-0.066247,1,80.75
2026-07-03 14:00:00,user_10,analyst,14,1,1,1,0,13,5,7.97,202,21,54,privilege_misuse,1,-0.062937,1,80.21
2026-07-26 18:00:00,user_02,admin,18,1,2,1,0,14,7,99.82,22,2,9,normal,0,0.03004,0,58.63
2026-07-20 12:00:00,user_10,analyst,12,0,3,1,0,13,4,109.56,25,0,9,normal,0,0.117609,0,25.47
2026-07-03 09:00:00,user_05,analyst,9,1,1,1,0,6,7,34.59,32,0,5,normal,0,0.110808,0,28.05
2026-07-23 13:00:00,user_16,employee,13,0,1,1,0,9,3,48.08,348,14,35,privilege_misuse,1,-0.044823,1,77.27
2026-07-03 19:00:00,user_09,analyst,19,0,2,1,0,10,14,16.79,36,0,8,normal,0,0.048344,0,51.7
2026-07-27 12:00:00,user_08,analyst,12,0,2,1,0,18,7,21.95,104,13,77,privilege_misuse,1,-0.069044,1,81.2
2026-07-10 12:00:00,user_24,employee,12,1,2,1,0,9,3,23.52,6,0,7,normal,0,0.179192,0,2.16
2026-07-29 18:00:00,user_03,admin,18,0,1,2,0,406,174,3831.92,35,4,115,data_exfiltration,1,-0.144323,1,93.42
2026-07-04 18:00:00,user_17,employee,18,0,3,2,0,5,5,133.95,8,0,3,normal,0,-0.022503,1,73.65
2026-07-12 11:00:00,user_08,analyst,11,1,1,1,0,11,5,17.44,35,0,11,normal,0,0.14628,0,14.62
2026-07-26 13:00:00,user_18,employee,13,0,4,1,0,9,1,70.25,11,0,5,normal,0,0.122849,0,23.49
2026-07-16 18:00:00,user_04,admin,18,0,1,1,0,16,7,42.58,22,2,11,normal,0,0.076686,0,40.97
2026-07-28 09:00:00,user_13,employee,9,0,1,1,0,6,2,35.3,6,0,4,normal,0,0.184581,0,0.12
2026-07-12 02:00:00,user_13,employee,2,11,4,4,1,7,111,3185.41,249,9,67,mixed_anomaly,1,-0.221355,1,100.0
2026-07-28 02:00:00,user_21,employee,2,3,1,7,1,13,2,16.35,10,0,9,suspicious_login,1,-0.085746,1,83.91
2026-07-18 00:00:00,user_14,employee,0,18,4,7,1,9,98,2055.89,248,10,77,mixed_anomaly,1,-0.220297,1,100.0
2026-07-29 10:00:00,user_25,employee,10,1,1,1,1,10,1,62.58,5,0,7,normal,0,0.02519,0,60.46
2026-07-16 00:00:00,user_03,admin,0,3,3,8,1,4,5,55.65,24,1,4,suspicious_login,1,-0.133905,1,91.73
2026-07-29 14:00:00,user_26,employee,14,1,1,1,0,7,0,37.67,9,0,6,normal,0,0.140957,0,16.63
2026-07-11 16:00:00,user_12,analyst,16,0,3,1,0,415,114,3891.68,39,0,114,data_exfiltration,1,-0.102386,1,86.61
2026-07-29 08:00:00,user_18,employee,8,0,2,1,0,11,2,40.38,3,0,7,normal,0,0.16128,0,8.94
2026-07-05 13:00:00,user_12,analyst,13,1,1,2,0,10,9,20.49,39,0,9,normal,0,0.014293,0,64.59
2026-07-20 15:00:00,user_07,analyst,15,0,2,2,0,17,7,106.49,32,0,15,normal,0,0.007413,0,67.19
2026-07-19 02:00:00,user_03,admin,2,6,1,4,1,10,113,4506.97,351,5,106,mixed_anomaly,1,-0.20876,1,100.0
2026-07-26 17:00:00,user_21,employee,17,0,2,1,0,15,2,127.37,328,23,67,privilege_misuse,1,-0.096332,1,85.63
2026-07-11 15:00:00,user_22,employee,15,0,3,1,0,6,0,63.62,8,0,3,normal,0,0.111747,0,27.69
2026-07-19 11:00:00,user_08,analyst,11,2,1,1,0,13,4,54.75,41,0,13,normal,0,0.067112,0,44.59
2026-07-10 08:00:00,user_02,admin,8,0,1,2,0,13,4,162.47,16,1,6,normal,0,-0.01037,1,71.68
2026-07-10 06:00:00,user_28,employee,6,1,2,1,0,7,3,53.9,10,0,5,normal,0,0.137797,0,17.83
2026-07-24 16:00:00,user_16,employee,16,24,1,2,0,6,3,25.33,5,0,3,brute_force,1,-0.004561,1,70.74
2026-07-26 14:00:00,user_15,employee,14,0,1,1,0,6,4,91.59,9,0,5,normal,0,0.167537,0,6.57
2026-07-19 11:00:00,user_21,employee,11,0,1,1,0,7,4,32.89,5,0,4,normal,0,0.194296,0,0.0
2026-07-17 07:00:00,user_30,employee,7,0,2,2,0,6,2,67.12,5,0,5,normal,0,0.060706,0,47.02
2026-07-02 11:00:00,user_09,analyst,11,2,1,1,0,14,4,60.29,33,0,10,normal,0,0.099415,0,32.36
2026-07-09 09:00:00,user_01,admin,9,0,1,1,0,9,2,30.9,35,0,8,normal,0,0.160219,0,9.34
2026-07-09 13:00:00,user_03,admin,13,0,2,1,0,10,4,34.87,25,4,10,normal,0,0.091115,0,35.5
2026-07-30 17:00:00,user_08,analyst,17,1,1,1,0,13,7,25.03,25,0,9,normal,0,0.12343,0,23.27
2026-07-05 09:00:00,user_20,employee,9,2,2,1,0,5,4,71.46,5,0,4,normal,0,0.094137,0,34.36
2026-07-19 11:00:00,user_19,employee,11,0,1,1,0,6,0,21.46,8,0,4,normal,0,0.160326,0,9.3
2026-07-13 10:00:00,user_27,employee,10,1,2,1,0,10,4,18.51,13,0,7,normal,0,0.169041,0,6.0
2026-07-30 12:00:00,user_22,employee,12,1,1,1,0,9,2,31.11,9,0,5,normal,0,0.182798,0,0.79
2026-07-28 20:00:00,user_13,employee,20,0,2,1,0,0,2,35.22,11,0,1,normal,0,0.079371,0,39.95
2026-07-09 14:00:00,user_09,analyst,14,8,1,3,0,10,5,44.22,36,0,7,brute_force,1,-0.005799,1,70.94
2026-07-15 11:00:00,user_04,admin,11,2,2,1,0,19,1,94.0,32,0,10,normal,0,0.033456,0,57.33
2026-07-17 09:00:00,user_25,employee,9,0,2,1,0,157,315,5289.93,11,0,210,data_exfiltration,1,-0.08176,1,83.27
2026-07-26 11:00:00,user_05,analyst,11,0,1,1,0,304,257,1860.57,41,0,105,data_exfiltration,1,-0.073066,1,81.86
2026-07-14 12:00:00,user_19,employee,12,0,1,1,0,347,273,7257.88,4,0,194,data_exfiltration,1,-0.076685,1,82.44
2026-07-06 05:00:00,user_21,employee,5,3,1,7,1,13,3,12.97,12,0,8,suspicious_login,1,-0.084635,1,83.73
2026-07-21 09:00:00,user_16,employee,9,0,3,1,0,12,3,22.74,8,0,7,normal,0,0.158124,0,10.13
2026-07-12 01:00:00,user_03,admin,1,2,1,6,1,13,6,37.22,28,0,7,suspicious_login,1,-0.083688,1,83.58
2026-07-08 13:00:00,user_03,admin,13,0,3,1,0,14,2,66.09,28,3,11,normal,0,0.072002,0,42.74
2026-07-21 00:00:00,user_18,employee,0,8,1,4,1,9,81,1354.88,344,9,67,mixed_anomaly,1,-0.212308,1,100.0
2026-07-20 11:00:00,user_23,employee,11,0,2,1,0,9,6,13.31,8,0,5,normal,0,0.173998,0,4.12
2026-07-21 12:00:00,user_07,analyst,12,8,0,2,0,11,5,39.99,34,0,10,brute_force,1,0.000706,0,69.73
2026-07-02 10:00:00,user_25,employee,10,1,3,1,0,5,4,27.13,8,0,2,normal,0,0.123493,0,23.25
2026-07-10 23:00:00,user_04,admin,23,3,3,5,1,10,1,17.53,21,1,8,suspicious_login,1,-0.137007,1,92.23
2026-07-30 13:00:00,user_06,analyst,13,0,2,1,0,13,4,119.99,25,0,10,normal,0,0.133692,0,19.38
2026-07-08 09:00:00,user_06,analyst,9,1,2,1,0,15,4,20.39,296,22,47,privilege_misuse,1,-0.073564,1,81.94
2026-07-19 18:00:00,user_01,admin,18,0,2,1,0,9,5,22.21,31,3,7,normal,0,0.069343,0,43.75
2026-07-22 07:00:00,user_18,employee,7,0,1,1,0,11,8,39.99,15,0,7,normal,0,0.131514,0,20.21
2026-07-02 10:00:00,user_20,employee,10,0,2,1,0,260,200,7420.07,8,0,114,data_exfiltration,1,-0.08099,1,83.14
2026-07-22 16:00:00,user_19,employee,16,0,1,1,0,6,1,51.5,12,0,5,normal,0,0.172306,0,4.77
2026-07-09 13:00:00,user_10,analyst,13,0,5,1,0,357,317,7235.62,39,0,98,data_exfiltration,1,-0.116238,1,88.86
2026-07-24 18:00:00,user_03,admin,18,0,1,1,0,15,7,100.57,21,3,10,normal,0,0.033971,0,57.14
2026-07-17 10:00:00,user_04,admin,10,0,2,1,0,191,266,4257.8,28,5,79,data_exfiltration,1,-0.13144,1,91.33
2026-07-13 13:00:00,user_17,employee,13,0,1,1,0,8,4,16.3,6,0,4,normal,0,0.196894,0,0.0
2026-07-21 01:00:00,user_27,employee,1,4,1,6,1,7,4,11.92,9,0,5,suspicious_login,1,-0.085482,1,83.87
2026-07-28 13:00:00,user_05,analyst,13,0,1,1,0,16,6,53.07,39,0,10,normal,0,0.153569,0,11.86
2026-07-20 15:00:00,user_21,employee,15,1,2,2,0,4,1,25.44,12,0,4,normal,0,0.047279,0,52.1
2026-07-28 07:00:00,user_20,employee,7,24,0,1,1,6,2,29.57,2,0,2,brute_force,1,-0.047178,1,77.65
2026-07-01 15:00:00,user_27,employee,15,0,1,1,0,15,2,27.81,6,0,12,normal,0,0.156771,0,10.65
2026-07-16 11:00:00,user_19,employee,11,0,2,1,0,9,4,33.74,14,0,5,normal,0,0.185751,0,0.0
2026-07-22 06:00:00,user_19,employee,6,0,1,1,0,10,3,22.47,10,0,8,normal,0,0.162705,0,8.4
2026-07-20 14:00:00,user_19,employee,14,0,1,1,0,10,3,62.29,7,0,4,normal,0,0.193843,0,0.0
2026-07-21 16:00:00,user_17,employee,16,0,2,1,0,7,8,11.77,6,0,6,normal,0,0.13895,0,17.39
2026-07-04 12:00:00,user_01,admin,12,1,1,1,0,8,5,23.75,28,1,6,normal,0,0.126712,0,22.03
2026-07-09 10:00:00,user_27,employee,10,0,2,1,0,9,3,61.66,3,0,6,normal,0,0.177376,0,2.85
2026-07-13 03:00:00,user_25,employee,3,2,1,6,1,5,4,72.93,7,0,4,suspicious_login,1,-0.079395,1,82.88
2026-07-18 16:00:00,user_08,analyst,16,2,2,1,0,15,3,24.38,25,0,8,normal,0,0.08512,0,37.77
2026-07-25 15:00:00,user_30,employee,15,0,2,2,0,4,3,23.64,6,0,3,normal,0,0.075208,0,41.53
2026-07-19 03:00:00,user_05,analyst,3,3,1,3,1,13,2,102.49,38,0,10,suspicious_login,1,-0.119798,1,89.44
2026-07-08 18:00:00,user_08,analyst,18,0,2,1,0,7,6,57.22,37,0,6,normal,0,0.110552,0,28.15
2026-07-26 13:00:00,user_10,analyst,13,2,1,1,0,15,5,99.64,30,0,13,normal,0,0.062026,0,46.52
2026-07-27 14:00:00,user_02,admin,14,0,1,1,0,7,2,69.85,14,1,4,normal,0,0.140641,0,16.75
2026-07-29 03:00:00,user_17,employee,3,6,1,9,1,10,62,2832.95,260,9,110,mixed_anomaly,1,-0.21189,1,100.0
2026-07-22 15:00:00,user_26,employee,15,0,1,1,0,14,4,70.63,4,0,10,normal,0,0.154129,0,11.65
2026-07-21 12:00:00,user_06,analyst,12,0,1,1,0,16,9,108.76,37,0,14,normal,0,0.082079,0,38.93
2026-07-11 13:00:00,user_23,employee,13,0,1,2,0,7,3,13.8,11,0,5,normal,0,0.113695,0,26.96
2026-07-30 03:00:00,user_28,employee,3,4,1,3,1,16,2,6.94,8,0,10,suspicious_login,1,-0.107293,1,87.41
2026-07-21 08:00:00,user_01,admin,8,0,3,1,0,9,2,102.81,27,1,9,normal,0,0.067234,0,44.55
2026-07-29 14:00:00,user_24,employee,14,0,1,1,0,8,2,53.91,6,0,3,normal,0,0.184897,0,0.0
2026-07-19 17:00:00,user_10,analyst,17,0,1,1,0,202,193,2646.38,31,0,72,data_exfiltration,1,-0.081781,1,83.27
2026-07-27 07:00:00,user_04,admin,7,0,2,1,0,11,9,54.05,24,0,6,normal,0,0.10966,0,28.48
2026-07-24 02:00:00,user_10,analyst,2,3,2,7,1,19,6,22.04,35,0,11,suspicious_login,1,-0.112246,1,88.21
2026-07-05 13:00:00,user_21,employee,13,0,2,1,0,251,242,4699.87,9,0,133,data_exfiltration,1,-0.078696,1,82.77
2026-07-08 14:00:00,user_16,employee,14,1,2,1,0,11,3,15.42,11,0,7,normal,0,0.171746,0,4.98
2026-07-07 01:00:00,user_14,employee,1,5,1,5,1,8,1,2.78,10,0,5,suspicious_login,1,-0.090021,1,84.61
2026-07-01 16:00:00,user_10,analyst,16,2,1,1,0,25,4,49.5,38,0,14,normal,0,0.008661,0,66.72
2026-07-22 06:00:00,user_11,analyst,6,0,1,1,0,20,7,9.81,39,0,18,normal,0,0.041849,0,54.16
2026-07-09 14:00:00,user_14,employee,14,0,2,1,0,4,3,33.68,6,0,4,normal,0,0.173073,0,4.48
2026-07-17 17:00:00,user_17,employee,17,0,1,1,0,10,2,37.02,11,0,8,normal,0,0.18159,0,1.25
2026-07-19 10:00:00,user_20,employee,10,0,1,1,0,303,98,4551.64,7,0,206,data_exfiltration,1,-0.074268,1,82.05
2026-07-02 16:00:00,user_27,employee,16,0,1,1,0,10,4,33.3,6,0,6,normal,0,0.192375,0,0.0
2026-07-19 10:00:00,user_02,employee,10,0,2,1,0,11,5,51.14,213,21,39,privilege_misuse,1,-0.048941,1,77.94
2026-07-17 23:00:00,user_23,employee,23,5,1,4,1,9,2,72.38,8,0,6,suspicious_login,1,-0.104754,1,87.0
2026-07-23 15:00:00,user_20,employee,15,22,1,4,1,7,5,26.52,10,0,5,brute_force,1,-0.076246,1,82.37
2026-07-17 13:00:00,user_12,analyst,13,15,1,1,1,13,8,64.65,35,0,10,brute_force,1,-0.055979,1,79.08
2026-07-28 16:00:00,user_16,employee,16,0,1,1,0,10,2,45.63,9,0,4,normal,0,0.188825,0,0.0
2026-07-07 06:00:00,user_29,employee,6,0,1,1,0,10,6,31.65,10,0,8,normal,0,0.14048,0,16.81
2026-07-09 10:00:00,user_18,employee,10,1,1,1,0,7,3,30.78,9,0,4,normal,0,0.176669,0,3.11
2026-07-20 19:00:00,user_01,admin,19,0,1,1,0,405,185,1718.31,24,1,65,data_exfiltration,1,-0.09973,1,86.18
2026-07-22 00:00:00,user_24,employee,0,3,2,5,1,8,1,104.86,10,0,5,suspicious_login,1,-0.108062,1,87.53
2026-07-22 02:00:00,user_28,employee,2,19,3,6,1,4,94,1104.68,459,9,107,mixed_anomaly,1,-0.217766,1,100.0
2026-07-07 10:00:00,user_17,employee,10,10,1,1,1,11,2,14.35,15,0,7,brute_force,1,-0.015812,1,72.57
2026-07-16 13:00:00,user_26,employee,13,0,2,2,0,7,2,24.16,10,0,6,normal,0,0.105098,0,30.21
2026-07-24 11:00:00,user_17,employee,11,0,1,1,0,5,0,68.38,7,0,4,normal,0,0.147502,0,14.16
2026-07-08 13:00:00,user_30,employee,13,14,0,3,1,11,7,18.1,4,0,9,brute_force,1,-0.090712,1,84.72
2026-07-13 14:00:00,user_05,analyst,14,1,1,1,0,19,9,142.43,27,0,9,normal,0,0.041375,0,54.34
2026-07-29 17:00:00,user_28,employee,17,1,1,1,0,4,3,76.43,3,0,3,normal,0,0.120525,0,24.37
2026-07-28 09:00:00,user_09,analyst,9,0,1,1,0,13,6,3.24,41,0,8,normal,0,0.120011,0,24.56
2026-07-02 13:00:00,user_27,employee,13,2,1,1,0,11,3,46.03,11,0,7,normal,0,0.136673,0,18.26
2026-07-04 16:00:00,user_02,admin,16,1,1,1,0,12,2,72.04,29,3,12,normal,0,0.06306,0,46.13
2026-07-23 08:00:00,user_07,analyst,8,0,1,1,0,8,9,41.04,42,0,9,normal,0,0.094925,0,34.06
2026-07-12 10:00:00,user_15,employee,10,0,2,1,0,5,1,59.21,16,0,5,normal,0,0.156044,0,10.92
2026-07-30 02:00:00,user_04,admin,2,2,1,3,1,13,1,74.49,31,3,11,suspicious_login,1,-0.131585,1,91.35
2026-07-27 13:00:00,user_28,employee,13,1,1,1,0,11,2,41.33,15,0,6,normal,0,0.172373,0,4.74
2026-07-20 14:00:00,user_14,employee,14,1,1,1,0,7,3,30.8,8,0,4,normal,0,0.181539,0,1.27
2026-07-09 19:00:00,user_08,analyst,19,1,2,1,0,12,3,53.12,310,11,47,privilege_misuse,1,-0.073024,1,81.85
2026-07-17 13:00:00,user_15,employee,13,1,2,1,0,12,2,32.57,8,0,6,normal,0,0.173592,0,4.28
2026-07-07 14:00:00,user_22,employee,14,9,1,3,0,7,2,17.83,7,0,5,brute_force,1,0.012104,0,65.42
2026-07-03 11:00:00,user_08,analyst,11,0,1,1,0,12,7,112.8,29,0,9,normal,0,0.130234,0,20.69
2026-07-13 18:00:00,user_05,analyst,18,0,1,1,0,14,2,48.28,27,0,10,normal,0,0.152947,0,12.09
2026-07-14 16:00:00,user_23,employee,16,0,3,2,0,6,1,38.51,6,0,3,normal,0,0.045534,0,52.76
2026-07-11 19:00:00,user_29,employee,19,1,1,2,0,4,0,40.07,10,0,4,normal,0,0.019137,0,62.75
2026-07-12 09:00:00,user_28,employee,9,1,2,1,0,7,2,20.26,5,0,3,normal,0,0.154264,0,11.6
2026-07-09 10:00:00,user_13,employee,10,0,1,1,0,11,2,13.12,9,0,8,normal,0,0.187345,0,0.0
2026-07-16 00:00:00,user_22,employee,0,5,2,3,1,10,3,35.88,14,0,5,suspicious_login,1,-0.084069,1,83.64
2026-07-02 09:00:00,user_20,employee,9,0,1,1,0,4,6,25.53,11,0,3,normal,0,0.144222,0,15.4
2026-07-20 04:00:00,user_19,employee,4,2,2,5,1,3,3,28.21,6,0,2,suspicious_login,1,-0.087045,1,84.12
2026-07-08 11:00:00,user_25,employee,11,26,0,3,1,8,8,4.86,8,0,6,brute_force,1,-0.092304,1,84.98
2026-07-19 12:00:00,user_08,analyst,12,1,1,1,0,12,6,16.72,39,0,12,normal,0,0.122021,0,23.8
2026-07-23 11:00:00,user_11,analyst,11,0,2,1,0,14,3,24.35,34,0,12,normal,0,0.158906,0,9.84
2026-07-17 11:00:00,user_02,admin,11,0,1,1,0,6,5,63.65,23,1,5,normal,0,0.136431,0,18.35
2026-07-22 09:00:00,user_03,admin,9,14,1,1,1,7,2,32.89,33,1,5,brute_force,1,-0.059431,1,79.64
2026-07-28 14:00:00,user_12,analyst,14,0,1,1,0,15,1,26.82,38,0,15,normal,0,0.122888,0,23.47
2026-07-30 13:00:00,user_15,employee,13,0,2,1,0,10,3,30.91,5,0,6,normal,0,0.192414,0,0.0
2026-07-17 14:00:00,user_14,employee,14,24,0,1,0,11,3,11.64,11,0,7,brute_force,1,0.084374,0,38.06
2026-07-17 14:00:00,user_16,employee,14,0,2,2,0,8,6,15.52,8,0,7,normal,0,0.088428,0,36.52
2026-07-17 09:00:00,user_14,employee,9,0,3,1,1,3,4,25.21,7,0,2,normal,0,0.011565,0,65.62
2026-07-29 10:00:00,user_13,employee,10,0,1,1,0,9,8,30.38,8,0,6,normal,0,0.160428,0,9.26
2026-07-23 10:00:00,user_12,analyst,10,0,1,1,0,15,7,53.3,27,0,11,normal,0,0.154557,0,11.49
2026-07-06 16:00:00,user_02,admin,16,0,2,2,0,10,4,55.72,23,2,6,normal,0,0.036996,0,55.99
2026-07-25 04:00:00,user_17,employee,4,2,1,5,1,8,1,51.02,7,0,7,suspicious_login,1,-0.071024,1,81.52
2026-07-21 17:00:00,user_23,employee,17,1,1,1,0,8,1,39.24,7,0,6,normal,0,0.157258,0,10.46
2026-07-13 16:00:00,user_23,employee,16,0,1,1,0,9,1,21.27,6,0,7,normal,0,0.177179,0,2.92
2026-07-26 16:00:00,user_14,employee,16,1,3,1,0,0,1,41.24,8,0,1,normal,0,0.073689,0,42.1
2026-07-11 12:00:00,user_11,analyst,12,0,1,1,0,16,7,85.09,39,0,11,normal,0,0.131615,0,20.17
2026-07-11 12:00:00,user_27,employee,12,1,1,1,0,5,5,67.58,6,0,3,normal,0,0.146605,0,14.5
2026-07-06 17:00:00,user_23,employee,17,0,1,1,1,13,2,12.96,8,0,11,normal,0,0.027383,0,59.63
2026-07-04 00:00:00,user_30,employee,0,5,1,4,1,11,3,29.66,11,0,7,suspicious_login,1,-0.079848,1,82.96
2026-07-20 14:00:00,user_29,employee,14,0,3,1,0,8,1,49.57,297,19,29,privilege_misuse,1,-0.075191,1,82.2
2026-07-30 15:00:00,user_14,employee,15,2,1,1,0,7,4,103.75,10,0,4,normal,0,0.083529,0,38.38
2026-07-13 13:00:00,user_02,admin,13,0,1,1,0,10,4,93.69,22,6,8,normal,0,0.029591,0,58.8
2026-07-14 11:00:00,user_16,employee,11,1,1,1,0,10,1,62.43,9,0,5,normal,0,0.162987,0,8.29
2026-07-03 12:00:00,user_04,admin,12,0,1,1,0,13,2,16.49,18,1,11,normal,0,0.137661,0,17.88
2026-07-19 16:00:00,user_20,employee,16,0,1,1,0,5,4,5.05,6,0,4,normal,0,0.166768,0,6.86
2026-07-11 03:00:00,user_26,employee,3,17,1,7,1,4,81,4158.72,179,11,116,mixed_anomaly,1,-0.213983,1,100.0
2026-07-15 18:00:00,user_16,employee,18,0,1,2,0,11,3,20.16,5,0,7,normal,0,0.084706,0,37.93
2026-07-12 08:00:00,user_15,employee,8,0,2,1,0,13,3,24.79,6,0,7,normal,0,0.168459,0,6.22
2026-07-19 14:00:00,user_18,employee,14,1,1,1,0,4,3,63.06,6,0,2,normal,0,0.144093,0,15.45
2026-07-11 09:00:00,user_08,analyst,9,0,2,1,0,20,4,13.54,108,15,50,privilege_misuse,1,-0.07745,1,82.57
2026-07-25 12:00:00,user_12,analyst,12,0,1,1,0,13,3,21.07,37,0,12,normal,0,0.16342,0,8.13
2026-07-06 08:00:00,user_03,admin,8,0,1,1,0,17,7,18.87,21,1,13,normal,0,0.080297,0,39.6
2026-07-14 15:00:00,user_21,employee,15,0,1,1,0,7,4,30.17,2,0,5,normal,0,0.17891,0,2.27
2026-07-03 11:00:00,user_06,analyst,11,0,2,1,0,15,6,23.56,38,0,11,normal,0,0.140138,0,16.94
2026-07-09 07:00:00,user_10,analyst,7,0,3,1,0,16,8,43.59,29,0,8,normal,0,0.092339,0,35.04
2026-07-24 15:00:00,user_17,employee,15,2,1,1,0,6,3,15.41,12,0,6,normal,0,0.123652,0,23.19
2026-07-11 12:00:00,user_19,employee,12,29,0,4,1,10,4,103.18,9,0,4,brute_force,1,-0.094209,1,85.29
2026-07-22 10:00:00,user_29,employee,10,0,1,1,0,9,5,39.22,124,19,88,privilege_misuse,1,-0.049162,1,77.98
2026-07-16 06:00:00,user_09,analyst,6,0,1,1,0,11,9,91.02,34,0,9,normal,0,0.088509,0,36.49
2026-07-20 12:00:00,user_14,employee,12,0,1,1,0,7,4,75.41,10,0,5,normal,0,0.185399,0,0.0
2026-07-11 15:00:00,user_13,employee,15,0,2,1,0,10,5,24.73,8,0,8,normal,0,0.183427,0,0.56
2026-07-13 06:00:00,user_23,employee,6,1,5,1,0,11,2,55.83,5,0,9,normal,0,0.039933,0,54.88
2026-07-28 13:00:00,user_12,analyst,13,1,3,1,0,14,5,78.41,267,6,34,privilege_misuse,1,-0.07141,1,81.59
2026-07-27 00:00:00,user_03,admin,0,10,2,8,1,7,96,1973.14,130,3,89,mixed_anomaly,1,-0.201234,1,100.0
2026-07-08 02:00:00,user_22,employee,2,11,3,9,1,11,151,5689.5,214,2,105,mixed_anomaly,1,-0.202127,1,100.0
2026-07-30 03:00:00,user_14,employee,3,9,2,3,1,9,52,2582.95,172,3,144,mixed_anomaly,1,-0.199998,1,100.0
2026-07-03 17:00:00,user_09,analyst,17,0,1,2,0,13,5,86.35,34,0,10,normal,0,0.063851,0,45.83
2026-07-15 11:00:00,user_16,employee,11,2,1,1,0,216,290,6931.96,11,0,132,data_exfiltration,1,-0.097588,1,85.83
2026-07-29 11:00:00,user_26,employee,11,0,2,1,0,6,7,20.97,5,0,3,normal,0,0.151969,0,12.46
2026-07-01 18:00:00,user_07,analyst,18,0,2,1,0,15,8,62.92,34,0,14,normal,0,0.097648,0,33.03
2026-07-28 09:00:00,user_01,admin,9,1,3,1,0,384,293,2804.3,20,3,200,data_exfiltration,1,-0.131182,1,91.29
2026-07-25 10:00:00,user_07,analyst,10,0,1,1,0,10,7,29.84,40,0,7,normal,0,0.140153,0,16.94
2026-07-07 10:00:00,user_29,employee,10,0,1,1,0,7,2,11.03,8,0,3,normal,0,0.182206,0,1.02
2026-07-21 12:00:00,user_20,employee,12,0,3,1,0,8,4,28.42,14,0,6,normal,0,0.170058,0,5.62
2026-07-19 15:00:00,user_21,employee,15,0,1,1,0,6,3,31.6,6,0,3,normal,0,0.188785,0,0.0
2026-07-02 11:00:00,user_27,employee,11,1,1,1,0,9,3,58.29,11,0,7,normal,0,0.181729,0,1.2
2026-07-19 09:00:00,user_28,employee,9,2,2,2,0,410,291,7296.37,12,0,55,data_exfiltration,1,-0.134069,1,91.75
2026-07-03 16:00:00,user_10,analyst,16,1,1,2,1,159,271,4490.51,32,0,183,data_exfiltration,1,-0.156916,1,95.46
2026-07-29 16:00:00,user_17,employee,16,1,1,1,0,3,2,21.61,7,0,3,normal,0,0.135731,0,18.61
2026-07-04 14:00:00,user_18,employee,14,0,2,1,0,8,4,46.64,8,0,4,normal,0,0.190372,0,0.0
2026-07-23 15:00:00,user_28,employee,15,0,3,1,0,5,4,49.61,7,0,3,normal,0,0.153744,0,11.79
2026-07-11 12:00:00,user_18,employee,12,0,1,2,0,16,3,35.87,6,0,10,normal,0,0.089201,0,36.23
2026-07-23 12:00:00,user_28,employee,12,0,1,2,0,8,2,32.83,10,0,4,normal,0,0.114336,0,26.71
2026-07-14 09:00:00,user_25,employee,9,0,4,1,0,8,5,7.24,11,0,7,normal,0,0.122245,0,23.72
2026-07-12 08:00:00,user_26,employee,8,0,2,1,0,13,3,19.55,10,0,11,normal,0,0.149488,0,13.4
2026-07-19 14:00:00,user_11,analyst,14,0,1,1,0,8,10,45.58,39,0,8,normal,0,0.10038,0,32.0
2026-07-17 13:00:00,user_07,analyst,13,0,1,1,0,14,3,37.39,45,0,10,normal,0,0.14367,0,15.61
2026-07-30 08:00:00,user_11,analyst,8,0,3,1,0,11,3,18.86,35,0,7,normal,0,0.123146,0,23.38
2026-07-30 03:00:00,user_24,employee,3,19,1,4,1,7,113,1063.96,272,11,87,mixed_anomaly,1,-0.212727,1,100.0
2026-07-08 12:00:00,user_01,admin,12,1,1,1,0,12,4,70.65,34,2,10,normal,0,0.102206,0,31.31
2026-07-30 09:00:00,user_02,employee,9,0,1,1,0,10,5,41.54,89,19,51,privilege_misuse,1,-0.053044,1,78.61
2026-07-27 13:00:00,user_02,admin,13,0,1,1,0,13,5,26.44,24,3,10,normal,0,0.108665,0,28.86
2026-07-14 12:00:00,user_10,analyst,12,0,1,1,0,9,6,102.87,39,0,7,normal,0,0.118073,0,25.3
2026-07-29 05:00:00,user_22,employee,5,2,1,5,1,9,4,38.57,8,0,6,suspicious_login,1,-0.061392,1,79.96
2026-07-08 06:00:00,user_22,employee,6,0,1,1,0,8,1,21.14,8,0,5,normal,0,0.151922,0,12.48
2026-07-21 13:00:00,user_17,employee,13,15,0,1,1,8,4,20.09,8,0,7,brute_force,1,-0.0178,1,72.89
2026-07-01 10:00:00,user_22,employee,10,0,2,1,0,314,249,6040.81,6,0,113,data_exfiltration,1,-0.084084,1,83.64
2026-07-07 15:00:00,user_03,admin,15,1,1,2,0,10,5,76.67,26,4,7,normal,0,-0.012058,1,71.96
2026-07-13 11:00:00,user_07,analyst,11,0,2,1,0,12,3,130.41,39,0,8,normal,0,0.098468,0,32.72
2026-07-25 15:00:00,user_06,analyst,15,0,2,1,0,23,2,6.56,40,0,21,normal,0,0.009624,0,66.36
2026-07-22 08:00:00,user_05,analyst,8,0,1,1,0,19,4,66.36,44,0,18,normal,0,0.069805,0,43.57
2026-07-24 05:00:00,user_02,admin,5,5,1,4,1,12,1,91.48,31,2,10,suspicious_login,1,-0.141845,1,93.02
2026-07-02 06:00:00,user_07,analyst,6,0,1,1,0,5,3,108.53,28,0,5,normal,0,0.093894,0,34.45
2026-07-10 08:00:00,user_05,analyst,8,0,1,1,0,11,10,65.63,46,0,11,normal,0,0.072501,0,42.55
2026-07-22 09:00:00,user_21,employee,9,0,2,1,0,364,106,5839.92,4,0,162,data_exfiltration,1,-0.088063,1,84.29
2026-07-13 11:00:00,user_18,employee,11,24,1,4,0,7,4,22.11,10,0,6,brute_force,1,0.021189,0,61.98
2026-07-27 17:00:00,user_11,analyst,17,0,1,1,0,20,4,49.89,26,0,18,normal,0,0.084364,0,38.06
2026-07-01 15:00:00,user_06,analyst,15,3,2,1,0,19,7,80.62,29,0,11,normal,0,0.028975,0,59.03
2026-07-23 13:00:00,user_26,employee,13,12,0,4,0,10,4,10.9,6,0,4,brute_force,1,0.005638,0,67.87
2026-07-16 15:00:00,user_22,employee,15,0,3,1,0,6,1,12.25,3,0,3,normal,0,0.122016,0,23.81
2026-07-11 11:00:00,user_11,analyst,11,1,1,1,0,13,6,71.02,46,0,13,normal,0,0.096374,0,33.51
2026-07-19 15:00:00,user_04,admin,15,0,2,1,0,11,2,20.92,20,1,6,normal,0,0.141758,0,16.33
2026-07-23 14:00:00,user_06,analyst,14,0,1,1,0,14,3,19.7,27,0,9,normal,0,0.185643,0,0.0
2026-07-09 14:00:00,user_05,analyst,14,1,3,1,0,11,5,24.33,29,0,7,normal,0,0.130093,0,20.75
2026-07-02 06:00:00,user_05,analyst,6,0,2,1,0,12,3,93.93,33,0,7,normal,0,0.109012,0,28.73
2026-07-14 06:00:00,user_19,employee,6,0,4,1,0,10,6,58.93,9,0,8,normal,0,0.087011,0,37.06
2026-07-20 13:00:00,user_20,employee,13,1,1,1,0,8,4,28.58,7,0,6,normal,0,0.182745,0,0.81
2026-07-20 13:00:00,user_08,analyst,13,0,1,1,0,18,4,27.48,32,0,14,normal,0,0.152638,0,12.21
2026-07-25 11:00:00,user_22,employee,11,0,1,1,0,5,4,158.78,9,0,4,normal,0,0.118991,0,24.95
2026-07-11 23:00:00,user_13,employee,23,2,1,5,1,5,4,7.07,6,0,4,suspicious_login,1,-0.086139,1,83.98
2026-07-20 11:00:00,user_16,employee,11,0,1,1,0,213,292,7113.82,6,0,85,data_exfiltration,1,-0.075257,1,82.21
2026-07-19 12:00:00,user_26,employee,12,1,1,2,0,6,3,26.77,4,0,3,normal,0,0.073588,0,42.14
2026-07-10 13:00:00,user_11,analyst,13,28,0,2,1,13,5,56.24,37,0,12,brute_force,1,-0.096554,1,85.67
2026-07-21 09:00:00,user_08,analyst,9,0,1,1,0,18,7,19.39,39,0,11,normal,0,0.119916,0,24.6
2026-07-10 03:00:00,user_10,analyst,3,7,2,6,1,15,135,3655.94,274,4,156,mixed_anomaly,1,-0.203159,1,100.0
2026-07-01 12:00:00,user_26,employee,12,0,1,1,0,14,2,14.95,7,0,8,normal,0,0.184297,0,0.23
2026-07-08 13:00:00,user_04,admin,13,0,1,1,0,8,6,47.48,21,2,7,normal,0,0.115148,0,26.41
2026-07-22 14:00:00,user_11,analyst,14,0,2,1,0,11,6,41.09,36,0,8,normal,0,0.159318,0,9.68
2026-07-20 14:00:00,user_28,employee,14,0,2,1,0,10,3,92.83,9,0,4,normal,0,0.159086,0,9.77
2026-07-28 14:00:00,user_13,employee,14,26,1,1,1,9,2,98.99,15,0,4,brute_force,1,-0.042126,1,76.84
2026-07-22 08:00:00,user_18,employee,8,0,2,1,0,8,2,43.01,9,0,4,normal,0,0.177272,0,2.89
2026-07-29 01:00:00,user_08,analyst,1,6,2,5,1,13,54,3666.68,401,2,122,mixed_anomaly,1,-0.196574,1,100.0
2026-07-21 18:00:00,user_24,employee,18,1,1,1,0,377,114,1806.74,6,0,81,data_exfiltration,1,-0.098068,1,85.91
2026-07-05 13:00:00,user_30,employee,13,0,2,2,0,10,4,28.0,12,0,8,normal,0,0.107046,0,29.47
2026-07-15 14:00:00,user_28,employee,14,1,1,1,0,10,3,14.01,9,0,8,normal,0,0.178139,0,2.56
2026-07-17 11:00:00,user_09,analyst,11,0,3,1,0,10,8,17.94,30,0,8,normal,0,0.127093,0,21.88
2026-07-07 13:00:00,user_02,admin,13,0,3,2,0,17,3,46.48,22,2,15,normal,0,-0.019046,1,73.09
2026-07-16 10:00:00,user_06,analyst,10,0,1,1,0,11,5,73.12,36,0,10,normal,0,0.164311,0,7.79
2026-07-07 18:00:00,user_22,employee,18,0,1,1,0,5,3,28.15,5,0,4,normal,0,0.166148,0,7.1
2026-07-28 04:00:00,user_13,employee,4,18,1,5,1,6,108,1617.89,208,10,105,mixed_anomaly,1,-0.212936,1,100.0
2026-07-04 00:00:00,user_18,employee,0,14,2,9,1,7,152,3851.29,431,11,167,mixed_anomaly,1,-0.212658,1,100.0
2026-07-12 15:00:00,user_07,analyst,15,1,1,1,0,22,4,120.11,34,0,15,normal,0,0.041297,0,54.37
2026-07-22 06:00:00,user_08,analyst,6,0,3,1,0,12,6,52.75,37,0,12,normal,0,0.083684,0,38.32
2026-07-15 07:00:00,user_17,employee,7,1,1,1,0,9,1,20.68,10,0,7,normal,0,0.144363,0,15.34
2026-07-05 14:00:00,user_27,employee,14,22,1,2,1,9,3,6.25,11,0,6,brute_force,1,-0.069549,1,81.28
2026-07-19 00:00:00,user_30,employee,0,17,2,8,1,10,113,1166.02,487,10,59,mixed_anomaly,1,-0.210568,1,100.0
2026-07-06 14:00:00,user_21,employee,14,0,2,1,1,3,5,50.9,9,0,2,normal,0,0.022002,0,61.67
2026-07-30 12:00:00,user_02,admin,12,0,2,1,0,10,9,66.05,30,5,8,normal,0,0.026238,0,60.07
2026-07-08 08:00:00,user_16,employee,8,1,1,1,0,5,4,47.66,7,0,3,normal,0,0.148529,0,13.77
2026-07-05 09:00:00,user_19,employee,9,0,4,2,0,6,4,7.07,7,0,5,normal,0,0.039937,0,54.88
2026-07-18 10:00:00,user_15,employee,10,0,2,1,0,12,3,53.71,11,0,9,normal,0,0.180223,0,1.77
2026-07-25 09:00:00,user_20,employee,9,1,2,1,1,6,3,18.67,7,0,3,normal,0,0.033772,0,57.21
2026-07-02 11:00:00,user_19,employee,11,1,1,1,0,5,3,5.69,5,0,3,normal,0,0.150056,0,13.19
2026-07-07 14:00:00,user_26,employee,14,0,1,1,0,7,2,15.5,8,0,3,normal,0,0.187378,0,0.0
2026-07-14 15:00:00,user_27,employee,15,0,3,1,0,3,3,129.8,10,0,2,normal,0,0.072132,0,42.69
2026-07-06 00:00:00,user_24,employee,0,2,1,6,1,5,3,41.05,9,0,4,suspicious_login,1,-0.068812,1,81.17
2026-07-09 08:00:00,user_26,employee,8,0,1,1,0,8,7,49.62,6,0,5,normal,0,0.151336,0,12.7
2026-07-30 08:00:00,user_30,employee,8,0,3,1,0,12,4,33.72,4,0,8,normal,0,0.133999,0,19.27
2026-07-14 12:00:00,user_05,analyst,12,0,2,1,0,19,4,4.14,31,0,14,normal,0,0.116632,0,25.84
2026-07-21 15:00:00,user_15,employee,15,1,1,1,1,7,0,40.44,5,0,5,normal,0,0.015629,0,64.08
2026-07-26 16:00:00,user_27,employee,16,1,1,1,0,10,1,23.66,179,9,84,privilege_misuse,1,-0.072955,1,81.84
2026-07-13 04:00:00,user_10,analyst,4,9,4,8,1,21,122,2589.63,169,10,164,mixed_anomaly,1,-0.223898,1,100.0
2026-07-07 15:00:00,user_25,employee,15,0,1,1,0,3,4,53.42,11,0,3,normal,0,0.155506,0,11.13
2026-07-02 10:00:00,user_28,employee,10,9,1,4,0,14,0,7.6,9,0,11,brute_force,1,-0.038422,1,76.23
2026-07-21 11:00:00,user_05,analyst,11,0,4,1,0,22,2,98.56,228,7,67,privilege_misuse,1,-0.116157,1,88.85
2026-07-03 02:00:00,user_14,employee,2,12,1,9,1,9,144,1707.24,160,6,113,mixed_anomaly,1,-0.212308,1,100.0
2026-07-19 12:00:00,user_05,analyst,12,1,1,2,0,19,6,49.12,31,0,13,normal,0,0.040907,0,54.51
2026-07-22 14:00:00,user_26,employee,14,0,1,1,0,6,4,38.6,9,0,3,normal,0,0.19042,0,0.0
2026-07-17 06:00:00,user_26,employee,6,0,1,1,0,7,4,24.57,3,0,3,normal,0,0.13419,0,19.2
2026-07-27 02:00:00,user_08,analyst,2,14,2,5,1,17,90,2259.44,194,2,50,mixed_anomaly,1,-0.200065,1,100.0
2026-07-02 14:00:00,user_09,analyst,14,0,1,1,0,16,6,38.84,35,0,12,normal,0,0.160368,0,9.29
2026-07-22 16:00:00,user_20,employee,16,0,1,1,0,12,2,64.38,7,0,9,normal,0,0.172802,0,4.58
2026-07-15 11:00:00,user_06,analyst,11,3,2,2,0,17,5,108.42,35,0,15,normal,0,-0.04798,1,77.79
2026-07-20 16:00:00,user_20,employee,16,0,1,1,0,5,1,23.7,7,0,2,normal,0,0.153721,0,11.8
2026-07-30 11:00:00,user_15,employee,11,0,4,1,0,10,10,24.81,11,0,6,normal,0,0.094469,0,34.23
2026-07-13 09:00:00,user_24,employee,9,0,2,1,1,229,117,4127.14,5,0,215,data_exfiltration,1,-0.134174,1,91.77
2026-07-03 13:00:00,user_27,employee,13,1,1,1,1,15,2,14.26,10,0,10,normal,0,0.023625,0,61.06
2026-07-18 06:00:00,user_04,admin,6,0,2,1,0,9,4,27.05,29,1,9,normal,0,0.106745,0,29.59
2026-07-02 10:00:00,user_10,analyst,10,0,1,1,0,391,113,5470.63,41,0,63,data_exfiltration,1,-0.074313,1,82.06
2026-07-25 11:00:00,user_08,analyst,11,0,1,1,0,19,2,9.02,30,0,10,normal,0,0.137915,0,17.79
2026-07-16 09:00:00,user_29,employee,9,1,1,1,0,4,3,101.42,6,0,4,normal,0,0.11495,0,26.48
2026-07-28 15:00:00,user_10,analyst,15,1,2,1,0,14,6,101.65,27,0,8,normal,0,0.110254,0,28.26
2026-07-03 15:00:00,user_06,analyst,15,0,1,1,0,14,4,50.68,34,0,11,normal,0,0.1752,0,3.67
2026-07-29 11:00:00,user_30,employee,11,0,2,1,0,13,1,15.22,7,0,6,normal,0,0.169529,0,5.82
2026-07-18 11:00:00,user_25,employee,11,0,1,2,0,11,2,63.76,12,0,6,normal,0,0.11017,0,28.29
2026-07-21 14:00:00,user_28,employee,14,24,1,4,1,10,3,36.91,15,0,5,brute_force,1,-0.07071,1,81.47
2026-07-19 01:00:00,user_26,employee,1,9,1,7,1,9,138,3143.16,286,6,61,mixed_anomaly,1,-0.212308,1,100.0
2026-07-15 00:00:00,user_23,employee,0,8,3,5,1,9,151,5323.98,123,3,172,mixed_anomaly,1,-0.205229,1,100.0
2026-07-14 13:00:00,user_03,admin,13,0,1,2,0,14,3,23.82,27,2,12,normal,0,0.032734,0,57.61
2026-07-27 14:00:00,user_18,employee,14,1,4,1,0,5,4,3.01,7,0,4,normal,0,0.096099,0,33.62
2026-07-06 14:00:00,user_02,admin,14,0,2,2,0,9,5,21.5,23,3,8,normal,0,0.028831,0,59.08
2026-07-26 10:00:00,user_16,employee,10,0,3,1,0,11,2,156.94,11,0,5,normal,0,0.095223,0,33.95
2026-07-01 13:00:00,user_07,analyst,13,0,1,1,0,25,8,19.85,26,0,14,normal,0,0.077692,0,40.59
2026-07-26 14:00:00,user_04,admin,14,0,1,1,0,18,3,50.52,30,1,13,normal,0,0.125054,0,22.65
2026-07-24 16:00:00,user_20,employee,16,26,0,1,1,11,0,24.51,8,0,8,brute_force,1,-0.044877,1,77.28
2026-07-28 20:00:00,user_14,employee,20,0,1,1,0,15,3,43.74,8,0,8,normal,0,0.129244,0,21.07
2026-07-03 14:00:00,user_15,employee,14,0,1,1,0,14,6,43.7,9,0,8,normal,0,0.170663,0,5.39
2026-07-07 12:00:00,user_24,employee,12,0,3,1,0,5,3,27.13,10,0,4,normal,0,0.168623,0,6.16
2026-07-18 11:00:00,user_26,employee,11,0,1,1,0,9,2,9.18,138,16,25,privilege_misuse,1,-0.060564,1,79.83
2026-07-26 13:00:00,user_19,employee,13,0,4,1,1,10,4,11.05,5,0,5,normal,0,0.019709,0,62.54
2026-07-22 12:00:00,user_03,admin,12,22,0,2,1,17,4,14.07,26,3,15,brute_force,1,-0.139149,1,92.58
2026-07-26 12:00:00,user_10,analyst,12,0,1,1,0,17,5,54.82,39,0,9,normal,0,0.156437,0,10.77
2026-07-14 10:00:00,user_15,employee,10,0,1,1,0,8,2,2.67,2,0,5,normal,0,0.162145,0,8.61
2026-07-30 14:00:00,user_11,analyst,14,0,1,2,0,177,200,2965.93,45,0,105,data_exfiltration,1,-0.121772,1,89.76
2026-07-19 19:00:00,user_21,employee,19,0,1,1,0,11,3,58.27,5,0,7,normal,0,0.15295,0,12.09
2026-07-26 07:00:00,user_20,employee,7,0,1,1,0,8,1,64.77,13,0,5,normal,0,0.159649,0,9.56
2026-07-24 09:00:00,user_08,analyst,9,1,1,1,0,5,3,76.88,38,0,6,normal,0,0.104382,0,30.48
2026-07-20 05:00:00,user_11,analyst,5,4,3,6,1,13,3,55.08,25,0,12,suspicious_login,1,-0.117288,1,89.03
2026-07-22 14:00:00,user_02,admin,14,1,1,1,0,10,4,94.36,24,2,7,normal,0,0.090986,0,35.55
2026-07-24 17:00:00,user_09,analyst,17,20,1,3,0,12,6,59.43,40,0,12,brute_force,1,-0.043032,1,76.98
2026-07-19 11:00:00,user_28,employee,11,0,1,1,0,6,2,64.15,15,0,4,normal,0,0.177921,0,2.64
2026-07-21 11:00:00,user_09,analyst,11,0,1,1,0,8,4,136.18,41,0,9,normal,0,0.085219,0,37.74
2026-07-22 23:00:00,user_12,analyst,23,1,1,3,1,18,6,50.62,32,0,16,suspicious_login,1,-0.091542,1,84.85
2026-07-30 00:00:00,user_10,analyst,0,11,2,5,1,12,147,2857.72,194,3,66,mixed_anomaly,1,-0.197804,1,100.0
2026-07-30 14:00:00,user_22,employee,14,0,3,1,0,9,3,25.51,5,0,7,normal,0,0.168626,0,6.16
2026-07-08 02:00:00,user_17,employee,2,1,1,6,1,8,2,25.0,8,0,4,suspicious_login,1,-0.036463,1,75.92
2026-07-28 13:00:00,user_29,employee,13,1,2,1,0,7,3,16.85,6,0,5,normal,0,0.17476,0,3.84
2026-07-10 12:00:00,user_06,analyst,12,0,2,1,0,15,5,34.37,32,0,12,normal,0,0.164385,0,7.76
2026-07-03 16:00:00,user_05,analyst,16,2,2,1,1,16,3,26.92,25,0,11,normal,0,-0.028044,1,74.55
2026-07-04 12:00:00,user_13,employee,12,0,1,1,0,5,1,14.64,109,9,88,privilege_misuse,1,-0.067234,1,80.91
2026-07-28 11:00:00,user_11,analyst,11,0,2,1,1,21,3,44.89,38,0,16,normal,0,-0.011774,1,71.91
2026-07-12 12:00:00,user_21,employee,12,0,3,1,0,15,0,22.93,8,0,11,normal,0,0.098621,0,32.66
2026-07-12 09:00:00,user_12,analyst,9,0,1,1,0,21,5,150.71,135,13,27,privilege_misuse,1,-0.104003,1,86.88
2026-07-12 11:00:00,user_25,employee,11,12,0,3,1,8,3,6.77,3,0,5,brute_force,1,-0.074935,1,82.16
2026-07-30 04:00:00,user_11,analyst,4,18,2,9,1,17,73,2573.56,139,6,170,mixed_anomaly,1,-0.213774,1,100.0
2026-07-07 12:00:00,user_04,admin,12,0,1,1,0,15,4,15.47,23,2,10,normal,0,0.121089,0,24.16
2026-07-17 09:00:00,user_25,employee,9,0,4,1,0,6,3,36.19,317,6,20,privilege_misuse,1,-0.082964,1,83.46
2026-07-24 13:00:00,user_16,employee,13,1,1,1,0,2,3,79.73,5,0,1,normal,0,0.104539,0,30.42
2026-07-29 12:00:00,user_26,employee,12,0,1,2,0,3,0,61.85,6,0,2,normal,0,0.030296,0,58.53
2026-07-15 12:00:00,user_07,analyst,12,0,3,1,0,16,4,9.76,37,0,12,normal,0,0.119399,0,24.8
2026-07-27 07:00:00,user_29,employee,7,0,1,1,0,12,2,17.23,9,0,7,normal,0,0.169788,0,5.72
2026-07-04 15:00:00,user_22,employee,15,0,1,1,0,408,131,1572.88,6,0,158,data_exfiltration,1,-0.077183,1,82.52
2026-07-29 02:00:00,user_29,employee,2,4,1,6,1,4,4,21.42,6,0,3,suspicious_login,1,-0.09199,1,84.93
2026-07-12 09:00:00,user_12,analyst,9,0,2,1,0,10,5,100.33,31,0,6,normal,0,0.130363,0,20.64
2026-07-11 16:00:00,user_15,employee,16,0,1,1,0,324,310,2608.26,7,0,186,data_exfiltration,1,-0.081925,1,83.29
2026-07-13 17:00:00,user_05,analyst,17,0,1,1,1,16,2,50.95,37,0,15,normal,0,0.007756,0,67.06
2026-07-20 14:00:00,user_19,employee,14,0,1,1,0,8,3,63.69,3,0,6,normal,0,0.188321,0,0.0
2026-07-13 14:00:00,user_09,analyst,14,9,1,2,1,11,4,80.28,33,0,8,brute_force,1,-0.089648,1,84.55
2026-07-13 12:00:00,user_17,employee,12,1,3,2,0,6,1,8.63,10,0,4,normal,0,0.032214,0,57.8
2026-07-24 09:00:00,user_13,employee,9,0,2,1,0,3,3,69.55,8,0,3,normal,0,0.143326,0,15.74
2026-07-18 11:00:00,user_11,analyst,11,1,1,2,0,19,8,137.37,35,0,15,normal,0,-0.031421,1,75.1
2026-07-02 15:00:00,user_09,analyst,15,0,1,1,0,18,4,87.06,28,0,11,normal,0,0.146013,0,14.72
2026-07-21 10:00:00,user_21,employee,10,1,1,1,0,9,4,49.9,5,0,4,normal,0,0.170203,0,5.56
2026-07-04 08:00:00,user_18,employee,8,0,1,1,0,272,273,2223.07,8,0,215,data_exfiltration,1,-0.075615,1,82.27
2026-07-12 12:00:00,user_24,employee,12,0,2,1,0,3,3,17.6,6,0,3,normal,0,0.155304,0,11.2
2026-07-14 04:00:00,user_07,analyst,4,8,2,7,1,9,88,3385.41,128,5,157,mixed_anomaly,1,-0.209109,1,100.0
2026-07-28 16:00:00,user_04,admin,16,9,0,4,1,16,5,43.49,19,0,8,brute_force,1,-0.092604,1,85.03
2026-07-30 12:00:00,user_02,admin,12,0,1,1,0,136,113,5897.05,26,3,149,data_exfiltration,1,-0.091071,1,84.78
2026-07-29 00:00:00,user_11,analyst,0,16,3,3,1,12,68,5253.4,191,2,76,mixed_anomaly,1,-0.201714,1,100.0
2026-07-19 02:00:00,user_14,employee,2,4,2,8,1,7,4,12.41,13,0,4,suspicious_login,1,-0.096044,1,85.58
2026-07-15 12:00:00,user_17,employee,12,0,2,1,0,8,1,6.53,9,0,4,normal,0,0.170389,0,5.49
2026-07-17 14:00:00,user_21,employee,14,0,2,2,0,12,2,17.56,5,0,10,normal,0,0.080764,0,39.42
2026-07-19 04:00:00,user_19,employee,4,14,1,6,1,11,105,1129.53,441,7,92,mixed_anomaly,1,-0.21189,1,100.0
2026-07-27 16:00:00,user_23,employee,16,0,1,1,0,7,2,125.8,17,0,4,normal,0,0.123005,0,23.43
2026-07-03 13:00:00,user_01,admin,13,1,2,1,0,9,6,36.34,22,1,7,normal,0,0.117698,0,25.44
2026-07-04 04:00:00,user_13,employee,4,12,1,9,1,5,67,3442.09,138,7,103,mixed_anomaly,1,-0.213355,1,100.0
2026-07-27 05:00:00,user_22,employee,5,5,1,5,1,5,3,24.16,5,0,3,suspicious_login,1,-0.089756,1,84.56
2026-07-28 11:00:00,user_07,analyst,11,0,1,1,0,16,8,135.2,34,0,10,normal,0,0.094848,0,34.09
2026-07-21 14:00:00,user_06,analyst,14,0,2,1,0,14,7,37.08,44,0,9,normal,0,0.121236,0,24.1
2026-07-03 10:00:00,user_02,admin,10,0,3,1,0,15,3,17.36,21,2,10,normal,0,0.080538,0,39.51
2026-07-30 11:00:00,user_05,analyst,11,0,2,1,0,22,3,57.52,38,0,17,normal,0,0.06405,0,45.75
2026-07-30 12:00:00,user_11,analyst,12,0,4,1,0,15,1,41.54,27,0,13,normal,0,0.094069,0,34.39
2026-07-29 12:00:00,user_18,employee,12,0,3,1,0,5,6,111.2,10,0,5,normal,0,0.103742,0,30.72
2026-07-25 02:00:00,user_03,admin,2,12,1,5,1,13,62,2728.33,132,1,73,mixed_anomaly,1,-0.189842,1,100.0
2026-07-26 09:00:00,user_15,employee,9,0,3,1,0,7,5,24.23,7,0,5,normal,0,0.154625,0,11.46
2026-07-06 15:00:00,user_22,employee,15,0,3,1,0,12,5,36.0,7,0,9,normal,0,0.150564,0,13.0
2026-07-07 08:00:00,user_29,employee,8,0,1,1,0,8,2,26.64,8,0,4,normal,0,0.182908,0,0.75
2026-07-13 13:00:00,user_15,employee,13,1,2,1,0,5,4,49.09,11,0,5,normal,0,0.163929,0,7.94
2026-07-13 15:00:00,user_22,employee,15,0,2,1,0,7,1,46.32,11,0,4,normal,0,0.175311,0,3.63
2026-07-26 16:00:00,user_12,analyst,16,0,4,1,0,18,4,60.06,34,0,9,normal,0,0.090656,0,35.68
2026-07-30 16:00:00,user_25,employee,16,2,3,1,0,8,4,38.97,245,22,77,privilege_misuse,1,-0.104565,1,86.97
2026-07-28 12:00:00,user_02,admin,12,0,1,1,0,16,3,24.35,29,1,14,normal,0,0.122665,0,23.56
2026-07-30 11:00:00,user_13,employee,11,0,3,1,0,8,6,17.44,11,0,6,normal,0,0.155466,0,11.14
2026-07-26 12:00:00,user_26,employee,12,1,2,1,0,7,4,52.43,9,0,6,normal,0,0.173344,0,4.37
2026-07-16 04:00:00,user_03,admin,4,9,1,6,1,16,71,4988.5,231,2,137,mixed_anomaly,1,-0.19801,1,100.0
2026-07-13 14:00:00,user_08,analyst,14,0,5,1,0,124,272,2442.8,39,0,150,data_exfiltration,1,-0.115289,1,88.71
2026-07-15 00:00:00,user_28,employee,0,19,1,8,1,10,87,2118.09,405,8,74,mixed_anomaly,1,-0.21189,1,100.0
2026-07-23 12:00:00,user_03,admin,12,0,3,1,0,228,205,2530.56,18,0,209,data_exfiltration,1,-0.086752,1,84.08
2026-07-02 04:00:00,user_07,analyst,4,1,3,6,1,10,6,27.66,34,0,6,suspicious_login,1,-0.081025,1,83.15
2026-07-09 23:00:00,user_22,employee,23,2,1,6,1,5,1,57.1,7,0,3,suspicious_login,1,-0.094401,1,85.32
2026-07-11 12:00:00,user_17,employee,12,1,2,1,0,4,0,31.07,7,0,3,normal,0,0.121594,0,23.96
2026-07-02 15:00:00,user_16,employee,15,0,5,1,0,6,3,32.51,8,0,3,normal,0,0.093358,0,34.65
2026-07-04 12:00:00,user_17,employee,12,0,2,1,0,10,3,43.6,7,0,7,normal,0,0.196677,0,0.0
2026-07-10 16:00:00,user_25,employee,16,0,3,1,0,148,177,8914.92,11,0,80,data_exfiltration,1,-0.098111,1,85.92
2026-07-03 12:00:00,user_17,employee,12,0,2,2,0,9,2,13.37,9,0,6,normal,0,0.104126,0,30.58
2026-07-18 10:00:00,user_25,employee,10,1,4,1,0,8,3,8.69,257,19,85,privilege_misuse,1,-0.092107,1,84.94
2026-07-15 15:00:00,user_17,employee,15,1,4,1,0,10,5,32.63,6,0,6,normal,0,0.117999,0,25.33
2026-07-06 11:00:00,user_22,employee,11,1,2,1,1,237,114,2061.53,4,0,140,data_exfiltration,1,-0.138242,1,92.43
2026-07-16 08:00:00,user_23,employee,8,0,1,1,0,7,5,18.2,6,0,4,normal,0,0.171152,0,5.2
2026-07-19 14:00:00,user_29,employee,14,0,3,2,0,11,5,50.09,13,0,6,normal,0,0.073406,0,42.21
2026-07-27 13:00:00,user_25,employee,13,0,2,1,0,8,3,12.67,8,0,6,normal,0,0.194836,0,0.0
2026-07-18 03:00:00,user_24,employee,3,9,2,6,1,11,78,2199.37,250,8,99,mixed_anomaly,1,-0.210568,1,100.0
2026-07-07 12:00:00,user_04,admin,12,0,1,1,0,14,3,34.65,27,2,11,normal,0,0.139377,0,17.23
2026-07-12 09:00:00,user_22,employee,9,19,1,4,1,9,1,44.98,9,0,6,brute_force,1,-0.074841,1,82.14
2026-07-17 13:00:00,user_15,employee,13,0,1,1,0,12,3,12.18,9,0,9,normal,0,0.187793,0,0.0
2026-07-08 08:00:00,user_13,employee,8,0,1,1,0,5,5,17.62,260,5,73,privilege_misuse,1,-0.0606,1,79.83
2026-07-04 18:00:00,user_22,employee,18,10,0,3,1,12,3,28.83,11,0,9,brute_force,1,-0.096378,1,85.64
2026-07-24 12:00:00,user_27,employee,12,0,1,1,1,12,3,7.78,8,0,5,normal,0,0.065857,0,45.07
2026-07-10 09:00:00,user_24,employee,9,0,2,1,0,12,2,21.32,6,0,5,normal,0,0.175578,0,3.53
2026-07-29 14:00:00,user_09,analyst,14,0,1,1,0,18,6,31.93,26,0,13,normal,0,0.146866,0,14.4
2026-07-04 02:00:00,user_04,admin,2,8,1,4,1,19,86,4388.29,152,3,175,mixed_anomaly,1,-0.202127,1,100.0
2026-07-11 15:00:00,user_04,admin,15,1,2,1,0,12,5,118.39,17,2,8,normal,0,0.051024,0,50.68
2026-07-19 15:00:00,user_06,analyst,15,0,1,1,0,21,3,81.08,31,0,13,normal,0,0.118208,0,25.25
2026-07-17 13:00:00,user_15,employee,13,0,3,2,0,8,8,74.64,6,0,5,normal,0,0.035983,0,56.38
2026-07-03 14:00:00,user_28,employee,14,18,0,4,1,9,1,9.72,6,0,4,brute_force,1,-0.077322,1,82.55
2026-07-13 13:00:00,user_20,employee,13,0,1,1,0,213,289,6529.95,4,0,54,data_exfiltration,1,-0.076832,1,82.47
2026-07-12 01:00:00,user_23,employee,1,6,1,7,1,5,80,1528.08,401,10,119,mixed_anomaly,1,-0.213355,1,100.0
2026-07-10 14:00:00,user_27,employee,14,1,1,1,0,14,3,27.53,4,0,7,normal,0,0.163719,0,8.02
2026-07-30 07:00:00,user_07,analyst,7,1,1,1,0,20,3,81.27,33,0,12,normal,0,0.092446,0,35.0
2026-07-27 10:00:00,user_08,analyst,10,0,2,1,0,15,2,5.91,33,0,12,normal,0,0.13349,0,19.46
2026-07-01 07:00:00,user_13,employee,7,0,1,1,0,10,7,25.49,7,0,4,normal,0,0.142765,0,15.95
2026-07-20 01:00:00,user_04,admin,1,4,2,5,1,11,5,83.32,27,3,9,suspicious_login,1,-0.127783,1,90.73
2026-07-18 19:00:00,user_20,employee,19,0,2,1,0,150,292,6169.59,11,0,104,data_exfiltration,1,-0.104782,1,87.0
2026-07-19 13:00:00,user_18,employee,13,0,1,1,0,7,2,28.5,8,0,4,normal,0,0.198937,0,0.0
2026-07-15 03:00:00,user_26,employee,3,3,1,6,1,13,1,30.48,7,0,8,suspicious_login,1,-0.088348,1,84.34
2026-07-04 16:00:00,user_02,admin,16,0,4,1,0,8,5,39.12,29,0,6,normal,0,0.107787,0,29.19
2026-07-15 14:00:00,user_09,analyst,14,0,2,1,0,21,7,40.8,35,0,18,normal,0,0.073155,0,42.3
2026-07-02 09:00:00,user_30,employee,9,0,2,1,0,6,4,73.86,9,0,4,normal,0,0.167553,0,6.57
2026-07-15 16:00:00,user_24,employee,16,1,1,1,0,6,3,24.63,8,0,4,normal,0,0.170947,0,5.28
2026-07-04 12:00:00,user_18,employee,12,0,3,1,0,5,5,84.03,8,0,4,normal,0,0.13738,0,17.99
2026-07-22 13:00:00,user_30,employee,13,0,1,1,1,13,2,48.28,196,9,46,privilege_misuse,1,-0.112163,1,88.2
2026-07-26 10:00:00,user_15,employee,10,1,1,1,0,9,2,0.41,8,0,6,normal,0,0.161885,0,8.71
2026-07-21 11:00:00,user_05,analyst,11,0,2,1,0,13,4,68.15,35,0,9,normal,0,0.165884,0,7.2
2026-07-14 12:00:00,user_13,employee,12,0,2,1,0,8,0,30.0,7,0,4,normal,0,0.159286,0,9.69
2026-07-15 11:00:00,user_06,analyst,11,1,3,1,0,16,3,95.71,38,0,15,normal,0,0.054601,0,49.33
2026-07-09 18:00:00,user_30,employee,18,0,1,1,0,8,2,20.03,15,0,4,normal,0,0.163837,0,7.97
2026-07-21 15:00:00,user_04,admin,15,1,1,1,0,11,4,32.75,26,1,8,normal,0,0.137083,0,18.1
2026-07-22 01:00:00,user_19,employee,1,16,3,7,1,12,79,4747.76,138,4,40,mixed_anomaly,1,-0.206266,1,100.0
2026-07-11 08:00:00,user_08,analyst,8,0,1,1,0,17,4,61.15,339,6,80,privilege_misuse,1,-0.057739,1,79.37
2026-07-18 15:00:00,user_02,admin,15,0,2,1,0,16,1,56.37,20,2,14,normal,0,0.063331,0,46.02
2026-07-07 10:00:00,user_04,admin,10,0,4,1,0,173,185,4541.39,28,1,120,data_exfiltration,1,-0.12134,1,89.69
2026-07-06 14:00:00,user_23,employee,14,0,1,1,0,16,2,30.75,9,0,8,normal,0,0.175353,0,3.61
2026-07-27 11:00:00,user_28,employee,11,1,1,1,0,7,2,26.78,5,0,5,normal,0,0.178962,0,2.25
2026-07-26 17:00:00,user_22,employee,17,0,1,1,0,13,3,47.82,9,0,6,normal,0,0.180179,0,1.78
2026-07-07 12:00:00,user_23,employee,12,0,1,1,0,7,3,34.69,10,0,4,normal,0,0.201468,0,0.0
2026-07-17 15:00:00,user_24,employee,15,0,4,1,0,9,8,33.06,4,0,7,normal,0,0.101505,0,31.57
2026-07-24 12:00:00,user_21,employee,12,0,1,1,0,8,4,27.7,6,0,5,normal,0,0.201008,0,0.0
2026-07-13 06:00:00,user_13,employee,6,0,4,1,0,5,4,6.87,7,0,4,normal,0,0.080029,0,39.7
2026-07-23 10:00:00,user_28,employee,10,0,3,1,0,10,4,46.41,7,0,8,normal,0,0.167827,0,6.46
2026-07-18 02:00:00,user_11,analyst,2,19,4,6,1,14,58,1747.42,268,2,127,mixed_anomaly,1,-0.208552,1,100.0
2026-07-19 13:00:00,user_23,employee,13,1,3,1,0,7,3,26.43,7,0,5,normal,0,0.154826,0,11.38
2026-07-22 15:00:00,user_05,analyst,15,26,0,2,1,13,7,42.51,30,0,8,brute_force,1,-0.091475,1,84.84
2026-07-05 14:00:00,user_20,employee,14,0,1,1,0,5,5,28.68,7,0,3,normal,0,0.17904,0,2.22
2026-07-22 10:00:00,user_10,analyst,10,1,1,1,0,16,5,77.89,32,0,12,normal,0,0.135488,0,18.7
2026-07-03 16:00:00,user_14,employee,16,25,1,2,1,7,3,14.5,12,0,6,brute_force,1,-0.072587,1,81.78
2026-07-11 16:00:00,user_28,employee,16,0,1,1,0,8,2,41.53,8,0,4,normal,0,0.190764,0,0.0
2026-07-13 15:00:00,user_25,employee,15,0,1,1,0,11,2,17.55,3,0,6,normal,0,0.181415,0,1.32
2026-07-19 19:00:00,user_07,analyst,19,0,1,1,0,18,6,17.97,40,0,10,normal,0,0.097857,0,32.95
2026-07-08 12:00:00,user_19,employee,12,0,1,1,0,11,2,49.24,9,0,8,normal,0,0.195703,0,0.0
2026-07-02 09:00:00,user_24,employee,9,0,1,2,0,5,2,29.76,10,0,4,normal,0,0.084396,0,38.05
2026-07-28 13:00:00,user_10,analyst,13,0,1,1,1,15,5,41.66,19,0,11,normal,0,0.038478,0,55.43
2026-07-27 07:00:00,user_09,analyst,7,1,1,1,0,14,1,187.38,42,0,14,normal,0,0.007117,0,67.31
2026-07-20 07:00:00,user_19,employee,7,0,1,1,0,4,5,48.43,5,0,3,normal,0,0.136793,0,18.21
2026-07-24 14:00:00,user_15,employee,14,0,1,2,0,3,2,15.07,4,0,1,normal,0,0.048494,0,51.64
2026-07-15 14:00:00,user_17,employee,14,1,1,1,0,369,219,4213.77,10,0,121,data_exfiltration,1,-0.071082,1,81.53
2026-07-14 19:00:00,user_08,analyst,19,27,0,4,1,15,8,84.19,39,0,11,brute_force,1,-0.133604,1,91.68
2026-07-29 13:00:00,user_16,employee,13,1,1,1,0,7,1,56.13,7,0,4,normal,0,0.163537,0,8.09
2026-07-15 12:00:00,user_14,employee,12,2,1,1,0,7,3,56.46,11,0,4,normal,0,0.132956,0,19.66
2026-07-10 10:00:00,user_18,employee,10,0,1,1,0,15,4,35.24,14,0,12,normal,0,0.1606,0,9.2
2026-07-26 07:00:00,user_20,employee,7,1,1,1,0,9,1,22.28,9,0,8,normal,0,0.140798,0,16.69
2026-07-19 12:00:00,user_20,employee,12,0,2,1,0,2,2,30.59,7,0,1,normal,0,0.133844,0,19.33
2026-07-11 14:00:00,user_21,employee,14,0,1,1,0,11,2,96.26,3,0,7,normal,0,0.15897,0,9.81
2026-07-26 16:00:00,user_05,analyst,16,0,1,1,0,14,6,5.48,37,0,9,normal,0,0.140197,0,16.92
2026-07-29 12:00:00,user_20,employee,12,0,1,1,0,9,3,33.85,7,0,4,normal,0,0.202659,0,0.0
2026-07-04 04:00:00,user_06,analyst,4,2,1,5,1,18,6,88.0,31,0,14,suspicious_login,1,-0.112154,1,88.2
2026-07-17 04:00:00,user_21,employee,4,5,1,8,1,10,2,36.65,10,0,7,suspicious_login,1,-0.080408,1,83.05
2026-07-23 03:00:00,user_24,employee,3,10,1,3,1,9,78,5076.92,481,7,72,mixed_anomaly,1,-0.212308,1,100.0
2026-07-30 14:00:00,user_25,employee,14,1,1,1,0,8,5,28.63,7,0,5,normal,0,0.174221,0,4.04
2026-07-14 14:00:00,user_08,analyst,14,0,1,1,0,14,2,26.9,270,20,64,privilege_misuse,1,-0.050327,1,78.17
2026-07-16 19:00:00,user_22,employee,19,1,1,1,0,9,3,22.0,9,0,6,normal,0,0.149499,0,13.4
2026-07-11 15:00:00,user_19,employee,15,1,2,1,0,7,5,31.1,159,7,56,privilege_misuse,1,-0.069122,1,81.22
2026-07-22 12:00:00,user_07,analyst,12,1,1,1,0,21,3,55.56,38,0,12,normal,0,0.094225,0,34.33
2026-07-10 01:00:00,user_10,analyst,1,17,1,8,1,12,161,5180.83,117,6,132,mixed_anomaly,1,-0.210845,1,100.0
2026-07-23 14:00:00,user_10,analyst,14,2,1,1,0,21,7,101.92,35,0,11,normal,0,0.024628,0,60.68
2026-07-11 12:00:00,user_06,analyst,12,0,1,1,0,11,6,87.36,51,0,10,normal,0,0.114817,0,26.53
2026-07-30 02:00:00,user_05,analyst,2,5,3,7,1,14,3,48.32,44,0,9,suspicious_login,1,-0.118914,1,89.29
2026-07-23 17:00:00,user_14,employee,17,0,2,1,0,13,1,9.47,7,0,6,normal,0,0.148376,0,13.83
2026-07-28 09:00:00,user_07,analyst,9,1,1,1,0,21,4,58.86,199,20,33,privilege_misuse,1,-0.084243,1,83.67
2026-07-01 09:00:00,user_16,employee,9,0,1,1,0,9,3,43.09,8,0,5,normal,0,0.193344,0,0.0
2026-07-28 06:00:00,user_15,employee,6,2,1,2,0,3,1,32.61,9,0,3,normal,0,-0.01343,1,72.18
2026-07-07 18:00:00,user_28,employee,18,1,2,1,0,8,1,11.15,6,0,6,normal,0,0.133521,0,19.45
2026-07-23 12:00:00,user_14,employee,12,0,1,1,0,12,3,47.41,7,0,7,normal,0,0.197957,0,0.0
2026-07-21 11:00:00,user_22,employee,11,0,3,1,0,3,2,71.89,13,0,3,normal,0,0.123796,0,23.13
2026-07-18 00:00:00,user_10,analyst,0,11,1,5,1,19,151,2634.8,190,9,81,mixed_anomaly,1,-0.213564,1,100.0
2026-07-22 14:00:00,user_11,analyst,14,1,1,1,0,289,223,7661.22,37,0,102,data_exfiltration,1,-0.074388,1,82.07
2026-07-15 08:00:00,user_04,admin,8,1,1,1,0,13,4,4.79,26,2,12,normal,0,0.06918,0,43.81
2026-07-30 14:00:00,user_28,employee,14,1,1,1,0,4,5,89.67,8,0,2,normal,0,0.114202,0,26.76
2026-07-11 14:00:00,user_17,employee,14,0,1,1,0,205,112,8129.55,5,0,209,data_exfiltration,1,-0.072578,1,81.78
2026-07-22 06:00:00,user_24,employee,6,0,1,1,0,8,5,19.33,7,0,4,normal,0,0.150212,0,13.13
2026-07-06 13:00:00,user_28,employee,13,0,1,1,0,10,4,9.25,7,0,4,normal,0,0.191528,0,0.0
2026-07-07 13:00:00,user_28,employee,13,3,1,1,0,10,3,40.3,11,0,7,normal,0,0.106683,0,29.61
2026-07-07 02:00:00,user_27,employee,2,11,1,3,1,17,64,3278.42,434,4,119,mixed_anomaly,1,-0.203159,1,100.0
2026-07-25 12:00:00,user_04,admin,12,1,1,1,0,7,4,61.56,36,3,6,normal,0,0.053211,0,49.85
2026-07-23 10:00:00,user_23,employee,10,1,1,1,0,9,2,45.57,6,0,7,normal,0,0.178882,0,2.28
2026-07-25 03:00:00,user_16,employee,3,13,1,8,1,8,61,4136.21,277,11,103,mixed_anomaly,1,-0.21189,1,100.0
2026-07-07 14:00:00,user_28,employee,14,0,3,1,0,4,2,21.5,13,0,3,normal,0,0.138721,0,17.48
2026-07-29 10:00:00,user_05,analyst,10,9,1,4,1,14,3,91.01,35,0,11,brute_force,1,-0.104158,1,86.9
2026-07-25 08:00:00,user_24,employee,8,0,1,1,0,10,2,16.15,9,0,8,normal,0,0.177891,0,2.65
2026-07-07 09:00:00,user_01,admin,9,0,2,1,0,15,4,22.08,21,3,10,normal,0,0.087428,0,36.9
2026-07-07 04:00:00,user_22,employee,4,13,1,4,1,6,58,2859.77,170,7,103,mixed_anomaly,1,-0.212936,1,100.0
2026-07-09 13:00:00,user_14,employee,13,0,4,1,0,7,5,11.78,188,8,75,privilege_misuse,1,-0.084783,1,83.76
2026-07-30 12:00:00,user_08,analyst,12,1,2,1,0,16,8,47.39,37,0,11,normal,0,0.104198,0,30.55
2026-07-03 05:00:00,user_03,admin,5,3,3,6,1,9,3,60.79,38,1,9,suspicious_login,1,-0.129151,1,90.96
2026-07-29 12:00:00,user_08,analyst,12,0,3,1,0,162,109,6093.23,33,0,152,data_exfiltration,1,-0.092095,1,84.94
2026-07-15 15:00:00,user_02,admin,15,0,2,1,1,14,2,43.6,24,2,8,normal,0,0.011129,0,65.79
2026-07-16 16:00:00,user_09,analyst,16,1,1,1,0,353,294,4878.29,43,0,110,data_exfiltration,1,-0.098719,1,86.02
2026-07-23 11:00:00,user_27,employee,11,27,1,2,0,9,3,83.63,8,0,5,brute_force,1,0.008039,0,66.96
2026-07-14 11:00:00,user_30,employee,11,0,5,2,0,6,2,124.58,9,0,5,normal,0,-0.020175,1,73.27
2026-07-05 15:00:00,user_03,admin,15,0,3,1,0,13,2,93.18,21,2,7,normal,0,0.066291,0,44.9
2026-07-25 03:00:00,user_24,employee,3,11,1,6,1,7,107,4514.4,345,8,85,mixed_anomaly,1,-0.212727,1,100.0
2026-07-16 13:00:00,user_29,employee,13,0,1,1,0,8,4,98.48,7,0,5,normal,0,0.16632,0,7.03
2026-07-09 09:00:00,user_16,employee,9,0,1,1,0,9,2,14.88,8,0,4,normal,0,0.185872,0,0.0
2026-07-13 10:00:00,user_14,employee,10,0,2,1,0,165,301,4192.06,8,0,149,data_exfiltration,1,-0.08099,1,83.14
2026-07-14 10:00:00,user_22,employee,10,0,1,1,0,8,2,27.23,12,0,4,normal,0,0.194756,0,0.0
2026-07-20 01:00:00,user_29,employee,1,2,1,5,1,5,5,16.97,2,0,4,suspicious_login,1,-0.087546,1,84.2
2026-07-04 16:00:00,user_19,employee,16,2,3,1,0,8,3,6.32,7,0,5,normal,0,0.087701,0,36.8
2026-07-26 09:00:00,user_07,analyst,9,0,1,1,0,11,4,27.98,35,0,10,normal,0,0.165685,0,7.27
2026-07-04 11:00:00,user_28,employee,11,1,1,1,0,6,4,23.35,222,7,72,privilege_misuse,1,-0.06849,1,81.11
2026-07-21 11:00:00,user_08,analyst,11,0,1,1,0,14,3,22.54,39,0,14,normal,0,0.14558,0,14.88
2026-07-09 11:00:00,user_15,employee,11,0,2,1,0,8,4,16.72,9,0,6,normal,0,0.194817,0,0.0
2026-07-10 06:00:00,user_25,employee,6,0,1,1,0,190,132,8972.63,7,0,60,data_exfiltration,1,-0.084996,1,83.79
2026-07-14 03:00:00,user_16,employee,3,10,1,3,1,12,85,1361.85,486,9,169,mixed_anomaly,1,-0.210845,1,100.0
2026-07-08 00:00:00,user_23,employee,0,11,1,3,1,18,171,4566.29,370,9,131,mixed_anomaly,1,-0.213774,1,100.0
2026-07-03 11:00:00,user_14,employee,11,0,2,1,0,7,0,54.96,10,0,6,normal,0,0.156119,0,10.89
2026-07-06 08:00:00,user_13,employee,8,0,3,1,0,6,3,41.23,8,0,5,normal,0,0.152099,0,12.42
2026-07-26 15:00:00,user_08,analyst,15,1,1,1,0,17,5,72.75,34,0,11,normal,0,0.129384,0,21.02
2026-07-07 15:00:00,user_18,employee,15,23,1,3,1,10,5,44.46,6,0,6,brute_force,1,-0.078115,1,82.67
2026-07-18 10:00:00,user_21,employee,10,0,2,1,0,10,5,35.49,14,0,5,normal,0,0.178436,0,2.44
2026-07-06 01:00:00,user_05,analyst,1,5,1,8,1,12,5,71.9,44,0,8,suspicious_login,1,-0.109346,1,87.74
2026-07-22 09:00:00,user_30,employee,9,0,1,1,0,129,278,6402.21,6,0,76,data_exfiltration,1,-0.077558,1,82.58
2026-07-06 16:00:00,user_22,employee,16,0,2,1,0,8,3,15.68,4,0,5,normal,0,0.174001,0,4.12
2026-07-22 04:00:00,user_21,employee,4,10,1,6,1,7,96,5640.74,408,2,140,mixed_anomaly,1,-0.197737,1,100.0
2026-07-10 14:00:00,user_15,employee,14,0,1,1,0,9,2,67.58,7,0,4,normal,0,0.190333,0,0.0
2026-07-12 16:00:00,user_24,employee,16,0,1,1,0,7,6,26.3,13,0,4,normal,0,0.165094,0,7.5
2026-07-18 13:00:00,user_15,employee,13,2,1,1,0,15,5,13.65,183,14,78,privilege_misuse,1,-0.092109,1,84.95
2026-07-23 10:00:00,user_11,analyst,10,0,1,1,0,16,3,69.65,34,0,11,normal,0,0.159966,0,9.44
2026-07-08 13:00:00,user_10,analyst,13,2,1,1,0,12,6,121.02,345,19,29,privilege_misuse,1,-0.114924,1,88.65
2026-07-13 09:00:00,user_12,analyst,9,0,1,1,0,14,3,38.73,30,0,11,normal,0,0.173197,0,4.43
2026-07-16 18:00:00,user_22,employee,18,1,3,1,0,4,3,15.58,10,0,3,normal,0,0.103153,0,30.95
2026-07-18 06:00:00,user_26,employee,6,0,3,1,0,7,2,64.55,3,0,3,normal,0,0.105386,0,30.1
2026-07-02 15:00:00,user_12,analyst,15,0,1,1,0,12,9,59.23,28,0,8,normal,0,0.138205,0,17.68
2026-07-12 08:00:00,user_11,analyst,8,3,4,1,0,21,3,77.02,31,0,14,normal,0,-0.033105,1,75.37
2026-07-16 16:00:00,user_22,employee,16,0,1,1,0,11,0,75.7,11,0,5,normal,0,0.130242,0,20.69
2026-07-12 16:00:00,user_18,employee,16,0,1,1,1,4,1,56.61,9,0,4,normal,0,0.039071,0,55.21
2026-07-05 09:00:00,user_08,analyst,9,0,1,1,0,13,3,32.58,302,8,73,privilege_misuse,1,-0.054085,1,78.78
2026-07-07 11:00:00,user_22,employee,11,0,1,1,0,9,4,25.18,7,0,8,normal,0,0.196191,0,0.0
2026-07-14 07:00:00,user_10,analyst,7,0,1,1,0,17,5,36.49,30,0,11,normal,0,0.147042,0,14.33
