window_start,user_id,role,login_hour,failed_logins,successful_logins,unique_ips,new_ip_flag,file_access_count,files_downloaded,download_mb,db_queries,admin_access_count,unique_resources,scenario_label,is_anomaly
2026-07-03 09:00:00,user_21,employee,9,1,1,2,0,10,7,44.15,8,0,6,normal,0
2026-07-24 14:00:00,user_04,admin,14,0,2,1,0,11,3,50.38,28,2,7,normal,0
2026-07-20 07:00:00,user_01,employee,7,1,2,1,0,9,2,57.9,288,14,70,privilege_misuse,1
2026-07-21 11:00:00,user_08,analyst,11,0,1,1,0,14,3,22.54,39,0,14,normal,0
2026-07-14 15:00:00,user_08,analyst,15,0,1,2,0,11,8,22.0,32,0,7,normal,0
2026-07-24 10:00:00,user_05,analyst,10,0,1,1,0,15,5,59.42,35,0,8,normal,0
2026-07-06 13:00:00,user_24,employee,13,0,1,1,0,6,4,57.27,8,0,5,normal,0
2026-07-04 02:00:00,user_04,admin,2,8,1,4,1,19,86,4388.29,152,3,175,mixed_anomaly,1
2026-07-04 12:00:00,user_03,admin,12,0,1,1,0,15,3,79.18,37,1,12,normal,0
2026-07-26 13:00:00,user_19,employee,13,0,4,1,1,10,4,11.05,5,0,5,normal,0
2026-07-04 14:00:00,user_14,employee,14,8,0,4,1,3,3,30.0,4,0,2,brute_force,1
2026-07-16 16:00:00,user_01,admin,16,0,1,1,0,15,5,34.35,21,2,9,normal,0
2026-07-23 12:00:00,user_03,admin,12,0,3,1,0,228,205,2530.56,18,0,209,data_exfiltration,1
2026-07-29 11:00:00,user_08,analyst,11,0,3,1,0,16,9,12.6,38,0,14,normal,0
2026-07-29 16:00:00,user_17,employee,16,1,1,1,0,13,3,20.57,11,0,10,normal,0
2026-07-20 11:00:00,user_20,employee,11,0,1,1,1,6,0,53.7,9,0,3,normal,0
2026-07-30 12:00:00,user_01,admin,12,1,1,1,0,9,4,37.25,19,2,8,normal,0
2026-07-27 14:00:00,user_18,employee,14,1,4,1,0,5,4,3.01,7,0,4,normal,0
2026-07-18 11:00:00,user_07,analyst,11,0,2,1,0,15,5,97.26,31,0,9,normal,0
2026-07-02 11:00:00,user_23,employee,11,2,1,1,0,9,2,16.68,9,0,6,normal,0
2026-07-23 10:00:00,user_21,employee,10,1,1,1,0,9,4,37.43,11,0,5,normal,0
2026-07-08 00:00:00,user_23,employee,0,11,1,3,1,18,171,4566.29,370,9,131,mixed_anomaly,1
2026-07-01 09:00:00,user_14,employee,9,1,1,1,0,3,4,85.16,6,0,2,normal,0
2026-07-26 15:00:00,user_08,analyst,15,1,1,1,0,17,5,72.75,34,0,11,normal,0
2026-07-27 12:00:00,user_15,employee,12,0,2,1,0,9,6,20.98,6,0,8,normal,0
2026-07-29 10:00:00,user_19,employee,10,0,1,1,0,4,2,25.14,217,7,39,privilege_misuse,1
2026-07-15 08:00:00,user_26,employee,8,0,2,1,0,8,0,25.85,2,0,3,normal,0
2026-07-15 16:00:00,user_28,employee,16,0,1,1,0,12,2,47.37,6,0,9,normal,0
2026-07-08 13:00:00,user_01,admin,13,0,1,1,0,17,2,13.78,27,0,13,normal,0
2026-07-26 13:00:00,user_25,employee,13,0,1,1,0,8,2,36.04,11,0,6,normal,0
2026-07-27 17:00:00,user_26,employee,17,0,3,1,0,8,4,30.73,6,0,6,normal,0
2026-07-11 15:00:00,user_06,analyst,15,0,1,1,0,17,3,48.64,49,0,11,normal,0
2026-07-09 11:00:00,user_23,employee,11,0,3,1,0,10,2,11.3,9,0,5,normal,0
2026-07-03 11:00:00,user_14,employee,11,0,2,1,0,7,0,54.96,10,0,6,normal,0
2026-07-27 10:00:00,user_11,analyst,10,0,4,2,0,17,4,40.47,33,0,11,normal,0
2026-07-22 11:00:00,user_09,analyst,11,0,2,1,0,20,10,62.79,35,0,14,normal,0
2026-07-14 10:00:00,user_05,analyst,10,0,1,1,0,17,1,117.86,42,0,14,normal,0
2026-07-27 11:00:00,user_07,analyst,11,0,2,1,0,24,6,33.52,37,0,21,normal,0
2026-07-09 10:00:00,user_25,employee,10,0,2,1,0,13,3,28.62,8,0,8,normal,0
2026-07-27 17:00:00,user_11,analyst,17,0,1,1,0,20,4,49.89,26,0,18,normal,0
2026-07-28 16:00:00,user_04,admin,16,9,0,4,1,16,5,43.49,19,0,8,brute_force,1
2026-07-24 12:00:00,user_13,employee,12,1,1,1,0,10,1,30.34,6,0,7,normal,0
2026-07-28 13:00:00,user_04,admin,13,2,1,1,0,15,3,31.08,25,4,9,normal,0
2026-07-12 09:00:00,user_12,analyst,9,0,1,1,0,21,5,150.71,135,13,27,privilege_misuse,1
2026-07-13 14:00:00,user_20,employee,14,0,2,1,0,6,2,72.52,9,0,5,normal,0
2026-07-16 06:00:00,user_09,analyst,6,0,1,1,0,11,9,91.02,34,0,9,normal,0
2026-07-15 15:00:00,user_26,employee,15,0,1,1,0,9,4,18.11,6,0,7,normal,0
2026-07-27 19:00:00,user_02,admin,19,0,1,1,0,8,4,33.97,27,2,8,normal,0
2026-07-27 14:00:00,user_24,employee,14,0,1,1,0,6,2,50.76,10,0,3,normal,0
2026-07-12 19:00:00,user_15,employee,19,0,1,2,0,8,2,5.06,10,0,6,normal,0
2026-07-30 13:00:00,user_18,employee,13,2,1,1,0,7,1,97.42,6,0,4,normal,0
2026-07-11 14:00:00,user_04,admin,14,0,1,1,0,10,5,53.96,27,1,9,normal,0
2026-07-28 12:00:00,user_30,employee,12,0,1,1,0,8,1,123.0,12,0,7,normal,0
2026-07-18 15:00:00,user_13,employee,15,0,2,1,0,8,5,55.38,6,0,5,normal,0
2026-07-13 09:00:00,user_03,admin,9,1,1,1,0,12,3,43.14,22,3,9,normal,0
2026-07-19 06:00:00,user_18,employee,6,2,1,1,0,12,4,14.94,7,0,6,normal,0
2026-07-30 00:00:00,user_10,analyst,0,11,2,5,1,12,147,2857.72,194,3,66,mixed_anomaly,1
2026-07-06 11:00:00,user_29,employee,11,0,4,1,0,6,5,24.51,6,0,3,normal,0
2026-07-14 16:00:00,user_28,employee,16,2,1,1,0,13,1,31.26,15,0,9,normal,0
2026-07-24 10:00:00,user_12,analyst,10,0,2,1,0,20,5,13.75,36,0,10,normal,0
2026-07-25 13:00:00,user_19,employee,13,0,1,1,0,8,6,36.45,10,0,4,normal,0
2026-07-26 11:00:00,user_07,analyst,11,1,1,1,0,18,7,26.35,28,0,15,normal,0
2026-07-29 10:00:00,user_23,employee,10,0,1,1,0,11,1,26.77,12,0,8,normal,0
2026-07-21 15:00:00,user_03,admin,15,0,2,1,0,11,2,49.86,29,1,11,normal,0
2026-07-13 14:00:00,user_02,admin,14,0,2,2,0,10,8,63.65,22,5,8,normal,0
2026-07-19 13:00:00,user_22,employee,13,0,2,1,0,6,2,23.57,4,0,4,normal,0
2026-07-21 17:00:00,user_08,analyst,17,2,1,2,0,10,8,79.05,39,0,9,normal,0
2026-07-14 09:00:00,user_25,employee,9,1,1,1,0,5,4,46.81,7,0,4,normal,0
2026-07-15 16:00:00,user_10,analyst,16,0,1,1,0,15,5,36.94,39,0,14,normal,0
2026-07-13 09:00:00,user_03,admin,9,0,2,1,0,8,2,135.35,22,5,5,normal,0
2026-07-21 12:00:00,user_28,employee,12,0,1,1,0,6,2,83.5,7,0,4,normal,0
2026-07-15 14:00:00,user_08,analyst,14,1,2,1,0,6,4,20.3,32,0,7,normal,0
2026-07-01 13:00:00,user_28,employee,13,0,1,1,0,11,1,32.72,8,0,9,normal,0
2026-07-04 14:00:00,user_04,admin,14,1,1,1,0,9,7,49.83,25,1,9,normal,0
2026-07-08 08:00:00,user_13,employee,8,0,1,1,0,5,5,17.62,260,5,73,privilege_misuse,1
2026-07-23 17:00:00,user_15,employee,17,1,1,1,0,9,2,116.04,11,0,5,normal,0
2026-07-24 21:00:00,user_21,employee,21,0,1,1,0,7,4,45.57,8,0,4,normal,0
2026-07-17 13:00:00,user_27,employee,13,1,1,1,0,8,1,12.26,8,0,6,normal,0
2026-07-27 12:00:00,user_12,analyst,12,2,3,1,0,10,8,54.99,42,0,9,normal,0
2026-07-27 17:00:00,user_06,analyst,17,0,1,1,0,11,5,12.59,48,0,10,normal,0
2026-07-11 16:00:00,user_12,analyst,16,0,1,1,0,14,4,35.49,24,0,7,normal,0
2026-07-12 09:00:00,user_12,analyst,9,0,2,1,0,10,5,100.33,31,0,6,normal,0
2026-07-30 10:00:00,user_07,analyst,10,0,1,1,0,12,7,113.4,38,0,9,normal,0
2026-07-02 12:00:00,user_22,employee,12,0,1,1,0,7,0,19.97,7,0,5,normal,0
2026-07-11 12:00:00,user_09,analyst,12,0,1,1,0,12,7,120.2,35,0,12,normal,0
2026-07-03 12:00:00,user_23,employee,12,0,2,1,0,13,3,25.94,12,0,6,normal,0
2026-07-06 07:00:00,user_30,employee,7,1,2,1,0,5,3,6.71,8,0,4,normal,0
2026-07-20 10:00:00,user_22,employee,10,0,2,1,0,9,1,8.66,8,0,7,normal,0
2026-07-16 10:00:00,user_21,employee,10,0,3,2,0,6,2,53.21,8,0,3,normal,0
2026-07-27 00:00:00,user_03,admin,0,10,2,8,1,7,96,1973.14,130,3,89,mixed_anomaly,1
2026-07-01 11:00:00,user_21,employee,11,0,1,1,0,10,3,23.32,11,0,8,normal,0
2026-07-28 18:00:00,user_06,analyst,18,1,1,1,0,12,6,113.61,39,0,10,normal,0
2026-07-29 15:00:00,user_18,employee,15,1,4,1,0,8,4,8.48,12,0,6,normal,0
2026-07-24 17:00:00,user_24,employee,17,0,1,2,0,10,5,37.29,7,0,7,normal,0
2026-07-23 14:00:00,user_08,analyst,14,0,1,1,0,10,1,30.24,32,0,8,normal,0
2026-07-02 17:00:00,user_06,analyst,17,0,1,1,0,18,4,108.56,42,0,17,normal,0
2026-07-16 17:00:00,user_15,employee,17,0,2,2,0,10,4,33.92,10,0,8,normal,0
2026-07-25 11:00:00,user_13,employee,11,0,1,1,0,5,2,26.29,4,0,3,normal,0
2026-07-26 14:00:00,user_09,analyst,14,0,1,2,0,18,5,91.04,37,0,11,normal,0
2026-07-19 11:00:00,user_30,employee,11,0,1,1,0,7,6,24.4,6,0,5,normal,0
2026-07-02 13:00:00,user_21,employee,13,0,1,1,0,2,1,52.02,4,0,1,normal,0
2026-07-27 18:00:00,user_23,employee,18,0,1,2,0,9,4,52.23,6,0,4,normal,0
2026-07-30 10:00:00,user_18,employee,10,0,2,1,0,7,0,2.24,10,0,6,normal,0
2026-07-06 14:00:00,user_08,analyst,14,0,1,1,0,9,5,33.28,35,0,9,normal,0
2026-07-11 18:00:00,user_22,employee,18,1,1,1,0,7,4,55.09,8,0,5,normal,0
2026-07-10 13:00:00,user_11,analyst,13,28,0,2,1,13,5,56.24,37,0,12,brute_force,1
2026-07-05 10:00:00,user_08,analyst,10,0,1,1,0,14,9,43.15,37,0,12,normal,0
2026-07-30 17:00:00,user_27,employee,17,0,2,1,0,5,8,50.68,13,0,3,normal,0
2026-07-19 11:00:00,user_02,admin,11,1,4,1,0,19,5,27.98,21,1,12,normal,0
2026-07-08 10:00:00,user_26,employee,10,0,1,1,0,7,3,108.76,6,0,5,normal,0
2026-07-25 11:00:00,user_11,analyst,11,0,1,1,0,25,4,143.05,38,0,22,normal,0
2026-07-04 12:00:00,user_13,employee,12,0,1,1,0,5,1,14.64,109,9,88,privilege_misuse,1
2026-07-03 16:00:00,user_03,admin,16,0,2,1,0,10,6,37.17,24,1,6,normal,0
2026-07-14 04:00:00,user_07,analyst,4,8,2,7,1,9,88,3385.41,128,5,157,mixed_anomaly,1
2026-07-02 10:00:00,user_29,employee,10,2,4,1,0,5,1,30.97,116,9,85,privilege_misuse,1
2026-07-15 12:00:00,user_07,analyst,12,2,1,1,0,22,4,25.61,39,0,17,normal,0
2026-07-10 13:00:00,user_21,employee,13,1,1,2,0,6,3,23.3,5,0,3,normal,0
2026-07-09 11:00:00,user_16,employee,11,0,2,1,0,8,3,33.66,12,0,6,normal,0
2026-07-11 23:00:00,user_13,employee,23,4,1,8,1,10,2,24.62,9,0,7,suspicious_login,1
2026-07-28 15:00:00,user_05,analyst,15,0,2,1,0,13,1,57.41,43,0,12,normal,0
2026-07-08 08:00:00,user_09,analyst,8,0,1,1,0,21,3,65.8,41,0,13,normal,0
2026-07-10 07:00:00,user_05,analyst,7,0,2,1,0,22,9,13.1,42,0,12,normal,0
2026-07-07 13:00:00,user_08,analyst,13,0,2,1,0,18,11,30.35,35,0,10,normal,0
2026-07-22 13:00:00,user_24,employee,13,0,1,1,0,3,3,14.32,9,0,3,normal,0
2026-07-20 08:00:00,user_18,employee,8,0,1,1,0,13,2,35.97,11,0,7,normal,0
2026-07-17 09:00:00,user_18,employee,9,1,1,2,0,8,1,13.29,11,0,5,normal,0
2026-07-13 14:00:00,user_09,analyst,14,1,1,1,0,16,3,88.94,31,0,14,normal,0
2026-07-21 15:00:00,user_24,employee,15,1,1,1,0,5,2,34.53,6,0,4,normal,0
2026-07-02 11:00:00,user_19,employee,11,1,1,1,0,5,3,5.69,5,0,3,normal,0
2026-07-11 07:00:00,user_14,employee,7,0,1,1,0,21,5,74.31,8,0,10,normal,0
2026-07-23 11:00:00,user_29,employee,11,0,1,1,0,7,1,16.7,13,0,6,normal,0
2026-07-10 10:00:00,user_19,employee,10,0,2,1,0,3,5,31.91,3,0,2,normal,0
2026-07-19 15:00:00,user_13,employee,15,0,1,1,0,9,3,15.61,7,0,7,normal,0
2026-07-29 15:00:00,user_12,analyst,15,0,3,1,0,412,242,4077.83,39,0,87,data_exfiltration,1
2026-07-29 10:00:00,user_05,analyst,10,0,1,1,0,11,3,139.93,34,0,11,normal,0
2026-07-27 12:00:00,user_17,employee,12,3,1,1,0,7,7,82.83,9,0,6,normal,0
2026-07-14 12:00:00,user_16,employee,12,0,3,2,0,6,1,14.83,6,0,3,normal,0
2026-07-11 15:00:00,user_03,admin,15,1,3,1,0,9,2,15.71,37,1,6,normal,0
2026-07-29 10:00:00,user_25,employee,10,0,2,1,0,8,1,6.71,7,0,5,normal,0
2026-07-02 12:00:00,user_02,admin,12,0,1,1,0,12,3,22.29,36,4,11,normal,0
2026-07-15 10:00:00,user_28,employee,10,26,0,2,1,10,7,17.81,8,0,5,brute_force,1
2026-07-20 10:00:00,user_05,analyst,10,0,1,1,0,15,3,93.33,42,0,10,normal,0
2026-07-07 19:00:00,user_21,employee,19,0,2,1,0,12,6,9.6,9,0,8,normal,0
2026-07-18 10:00:00,user_06,analyst,10,1,1,1,0,12,6,72.81,44,0,10,normal,0
2026-07-20 14:00:00,user_26,employee,14,1,1,1,0,15,3,15.5,8,0,7,normal,0
2026-07-16 15:00:00,user_22,employee,15,0,3,1,0,6,1,12.25,3,0,3,normal,0
2026-07-22 10:00:00,user_14,employee,10,0,2,1,0,9,3,78.08,5,0,4,normal,0
2026-07-19 09:00:00,user_20,employee,9,25,1,3,1,10,4,7.65,7,0,4,brute_force,1
2026-07-25 08:00:00,user_13,employee,8,0,2,1,0,3,5,27.3,10,0,3,normal,0
2026-07-07 16:00:00,user_13,employee,16,1,2,1,1,10,2,24.2,12,0,7,normal,0
2026-07-28 10:00:00,user_20,employee,10,0,1,1,0,5,2,76.07,9,0,3,normal,0
2026-07-14 14:00:00,user_15,employee,14,1,1,1,0,8,3,29.34,6,0,4,normal,0
2026-07-23 11:00:00,user_17,employee,11,0,3,1,0,4,3,28.15,302,19,71,privilege_misuse,1
2026-07-13 11:00:00,user_18,employee,11,0,1,1,0,8,4,27.03,10,0,5,normal,0
2026-07-30 10:00:00,user_28,employee,10,1,1,1,0,7,3,26.97,10,0,4,normal,0
2026-07-15 13:00:00,user_01,admin,13,0,2,1,0,16,1,29.62,25,2,13,normal,0
2026-07-07 14:00:00,user_22,employee,14,9,1,3,0,7,2,17.83,7,0,5,brute_force,1
2026-07-29 15:00:00,user_22,employee,15,0,3,1,0,8,7,52.59,8,0,5,normal,0
2026-07-26 01:00:00,user_29,employee,1,9,1,6,1,6,179,5591.98,176,9,70,mixed_anomaly,1
2026-07-10 07:00:00,user_25,employee,7,1,1,1,0,8,5,47.6,316,20,70,privilege_misuse,1
2026-07-29 14:00:00,user_25,employee,14,1,2,1,0,13,2,82.17,8,0,9,normal,0
2026-07-11 14:00:00,user_21,employee,14,0,1,1,0,11,2,96.26,3,0,7,normal,0
2026-07-05 10:00:00,user_11,analyst,10,0,1,1,0,15,7,55.7,36,0,13,normal,0
2026-07-08 12:00:00,user_04,admin,12,0,1,1,0,6,9,29.06,37,1,6,normal,0
2026-07-12 13:00:00,user_10,analyst,13,0,1,1,0,19,8,46.43,35,0,14,normal,0
2026-07-14 15:00:00,user_14,employee,15,0,1,1,0,9,1,28.83,6,0,7,normal,0
2026-07-09 06:00:00,user_06,analyst,6,1,1,2,0,16,6,21.46,34,0,11,normal,0
2026-07-16 11:00:00,user_15,employee,11,0,1,1,0,9,3,24.82,11,0,5,normal,0
2026-07-21 07:00:00,user_01,admin,7,0,1,2,0,11,4,12.68,28,3,9,normal,0
2026-07-24 18:00:00,user_24,employee,18,0,1,1,0,13,4,34.57,246,12,63,privilege_misuse,1
2026-07-18 12:00:00,user_17,employee,12,0,2,1,0,9,2,10.0,7,0,6,normal,0
2026-07-19 11:00:00,user_25,employee,11,0,2,1,0,377,205,6112.41,2,0,90,data_exfiltration,1
2026-07-06 13:00:00,user_17,employee,13,0,2,1,0,8,3,17.0,4,0,4,normal,0
2026-07-09 18:00:00,user_30,employee,18,0,1,1,0,8,2,20.03,15,0,4,normal,0
2026-07-16 18:00:00,user_04,admin,18,0,1,1,0,16,7,42.58,22,2,11,normal,0
2026-07-24 10:00:00,user_28,employee,10,0,1,1,0,4,5,11.7,7,0,2,normal,0
2026-07-28 08:00:00,user_21,employee,8,0,3,1,0,8,1,16.02,313,7,43,privilege_misuse,1
2026-07-01 12:00:00,user_27,employee,12,1,2,1,0,8,1,25.16,6,0,5,normal,0
2026-07-19 12:00:00,user_21,employee,12,0,1,1,0,4,1,22.01,8,0,3,normal,0
2026-07-02 13:00:00,user_17,employee,13,0,2,1,0,9,4,20.09,17,0,5,normal,0
2026-07-19 10:00:00,user_20,employee,10,0,1,1,0,303,98,4551.64,7,0,206,data_exfiltration,1
2026-07-23 15:00:00,user_05,analyst,15,0,1,1,0,14,5,79.77,245,11,80,privilege_misuse,1
2026-07-22 14:00:00,user_25,employee,14,0,3,2,0,10,7,185.94,9,0,5,normal,0
2026-07-18 14:00:00,user_06,analyst,14,0,2,1,0,15,4,30.11,33,0,12,normal,0
2026-07-16 14:00:00,user_18,employee,14,0,1,1,0,5,4,46.82,11,0,5,normal,0
2026-07-11 12:00:00,user_25,employee,12,1,2,1,0,5,4,88.78,5,0,2,normal,0
2026-07-21 12:00:00,user_30,employee,12,0,1,1,0,5,5,33.31,8,0,3,normal,0
2026-07-03 13:00:00,user_17,employee,13,0,2,1,0,8,1,84.86,9,0,7,normal,0
2026-07-26 09:00:00,user_30,employee,9,1,1,1,0,10,2,29.08,6,0,8,normal,0
2026-07-11 10:00:00,user_01,admin,10,0,1,1,0,16,6,35.35,26,2,13,normal,0
2026-07-18 09:00:00,user_20,employee,9,0,2,1,0,7,1,12.43,8,0,5,normal,0
2026-07-01 12:00:00,user_11,analyst,12,0,2,1,0,11,2,52.2,33,0,10,normal,0
2026-07-09 16:00:00,user_16,employee,16,0,1,1,0,10,0,25.01,12,0,7,normal,0
2026-07-19 18:00:00,user_01,admin,18,1,1,1,0,17,4,12.74,30,0,14,normal,0
2026-07-03 11:00:00,user_04,admin,11,1,4,1,0,7,2,35.69,32,2,6,normal,0
2026-07-13 10:00:00,user_30,employee,10,1,4,1,0,8,3,135.88,6,0,5,normal,0
2026-07-29 07:00:00,user_12,analyst,7,0,3,1,0,16,6,51.14,41,0,15,normal,0
2026-07-11 12:00:00,user_29,employee,12,0,3,1,0,11,5,99.12,9,0,8,normal,0
2026-07-25 13:00:00,user_27,employee,13,0,1,1,0,9,4,29.82,8,0,7,normal,0
2026-07-10 08:00:00,user_26,employee,8,1,1,1,0,5,3,55.05,5,0,4,normal,0
2026-07-10 10:00:00,user_10,analyst,10,0,1,1,0,19,6,61.38,31,0,16,normal,0
2026-07-16 08:00:00,user_08,analyst,8,0,1,1,0,16,5,64.39,31,0,10,normal,0
2026-07-20 08:00:00,user_02,admin,8,0,1,1,1,9,5,29.86,27,0,8,normal,0
2026-07-20 13:00:00,user_08,analyst,13,0,1,1,0,18,4,27.48,32,0,14,normal,0
2026-07-05 17:00:00,user_29,employee,17,0,1,1,0,13,2,5.68,7,0,5,normal,0
2026-07-17 11:00:00,user_19,employee,11,2,1,1,0,7,0,66.9,5,0,5,normal,0
2026-07-24 12:00:00,user_03,admin,12,0,1,1,0,11,2,60.86,26,3,8,normal,0
2026-07-16 21:00:00,user_03,admin,21,0,1,1,0,18,0,59.11,25,1,15,normal,0
2026-07-06 00:00:00,user_24,employee,0,2,1,6,1,5,3,41.05,9,0,4,suspicious_login,1
2026-07-15 17:00:00,user_27,employee,17,0,2,1,1,4,2,49.53,8,0,3,normal,0
2026-07-08 13:00:00,user_03,admin,13,0,3,1,0,14,2,66.09,28,3,11,normal,0
2026-07-30 14:00:00,user_25,employee,14,1,1,1,0,8,5,28.63,7,0,5,normal,0
2026-07-11 14:00:00,user_18,employee,14,0,2,1,0,5,3,11.2,6,0,3,normal,0
2026-07-29 14:00:00,user_25,employee,14,0,1,1,0,6,4,23.07,9,0,3,normal,0
2026-07-15 14:00:00,user_05,analyst,14,1,1,1,0,11,1,14.48,38,0,7,normal,0
2026-07-21 13:00:00,user_05,analyst,13,0,2,2,0,17,5,19.01,42,0,15,normal,0
2026-07-09 09:00:00,user_22,employee,9,1,2,1,0,8,2,15.46,11,0,6,normal,0
2026-07-13 12:00:00,user_16,employee,12,1,1,1,0,10,3,67.94,10,0,8,normal,0
2026-07-22 12:00:00,user_18,employee,12,1,1,1,0,8,0,20.09,6,0,5,normal,0
2026-07-16 13:00:00,user_06,analyst,13,0,1,1,0,13,3,19.62,34,0,10,normal,0
2026-07-17 06:00:00,user_09,analyst,6,1,1,1,0,16,7,52.21,31,0,10,normal,0
2026-07-30 07:00:00,user_17,employee,7,1,1,1,0,11,0,37.43,10,0,10,normal,0
2026-07-23 11:00:00,user_28,employee,11,1,1,1,0,9,3,47.51,8,0,5,normal,0
2026-07-05 14:00:00,user_20,employee,14,0,1,1,0,5,5,28.68,7,0,3,normal,0
2026-07-30 08:00:00,user_14,employee,8,0,1,1,0,13,7,98.88,5,0,7,normal,0
2026-07-30 08:00:00,user_07,analyst,8,0,1,1,1,9,4,73.7,39,0,8,normal,0
2026-07-30 17:00:00,user_30,employee,17,0,2,1,0,3,4,24.03,8,0,3,normal,0
2026-07-23 12:00:00,user_18,employee,12,0,1,1,0,13,5,77.84,7,0,8,normal,0
2026-07-11 12:00:00,user_25,employee,12,0,1,1,0,9,2,65.55,7,0,4,normal,0
2026-07-27 12:00:00,user_24,employee,12,0,4,1,0,222,165,6081.67,7,0,66,data_exfiltration,1
2026-07-03 07:00:00,user_23,employee,7,0,1,1,0,7,6,55.57,235,15,65,privilege_misuse,1
2026-07-03 16:00:00,user_13,employee,16,1,2,1,0,9,6,18.66,5,0,7,normal,0
2026-07-16 10:00:00,user_22,employee,10,0,1,1,0,8,1,27.46,9,0,7,normal,0
2026-07-26 08:00:00,user_21,employee,8,0,1,1,0,5,3,20.43,7,0,3,normal,0
2026-07-12 17:00:00,user_12,analyst,17,0,2,2,0,14,4,15.33,48,0,12,normal,0
2026-07-26 14:00:00,user_15,employee,14,1,3,1,0,12,4,82.2,11,0,9,normal,0
2026-07-10 16:00:00,user_29,employee,16,1,2,1,0,9,3,22.61,6,0,7,normal,0
2026-07-19 15:00:00,user_17,employee,15,0,1,1,0,1,1,33.22,14,0,1,normal,0
2026-07-30 11:00:00,user_15,employee,11,1,1,2,0,5,1,23.51,3,0,3,normal,0
2026-07-14 14:00:00,user_04,admin,14,0,1,1,0,18,1,63.91,38,2,17,normal,0
2026-07-04 10:00:00,user_08,analyst,10,0,1,1,0,10,2,45.38,33,0,9,normal,0
2026-07-11 15:00:00,user_08,analyst,15,0,1,1,0,19,7,50.97,39,0,11,normal,0
2026-07-13 19:00:00,user_03,admin,19,0,3,1,0,9,3,34.53,27,1,9,normal,0
2026-07-22 10:00:00,user_11,analyst,10,2,1,1,0,20,7,38.83,38,0,12,normal,0
2026-07-21 00:00:00,user_01,admin,0,13,2,4,1,10,120,4677.23,175,4,130,mixed_anomaly,1
2026-07-26 13:00:00,user_18,employee,13,0,3,1,0,5,4,42.84,6,0,4,normal,0
2026-07-11 13:00:00,user_08,analyst,13,0,1,1,0,15,6,100.81,29,0,8,normal,0
2026-07-22 13:00:00,user_19,employee,13,0,1,2,0,10,5,35.5,9,0,8,normal,0
2026-07-04 15:00:00,user_08,analyst,15,0,1,1,0,21,3,16.76,33,0,16,normal,0
2026-07-05 16:00:00,user_01,admin,16,0,1,2,0,15,3,10.54,28,5,11,normal,0
2026-07-22 10:00:00,user_03,admin,10,1,1,1,0,13,5,74.9,34,3,10,normal,0
2026-07-03 18:00:00,user_23,employee,18,0,2,1,0,8,1,22.72,12,0,4,normal,0
2026-07-27 11:00:00,user_21,employee,11,2,3,1,0,7,3,10.68,6,0,6,normal,0
2026-07-29 12:00:00,user_02,admin,12,0,2,2,0,13,5,114.29,24,0,8,normal,0
2026-07-17 06:00:00,user_08,analyst,6,1,1,1,0,19,2,39.77,32,0,17,normal,0
2026-07-23 16:00:00,user_03,admin,16,0,1,1,0,11,3,64.76,25,1,9,normal,0
2026-07-25 16:00:00,user_29,employee,16,0,2,1,0,9,6,18.86,2,0,7,normal,0
2026-07-09 10:00:00,user_02,employee,10,1,1,1,1,12,6,94.84,226,20,44,privilege_misuse,1
2026-07-02 11:00:00,user_03,admin,11,0,1,1,0,11,1,31.44,25,0,7,normal,0
2026-07-14 13:00:00,user_17,employee,13,0,2,1,0,4,3,8.0,7,0,3,normal,0
2026-07-13 12:00:00,user_08,analyst,12,1,1,2,0,3,5,50.21,34,0,5,normal,0
2026-07-30 11:00:00,user_09,analyst,11,0,2,1,0,15,8,39.04,41,0,13,normal,0
2026-07-29 05:00:00,user_22,employee,5,2,1,5,1,9,4,38.57,8,0,6,suspicious_login,1
2026-07-07 15:00:00,user_07,analyst,15,1,1,2,0,22,7,67.45,35,0,20,normal,0
2026-07-23 09:00:00,user_18,employee,9,1,2,1,0,6,2,15.38,8,0,4,normal,0
2026-07-01 14:00:00,user_05,analyst,14,0,1,1,0,15,4,66.93,33,0,10,normal,0
2026-07-14 11:00:00,user_24,employee,11,0,1,1,0,11,4,19.95,5,0,6,normal,0
2026-07-23 12:00:00,user_30,employee,12,0,1,1,0,4,4,12.8,11,0,3,normal,0
2026-07-08 12:00:00,user_29,employee,12,1,2,1,0,7,3,37.76,11,0,6,normal,0
2026-07-05 10:00:00,user_19,employee,10,0,2,1,0,6,2,15.14,11,0,3,normal,0
2026-07-30 22:00:00,user_19,employee,22,0,1,1,0,3,1,6.73,7,0,2,normal,0
2026-07-11 11:00:00,user_16,employee,11,0,2,1,0,10,5,44.66,11,0,5,normal,0
2026-07-07 12:00:00,user_08,analyst,12,0,1,1,0,16,3,29.43,38,0,13,normal,0
2026-07-23 12:00:00,user_26,employee,12,0,4,1,0,5,4,10.91,4,0,4,normal,0
2026-07-28 09:00:00,user_16,employee,9,2,5,2,0,8,5,39.64,9,0,4,normal,0
2026-07-06 09:00:00,user_26,employee,9,0,1,1,0,10,0,1.7,8,0,7,normal,0
2026-07-22 11:00:00,user_14,employee,11,0,3,2,0,333,218,2444.41,7,0,141,data_exfiltration,1
2026-07-25 11:00:00,user_04,admin,11,0,1,1,0,6,3,15.63,28,2,6,normal,0
2026-07-20 01:00:00,user_04,admin,1,4,2,5,1,11,5,83.32,27,3,9,suspicious_login,1
2026-07-10 14:00:00,user_12,analyst,14,0,1,1,0,12,6,13.16,30,0,8,normal,0
2026-07-10 14:00:00,user_14,employee,14,0,1,1,0,11,3,27.96,13,0,7,normal,0
2026-07-10 07:00:00,user_14,employee,7,0,1,1,0,10,4,56.69,8,0,8,normal,0
2026-07-01 11:00:00,user_15,employee,11,0,2,2,0,5,1,32.77,8,0,4,normal,0
2026-07-28 09:00:00,user_28,employee,9,1,2,1,0,11,3,32.38,3,0,6,normal,0
2026-07-20 12:00:00,user_24,employee,12,0,2,1,0,6,5,56.95,9,0,4,normal,0
2026-07-09 09:00:00,user_02,admin,9,0,2,1,0,10,3,63.24,20,2,9,normal,0
2026-07-21 12:00:00,user_22,employee,12,1,1,2,0,8,5,5.96,10,0,6,normal,0
2026-07-22 09:00:00,user_21,employee,9,1,1,1,0,11,3,43.93,8,0,5,normal,0
2026-07-23 13:00:00,user_21,employee,13,1,3,1,0,6,3,16.98,13,0,4,normal,0
2026-07-07 14:00:00,user_04,admin,14,0,1,1,0,10,1,54.55,29,1,9,normal,0
2026-07-25 15:00:00,user_02,admin,15,1,3,2,0,15,4,58.73,22,3,13,normal,0
2026-07-30 14:00:00,user_13,employee,14,0,2,1,0,9,2,28.08,5,0,6,normal,0
2026-07-17 15:00:00,user_24,employee,15,0,4,1,0,9,8,33.06,4,0,7,normal,0
2026-07-15 17:00:00,user_11,analyst,17,0,2,1,0,17,3,68.87,38,0,11,normal,0
2026-07-05 13:00:00,user_26,employee,13,0,1,1,0,6,4,40.95,6,0,3,normal,0
2026-07-20 13:00:00,user_28,employee,13,0,1,1,0,6,4,8.52,8,0,5,normal,0
2026-07-08 13:00:00,user_04,admin,13,0,1,1,0,8,6,47.48,21,2,7,normal,0
2026-07-18 12:00:00,user_08,analyst,12,0,2,1,0,9,5,57.19,32,0,6,normal,0
2026-07-10 08:00:00,user_07,analyst,8,0,1,1,0,15,8,35.87,35,0,11,normal,0
2026-07-03 14:00:00,user_07,analyst,14,0,2,1,0,18,9,142.86,28,0,10,normal,0
2026-07-09 09:00:00,user_18,employee,9,0,2,1,0,7,4,40.83,12,0,5,normal,0
2026-07-10 12:00:00,user_15,employee,12,0,1,1,0,15,7,53.25,7,0,10,normal,0
2026-07-05 13:00:00,user_05,analyst,13,0,3,1,0,10,6,18.72,42,0,7,normal,0
2026-07-12 13:00:00,user_14,employee,13,0,3,1,1,8,2,8.26,6,0,4,normal,0
2026-07-03 14:00:00,user_06,analyst,14,0,1,2,0,12,6,34.9,36,0,12,normal,0
2026-07-15 02:00:00,user_09,analyst,2,4,1,4,1,25,5,109.97,46,0,14,suspicious_login,1
2026-07-27 10:00:00,user_08,analyst,10,0,2,1,0,15,2,5.91,33,0,12,normal,0
2026-07-24 11:00:00,user_28,employee,11,0,2,1,0,4,7,5.11,5,0,2,normal,0
2026-07-25 17:00:00,user_30,employee,17,0,3,1,1,4,0,51.59,16,0,3,normal,0
2026-07-29 14:00:00,user_03,admin,14,0,2,2,0,10,1,15.08,22,1,10,normal,0
2026-07-15 00:00:00,user_15,employee,0,6,3,3,1,10,121,5099.85,206,7,43,mixed_anomaly,1
2026-07-23 11:00:00,user_04,admin,11,0,1,1,0,13,5,13.97,29,4,10,normal,0
2026-07-13 14:00:00,user_02,admin,14,1,3,2,0,10,5,60.49,26,3,6,normal,0
2026-07-01 08:00:00,user_21,employee,8,0,1,1,0,9,1,21.31,8,0,4,normal,0
2026-07-29 12:00:00,user_18,employee,12,0,3,1,1,12,2,39.35,6,0,9,normal,0
2026-07-28 08:00:00,user_27,employee,8,1,1,1,1,9,5,18.54,9,0,5,normal,0
2026-07-13 17:00:00,user_01,admin,17,0,1,1,0,10,6,255.11,28,1,8,normal,0
2026-07-15 18:00:00,user_03,admin,18,0,4,1,0,10,5,81.87,24,3,6,normal,0
2026-07-28 18:00:00,user_30,employee,18,1,1,1,0,6,3,78.11,9,0,4,normal,0
2026-07-29 10:00:00,user_25,employee,10,0,1,1,0,139,257,4852.31,8,0,97,data_exfiltration,1
2026-07-01 13:00:00,user_06,analyst,13,1,5,1,0,16,4,37.78,46,0,13,normal,0
2026-07-19 11:00:00,user_14,employee,11,0,1,1,0,15,4,11.52,6,0,10,normal,0
2026-07-17 11:00:00,user_16,employee,11,0,2,1,0,11,3,42.28,9,0,6,normal,0
2026-07-05 16:00:00,user_16,employee,16,0,1,1,0,321,105,8827.14,17,0,120,data_exfiltration,1
2026-07-07 17:00:00,user_28,employee,17,0,1,1,0,7,4,28.49,5,0,3,normal,0
2026-07-04 15:00:00,user_13,employee,15,0,3,1,0,11,3,21.45,7,0,8,normal,0
2026-07-08 17:00:00,user_29,employee,17,1,1,1,0,5,2,51.33,10,0,4,normal,0
2026-07-25 14:00:00,user_02,admin,14,0,1,1,0,12,6,22.93,16,1,9,normal,0
2026-07-11 07:00:00,user_06,analyst,7,1,1,1,0,17,4,78.37,39,0,16,normal,0
2026-07-27 19:00:00,user_13,employee,19,27,1,4,1,9,3,9.02,12,0,6,brute_force,1
2026-07-19 13:00:00,user_13,employee,13,2,1,1,0,6,1,24.26,9,0,4,normal,0
2026-07-05 07:00:00,user_09,analyst,7,1,3,1,0,12,6,129.28,29,0,10,normal,0
2026-07-14 11:00:00,user_30,employee,11,0,5,2,0,6,2,124.58,9,0,5,normal,0
2026-07-12 03:00:00,user_26,employee,3,1,2,6,1,7,1,24.61,3,0,4,suspicious_login,1
2026-07-21 17:00:00,user_10,analyst,17,0,2,1,0,13,3,67.84,33,0,12,normal,0
2026-07-22 07:00:00,user_14,employee,7,0,1,2,0,7,4,101.72,6,0,4,normal,0
2026-07-17 06:00:00,user_23,employee,6,0,1,1,0,7,1,22.38,7,0,6,normal,0
2026-07-09 17:00:00,user_24,employee,17,0,1,1,0,6,7,10.67,11,0,4,normal,0
2026-07-11 03:00:00,user_26,employee,3,17,1,7,1,4,81,4158.72,179,11,116,mixed_anomaly,1
2026-07-01 17:00:00,user_22,employee,17,1,2,1,0,5,0,6.99,7,0,4,normal,0
2026-07-02 12:00:00,user_23,employee,12,0,1,2,0,9,2,23.68,6,0,5,normal,0
2026-07-04 14:00:00,user_16,employee,14,0,2,1,0,7,2,25.64,12,0,5,normal,0
2026-07-11 08:00:00,user_05,analyst,8,0,3,1,1,17,2,45.65,35,0,9,normal,0
2026-07-20 11:00:00,user_07,analyst,11,0,1,1,0,21,6,43.39,38,0,17,normal,0
2026-07-22 08:00:00,user_10,analyst,8,0,1,1,0,20,2,65.18,41,0,13,normal,0
2026-07-05 15:00:00,user_07,analyst,15,1,1,1,0,23,3,27.99,28,0,10,normal,0
2026-07-21 12:00:00,user_02,admin,12,1,2,1,0,14,1,90.4,19,1,7,normal,0
2026-07-04 10:00:00,user_19,employee,10,0,1,1,0,9,5,52.24,6,0,7,normal,0
2026-07-26 01:00:00,user_24,employee,1,6,1,6,1,6,73,3810.74,381,8,45,mixed_anomaly,1
2026-07-16 15:00:00,user_02,admin,15,0,4,1,0,6,4,46.6,30,2,5,normal,0
2026-07-01 08:00:00,user_24,employee,8,0,1,1,1,13,2,38.08,9,0,6,normal,0
2026-07-20 08:00:00,user_11,analyst,8,0,1,1,0,21,5,64.41,34,0,19,normal,0
2026-07-21 08:00:00,user_02,admin,8,0,3,1,0,7,8,121.94,20,1,5,normal,0
2026-07-14 12:00:00,user_02,admin,12,0,2,1,0,10,2,6.29,31,3,8,normal,0
2026-07-12 10:00:00,user_19,employee,10,0,2,1,0,8,2,52.51,7,0,3,normal,0
2026-07-13 11:00:00,user_16,employee,11,0,1,1,0,10,3,19.88,4,0,6,normal,0
2026-07-23 01:00:00,user_17,employee,1,6,1,9,1,6,85,3378.94,375,5,165,mixed_anomaly,1
2026-07-24 09:00:00,user_06,analyst,9,0,2,1,0,12,4,11.86,42,0,8,normal,0
2026-07-14 10:00:00,user_02,admin,10,2,2,1,0,13,8,135.25,19,3,6,normal,0
2026-07-14 14:00:00,user_17,employee,14,1,2,1,0,10,2,23.37,10,0,8,normal,0
2026-07-02 11:00:00,user_03,admin,11,0,1,2,1,11,6,31.46,31,3,8,normal,0
2026-07-12 14:00:00,user_28,employee,14,1,1,1,0,8,5,19.18,12,0,7,normal,0
2026-07-16 12:00:00,user_06,analyst,12,0,3,1,0,16,4,35.6,37,0,16,normal,0
2026-07-18 14:00:00,user_03,admin,14,0,5,1,0,9,4,50.82,29,1,8,normal,0
2026-07-07 06:00:00,user_20,employee,6,0,1,1,0,9,8,8.92,5,0,6,normal,0
2026-07-24 10:00:00,user_03,admin,10,1,1,1,0,413,120,8899.72,29,1,162,data_exfiltration,1
2026-07-30 11:00:00,user_13,employee,11,0,3,1,0,8,6,17.44,11,0,6,normal,0
2026-07-18 16:00:00,user_04,admin,16,1,1,1,0,13,6,45.25,29,0,8,normal,0
2026-07-08 09:00:00,user_29,employee,9,0,1,1,0,6,3,56.82,6,0,5,normal,0
2026-07-22 09:00:00,user_19,employee,9,0,1,1,0,9,1,48.65,10,0,6,normal,0
2026-07-11 16:00:00,user_08,analyst,16,1,1,1,0,15,5,76.91,28,0,9,normal,0
2026-07-08 08:00:00,user_19,employee,8,0,2,1,0,8,6,74.96,6,0,6,normal,0
2026-07-17 14:00:00,user_20,employee,14,0,4,1,0,3,2,9.03,10,0,3,normal,0
2026-07-08 08:00:00,user_02,admin,8,0,5,1,0,10,7,4.51,25,3,8,normal,0
2026-07-28 14:00:00,user_20,employee,14,0,1,1,0,7,2,27.04,10,0,6,normal,0
2026-07-24 08:00:00,user_03,admin,8,1,2,1,0,13,3,60.07,29,1,12,normal,0
2026-07-23 17:00:00,user_14,employee,17,0,2,1,0,13,1,9.47,7,0,6,normal,0
2026-07-11 10:00:00,user_22,employee,10,1,1,2,0,9,2,73.15,9,0,7,normal,0
2026-07-07 12:00:00,user_19,employee,12,1,3,1,0,8,5,50.05,5,0,7,normal,0
2026-07-07 17:00:00,user_19,employee,17,1,1,1,0,4,0,75.25,5,0,3,normal,0
2026-07-28 10:00:00,user_17,employee,10,0,1,1,0,7,6,58.48,4,0,4,normal,0
2026-07-11 13:00:00,user_11,analyst,13,0,1,1,0,17,1,68.57,39,0,14,normal,0
2026-07-16 08:00:00,user_30,employee,8,0,3,1,0,4,4,8.16,302,24,58,privilege_misuse,1
2026-07-23 16:00:00,user_07,analyst,16,0,2,1,0,15,5,22.87,141,20,80,privilege_misuse,1
2026-07-11 19:00:00,user_08,analyst,19,0,3,1,0,16,2,65.47,29,0,10,normal,0
2026-07-16 12:00:00,user_09,analyst,12,0,1,1,0,22,4,205.58,39,0,16,normal,0
2026-07-04 13:00:00,user_13,employee,13,1,1,1,1,6,1,51.46,7,0,5,normal,0
2026-07-28 14:00:00,user_05,analyst,14,0,1,1,0,15,4,18.12,39,0,11,normal,0
2026-07-19 11:00:00,user_22,employee,11,0,1,1,0,8,5,69.87,5,0,5,normal,0
2026-07-10 10:00:00,user_21,employee,10,0,1,1,0,11,4,89.18,5,0,8,normal,0
2026-07-20 14:00:00,user_10,analyst,14,1,4,1,0,19,3,97.62,35,0,12,normal,0
2026-07-09 14:00:00,user_15,employee,14,0,1,1,0,8,1,67.55,5,0,6,normal,0
2026-07-23 11:00:00,user_11,analyst,11,0,2,1,1,8,1,169.63,42,0,8,normal,0
2026-07-28 10:00:00,user_30,employee,10,0,2,1,0,2,2,2.12,8,0,2,normal,0
2026-07-21 11:00:00,user_25,employee,11,1,1,1,0,7,3,35.56,4,0,4,normal,0
2026-07-11 15:00:00,user_30,employee,15,1,1,1,0,9,4,6.29,8,0,7,normal,0
2026-07-05 09:00:00,user_03,admin,9,2,1,1,0,12,5,7.24,24,3,8,normal,0
2026-07-23 08:00:00,user_01,admin,8,1,2,1,0,11,0,12.09,21,1,7,normal,0
2026-07-22 12:00:00,user_15,employee,12,0,2,1,0,8,7,22.38,10,0,6,normal,0
2026-07-16 13:00:00,user_20,employee,13,2,1,1,0,8,3,5.43,11,0,5,normal,0
2026-07-20 10:00:00,user_19,employee,10,1,3,1,0,7,1,55.53,8,0,3,normal,0
2026-07-30 10:00:00,user_04,admin,10,0,3,1,0,10,6,54.31,18,4,6,normal,0
2026-07-21 00:00:00,user_03,admin,0,13,1,9,1,15,125,4496.38,271,1,129,mixed_anomaly,1
2026-07-11 13:00:00,user_07,analyst,13,0,1,1,0,17,5,53.46,39,0,14,normal,0
2026-07-01 18:00:00,user_17,employee,18,0,1,1,0,10,4,65.35,5,0,8,normal,0
2026-07-27 13:00:00,user_09,analyst,13,0,4,1,0,15,2,24.28,30,0,9,normal,0
2026-07-28 07:00:00,user_05,analyst,7,0,4,1,0,19,2,91.46,93,8,69,privilege_misuse,1
2026-07-19 11:00:00,user_29,employee,11,1,2,2,0,5,0,31.58,8,0,4,normal,0
2026-07-01 13:00:00,user_03,admin,13,2,5,1,0,14,4,29.9,26,5,12,normal,0
2026-07-19 11:00:00,user_29,employee,11,0,1,1,0,9,3,57.45,7,0,7,normal,0
2026-07-20 16:00:00,user_08,analyst,16,0,1,1,0,12,4,69.97,30,0,9,normal,0
2026-07-29 14:00:00,user_12,analyst,14,0,2,1,0,11,5,41.85,33,0,11,normal,0
2026-07-16 18:00:00,user_10,analyst,18,0,1,1,0,16,6,24.49,35,0,14,normal,0
2026-07-18 16:00:00,user_06,analyst,16,2,1,1,0,14,3,31.35,36,0,14,normal,0
2026-07-15 16:00:00,user_15,employee,16,1,2,1,0,5,4,23.44,9,0,3,normal,0
2026-07-16 13:00:00,user_27,employee,13,0,1,1,0,8,1,54.11,7,0,5,normal,0
2026-07-09 16:00:00,user_18,employee,16,2,1,1,0,12,1,46.39,7,0,9,normal,0
2026-07-06 08:00:00,user_23,employee,8,1,1,1,0,10,3,63.65,5,0,5,normal,0
2026-07-15 12:00:00,user_10,analyst,12,0,1,1,0,12,9,40.7,43,0,8,normal,0
2026-07-20 10:00:00,user_20,employee,10,1,3,1,0,6,3,45.16,11,0,3,normal,0
2026-07-29 14:00:00,user_26,employee,14,1,1,1,0,7,0,37.67,9,0,6,normal,0
2026-07-01 12:00:00,user_21,employee,12,0,1,1,0,10,1,4.67,10,0,7,normal,0
2026-07-06 14:00:00,user_17,employee,14,0,2,1,0,6,3,4.35,10,0,5,normal,0
2026-07-26 16:00:00,user_01,admin,16,0,2,1,0,12,6,29.76,19,1,6,normal,0
2026-07-10 13:00:00,user_22,employee,13,1,2,1,0,7,2,39.32,17,0,6,normal,0
2026-07-24 11:00:00,user_27,employee,11,0,1,1,1,10,0,21.52,10,0,8,normal,0
2026-07-13 11:00:00,user_18,employee,11,1,2,1,0,5,2,7.13,9,0,4,normal,0
2026-07-22 12:00:00,user_10,analyst,12,22,1,4,0,15,5,9.51,30,0,12,brute_force,1
2026-07-16 09:00:00,user_29,employee,9,0,1,1,0,7,3,53.02,8,0,5,normal,0
2026-07-09 14:00:00,user_05,analyst,14,0,1,1,0,11,7,24.47,30,0,8,normal,0
2026-07-20 16:00:00,user_09,analyst,16,17,0,2,0,16,6,82.19,40,0,11,brute_force,1
2026-07-16 13:00:00,user_29,employee,13,1,1,1,0,11,3,47.73,13,0,9,normal,0
2026-07-20 15:00:00,user_04,admin,15,0,1,1,1,15,4,28.68,18,1,8,normal,0
2026-07-22 06:00:00,user_24,employee,6,0,1,1,0,8,5,19.33,7,0,4,normal,0
2026-07-04 08:00:00,user_18,employee,8,0,1,1,0,272,273,2223.07,8,0,215,data_exfiltration,1
2026-07-29 18:00:00,user_09,analyst,18,0,3,1,0,13,5,26.54,42,0,10,normal,0
2026-07-04 14:00:00,user_10,analyst,14,0,1,2,0,12,7,81.42,37,0,10,normal,0
2026-07-08 11:00:00,user_20,employee,11,0,1,1,1,11,2,29.44,8,0,8,normal,0
2026-07-21 14:00:00,user_07,analyst,14,2,2,1,0,20,3,58.95,28,0,10,normal,0
2026-07-23 11:00:00,user_23,employee,11,0,1,2,0,10,4,27.05,6,0,5,normal,0
2026-07-16 13:00:00,user_11,analyst,13,0,1,1,0,9,6,103.71,32,0,9,normal,0
2026-07-02 17:00:00,user_07,analyst,17,1,2,1,0,16,7,56.01,39,0,9,normal,0
2026-07-10 10:00:00,user_22,employee,10,0,1,2,0,8,1,72.92,11,0,6,normal,0
2026-07-09 11:00:00,user_21,employee,11,0,1,1,0,9,6,19.62,5,0,6,normal,0
2026-07-16 12:00:00,user_28,employee,12,1,1,1,0,7,3,27.68,13,0,7,normal,0
2026-07-26 10:00:00,user_09,analyst,10,0,1,1,0,14,2,8.95,30,0,7,normal,0
2026-07-07 18:00:00,user_17,employee,18,0,1,1,0,12,2,32.58,5,0,10,normal,0
2026-07-17 15:00:00,user_16,employee,15,0,2,1,0,3,6,18.21,11,0,2,normal,0
2026-07-29 14:00:00,user_09,analyst,14,0,1,1,0,18,6,31.93,26,0,13,normal,0
2026-07-12 13:00:00,user_29,employee,13,0,1,2,0,9,2,15.76,4,0,4,normal,0
2026-07-17 14:00:00,user_30,employee,14,0,1,1,0,7,2,17.43,8,0,3,normal,0
2026-07-29 17:00:00,user_28,employee,17,1,1,1,0,4,3,76.43,3,0,3,normal,0
2026-07-11 14:00:00,user_02,admin,14,0,2,2,0,10,6,65.87,27,2,8,normal,0
2026-07-03 05:00:00,user_03,admin,5,3,3,6,1,9,3,60.79,38,1,9,suspicious_login,1
2026-07-01 16:00:00,user_27,employee,16,0,2,1,0,7,4,54.59,5,0,6,normal,0
2026-07-08 16:00:00,user_09,analyst,16,0,5,1,0,14,9,42.8,36,0,8,normal,0
2026-07-15 15:00:00,user_02,admin,15,0,2,1,1,14,2,43.6,24,2,8,normal,0
2026-07-06 09:00:00,user_01,admin,9,0,1,1,0,5,11,20.86,17,0,4,normal,0
2026-07-16 09:00:00,user_11,analyst,9,0,1,1,1,15,9,35.03,34,0,14,normal,0
2026-07-12 09:00:00,user_25,employee,9,1,1,1,0,6,2,46.12,6,0,3,normal,0
2026-07-29 06:00:00,user_05,analyst,6,0,3,1,0,25,6,82.67,42,0,15,normal,0
2026-07-12 12:00:00,user_21,employee,12,1,2,1,0,7,2,10.99,5,0,4,normal,0
2026-07-02 11:00:00,user_09,analyst,11,2,1,1,0,14,4,60.29,33,0,10,normal,0
2026-07-14 14:00:00,user_06,analyst,14,0,2,1,0,10,5,49.29,29,0,7,normal,0
2026-07-02 10:00:00,user_24,employee,10,0,2,1,0,6,5,23.45,7,0,3,normal,0
2026-07-13 14:00:00,user_15,employee,14,0,2,1,0,5,3,27.0,10,0,3,normal,0
2026-07-07 04:00:00,user_18,employee,4,4,3,8,1,8,2,41.56,9,0,7,suspicious_login,1
2026-07-10 15:00:00,user_18,employee,15,2,2,1,0,6,2,27.81,7,0,5,normal,0
2026-07-19 09:00:00,user_01,admin,9,0,1,2,0,13,6,13.66,34,1,13,normal,0
2026-07-19 10:00:00,user_04,admin,10,0,1,1,1,14,3,68.81,28,1,9,normal,0
2026-07-10 16:00:00,user_03,admin,16,0,1,1,0,6,2,86.98,19,4,5,normal,0
2026-07-07 06:00:00,user_29,employee,6,0,1,1,0,10,6,31.65,10,0,8,normal,0
2026-07-19 11:00:00,user_23,employee,11,0,1,1,0,12,3,25.83,6,0,8,normal,0
2026-07-19 13:00:00,user_29,employee,13,0,1,1,0,7,0,38.08,14,0,4,normal,0
2026-07-26 16:00:00,user_05,analyst,16,0,1,1,0,14,6,5.48,37,0,9,normal,0
2026-07-29 12:00:00,user_18,employee,12,0,1,1,0,10,3,38.56,10,0,6,normal,0
2026-07-07 13:00:00,user_02,admin,13,0,3,2,0,17,3,46.48,22,2,15,normal,0
2026-07-17 14:00:00,user_27,employee,14,0,1,1,0,12,5,58.82,9,0,9,normal,0
2026-07-14 11:00:00,user_12,analyst,11,1,6,1,0,15,7,34.56,41,0,15,normal,0
2026-07-10 17:00:00,user_19,employee,17,0,3,1,0,3,3,40.26,6,0,3,normal,0
2026-07-28 11:00:00,user_18,employee,11,1,4,1,0,10,4,7.57,14,0,6,normal,0
2026-07-15 11:00:00,user_05,analyst,11,0,1,1,0,10,4,52.34,39,0,10,normal,0
2026-07-29 11:00:00,user_14,employee,11,0,1,1,0,7,1,67.5,9,0,4,normal,0
2026-07-18 16:00:00,user_05,analyst,16,0,1,1,0,26,3,147.0,38,0,18,normal,0
2026-07-30 12:00:00,user_02,admin,12,0,2,1,0,10,9,66.05,30,5,8,normal,0
2026-07-28 13:00:00,user_10,analyst,13,1,4,1,0,9,8,12.0,41,0,7,normal,0
2026-07-02 09:00:00,user_12,analyst,9,0,2,1,0,11,10,11.88,35,0,8,normal,0
2026-07-09 13:00:00,user_29,employee,13,0,1,1,0,9,2,16.72,3,0,4,normal,0
2026-07-10 16:00:00,user_30,employee,16,0,2,1,0,6,5,19.05,16,0,5,normal,0
2026-07-30 14:00:00,user_26,employee,14,0,1,1,0,9,5,26.06,7,0,6,normal,0
2026-07-16 17:00:00,user_28,employee,17,0,3,1,0,6,0,11.77,9,0,3,normal,0
2026-07-27 19:00:00,user_02,admin,19,0,2,2,0,7,3,37.87,34,3,6,normal,0
2026-07-30 13:00:00,user_29,employee,13,0,2,1,0,5,1,19.19,7,0,3,normal,0
2026-07-11 15:00:00,user_12,analyst,15,1,1,1,0,18,8,15.07,26,0,12,normal,0
2026-07-23 10:00:00,user_07,analyst,10,0,2,1,0,17,4,10.69,39,0,14,normal,0
2026-07-24 10:00:00,user_22,employee,10,0,2,1,0,9,3,25.52,10,0,7,normal,0
2026-07-24 11:00:00,user_08,analyst,11,0,1,1,0,12,6,41.69,38,0,8,normal,0
2026-07-26 15:00:00,user_22,employee,15,29,0,1,1,10,1,11.4,13,0,5,brute_force,1
2026-07-23 00:00:00,user_12,analyst,0,14,1,3,1,13,178,4887.22,210,5,85,mixed_anomaly,1
2026-07-10 11:00:00,user_29,employee,11,1,1,1,0,15,4,70.13,6,0,10,normal,0
2026-07-15 08:00:00,user_28,employee,8,2,3,1,0,12,6,52.43,5,0,8,normal,0
2026-07-20 12:00:00,user_14,employee,12,0,1,1,0,7,4,75.41,10,0,5,normal,0
2026-07-24 17:00:00,user_20,employee,17,0,3,1,0,5,4,20.64,6,0,4,normal,0
2026-07-13 14:00:00,user_24,employee,14,0,1,1,0,13,3,78.68,8,0,7,normal,0
2026-07-04 15:00:00,user_05,analyst,15,0,1,1,0,17,4,23.29,36,0,13,normal,0
2026-07-16 13:00:00,user_30,employee,13,2,5,1,0,6,3,17.35,4,0,4,normal,0
2026-07-04 10:00:00,user_30,employee,10,0,1,1,0,12,3,13.51,4,0,7,normal,0
2026-07-13 06:00:00,user_08,analyst,6,1,1,1,0,11,4,37.43,34,0,9,normal,0
2026-07-05 11:00:00,user_28,employee,11,2,3,1,0,3,7,16.98,4,0,2,normal,0
2026-07-30 14:00:00,user_06,analyst,14,0,1,1,0,14,4,146.2,30,0,10,normal,0
2026-07-13 11:00:00,user_26,employee,11,0,1,1,0,8,0,26.39,8,0,5,normal,0
2026-07-03 13:00:00,user_26,employee,13,1,1,1,0,5,8,46.26,6,0,4,normal,0
2026-07-13 13:00:00,user_06,analyst,13,2,1,1,0,10,5,76.07,26,0,9,normal,0
2026-07-27 01:00:00,user_29,employee,1,2,1,6,1,12,3,33.78,3,0,9,suspicious_login,1
2026-07-28 09:00:00,user_01,admin,9,1,3,1,0,384,293,2804.3,20,3,200,data_exfiltration,1
2026-07-26 15:00:00,user_24,employee,15,0,3,1,0,8,5,88.36,6,0,5,normal,0
2026-07-19 14:00:00,user_30,employee,14,1,3,1,0,10,3,42.8,8,0,6,normal,0
2026-07-06 10:00:00,user_11,analyst,10,1,1,2,0,11,5,4.6,29,0,9,normal,0
2026-07-04 15:00:00,user_26,employee,15,0,2,1,0,7,2,7.0,5,0,5,normal,0
2026-07-04 00:00:00,user_30,employee,0,5,1,4,1,11,3,29.66,11,0,7,suspicious_login,1
2026-07-19 18:00:00,user_26,employee,18,1,2,2,0,9,2,17.93,5,0,5,normal,0
2026-07-21 13:00:00,user_22,employee,13,0,1,1,0,11,3,8.67,6,0,9,normal,0
2026-07-21 11:00:00,user_28,employee,11,0,1,1,0,10,1,13.17,5,0,6,normal,0
2026-07-07 16:00:00,user_24,employee,16,0,1,1,0,285,153,6520.32,7,0,181,data_exfiltration,1
2026-07-09 17:00:00,user_09,analyst,17,0,5,1,0,20,5,65.25,26,0,11,normal,0
2026-07-18 06:00:00,user_06,analyst,6,0,1,1,0,12,5,27.26,39,0,11,normal,0
2026-07-19 13:00:00,user_26,employee,13,0,2,1,0,6,6,13.41,12,0,5,normal,0
2026-07-08 17:00:00,user_23,employee,17,2,1,1,0,5,1,9.87,8,0,3,normal,0
2026-07-04 12:00:00,user_04,admin,12,0,1,1,0,17,3,55.4,22,1,15,normal,0
2026-07-01 11:00:00,user_13,employee,11,2,1,1,0,9,2,27.64,10,0,4,normal,0
2026-07-30 09:00:00,user_28,employee,9,0,1,1,0,12,2,41.46,6,0,6,normal,0
2026-07-27 13:00:00,user_02,admin,13,0,2,1,0,6,4,55.26,30,0,6,normal,0
2026-07-09 12:00:00,user_28,employee,12,0,1,1,0,6,2,14.31,7,0,3,normal,0
2026-07-07 12:00:00,user_16,employee,12,1,2,1,0,10,2,42.57,8,0,7,normal,0
2026-07-13 14:00:00,user_08,analyst,14,0,5,1,0,124,272,2442.8,39,0,150,data_exfiltration,1
2026-07-09 10:00:00,user_27,employee,10,0,2,1,0,9,3,61.66,3,0,6,normal,0
2026-07-22 07:00:00,user_30,employee,7,1,2,1,0,12,3,24.51,7,0,9,normal,0
2026-07-10 13:00:00,user_15,employee,13,0,1,1,0,7,4,49.07,6,0,5,normal,0
2026-07-19 09:00:00,user_12,analyst,9,0,2,1,0,11,3,70.63,36,0,12,normal,0
2026-07-07 10:00:00,user_10,analyst,10,1,1,1,0,16,5,78.73,32,0,13,normal,0
2026-07-14 08:00:00,user_27,employee,8,1,1,1,0,9,1,17.72,11,0,7,normal,0
2026-07-19 07:00:00,user_26,employee,7,1,2,1,0,12,4,41.07,9,0,5,normal,0
2026-07-02 10:00:00,user_28,employee,10,2,1,1,0,9,2,13.04,9,0,8,normal,0
2026-07-05 12:00:00,user_08,analyst,12,1,1,1,0,12,2,58.05,40,0,8,normal,0
2026-07-19 14:00:00,user_08,analyst,14,1,1,1,0,16,5,29.02,38,0,12,normal,0
2026-07-07 12:00:00,user_01,admin,12,0,1,2,1,9,2,69.73,15,2,7,normal,0
2026-07-28 09:00:00,user_22,employee,9,0,2,1,0,7,3,35.63,16,0,5,normal,0
2026-07-18 14:00:00,user_07,analyst,14,0,1,2,0,11,10,81.93,39,0,9,normal,0
2026-07-24 09:00:00,user_13,employee,9,0,2,1,0,3,3,69.55,8,0,3,normal,0
2026-07-06 12:00:00,user_11,analyst,12,1,1,2,0,14,7,67.14,42,0,13,normal,0
2026-07-10 11:00:00,user_09,analyst,11,0,3,2,1,11,5,32.61,29,0,10,normal,0
2026-07-01 18:00:00,user_28,employee,18,16,1,3,1,5,1,30.17,9,0,3,brute_force,1
2026-07-25 11:00:00,user_25,employee,11,1,1,2,0,8,4,15.0,9,0,5,normal,0
2026-07-22 11:00:00,user_09,analyst,11,1,1,1,0,11,7,57.48,34,0,11,normal,0
2026-07-18 17:00:00,user_12,analyst,17,1,1,1,0,15,4,56.25,36,0,11,normal,0
2026-07-28 09:00:00,user_21,employee,9,0,1,1,0,7,3,47.54,6,0,6,normal,0
2026-07-06 16:00:00,user_17,employee,16,2,2,1,0,6,3,27.27,16,0,4,normal,0
2026-07-22 11:00:00,user_13,employee,11,0,1,1,0,8,3,25.67,3,0,5,normal,0
2026-07-25 09:00:00,user_22,employee,9,0,1,1,0,11,0,25.35,10,0,6,normal,0
2026-07-08 18:00:00,user_27,employee,18,0,1,1,0,10,5,21.12,12,0,9,normal,0
2026-07-10 17:00:00,user_18,employee,17,0,1,1,0,6,5,21.88,6,0,5,normal,0
2026-07-17 11:00:00,user_11,analyst,11,0,4,1,0,10,6,35.67,48,0,11,normal,0
2026-07-07 16:00:00,user_01,admin,16,1,3,2,0,12,2,29.53,21,4,7,normal,0
2026-07-16 15:00:00,user_04,admin,15,0,1,1,0,9,3,91.08,25,2,5,normal,0
2026-07-14 12:00:00,user_29,employee,12,0,1,1,1,9,6,13.24,9,0,4,normal,0
2026-07-01 14:00:00,user_09,analyst,14,0,2,1,0,7,5,76.4,43,0,8,normal,0
2026-07-11 11:00:00,user_06,analyst,11,2,3,1,0,13,5,127.31,31,0,12,normal,0
2026-07-01 17:00:00,user_19,employee,17,0,2,1,0,7,2,25.78,6,0,4,normal,0
2026-07-11 09:00:00,user_09,analyst,9,0,2,1,0,12,5,48.91,30,0,10,normal,0
2026-07-14 11:00:00,user_02,admin,11,0,3,1,0,11,4,55.25,37,2,11,normal,0
2026-07-23 11:00:00,user_04,admin,11,1,1,1,0,19,1,32.56,24,3,13,normal,0
2026-07-18 18:00:00,user_20,employee,18,0,1,1,0,10,5,82.43,10,0,5,normal,0
2026-07-17 16:00:00,user_14,employee,16,0,2,1,0,9,4,59.12,6,0,4,normal,0
2026-07-15 08:00:00,user_12,analyst,8,0,1,1,0,14,7,13.72,37,0,12,normal,0
2026-07-17 10:00:00,user_24,employee,10,2,3,2,0,7,4,63.44,10,0,4,normal,0
2026-07-24 11:00:00,user_26,employee,11,1,1,1,0,7,2,25.94,8,0,3,normal,0
2026-07-05 18:00:00,user_11,analyst,18,0,1,1,0,15,4,90.11,29,0,13,normal,0
2026-07-23 11:00:00,user_14,employee,11,0,1,1,0,11,2,30.46,9,0,9,normal,0
2026-07-30 06:00:00,user_20,employee,6,0,3,1,0,15,3,21.23,6,0,9,normal,0
2026-07-13 13:00:00,user_17,employee,13,0,1,1,0,8,4,16.3,6,0,4,normal,0
2026-07-30 02:00:00,user_04,admin,2,2,1,3,1,13,1,74.49,31,3,11,suspicious_login,1
2026-07-24 17:00:00,user_29,employee,17,1,3,1,0,8,0,24.14,4,0,4,normal,0
2026-07-05 08:00:00,user_19,employee,8,0,3,2,0,6,2,43.59,8,0,5,normal,0
2026-07-09 13:00:00,user_07,analyst,13,0,1,1,0,18,7,52.02,292,15,81,privilege_misuse,1
2026-07-09 14:00:00,user_02,admin,14,0,1,2,0,10,6,55.4,17,2,8,normal,0
2026-07-27 16:00:00,user_23,employee,16,0,1,1,0,7,8,62.44,8,0,4,normal,0
2026-07-27 14:00:00,user_14,employee,14,1,1,1,0,7,3,19.77,7,0,4,normal,0
2026-07-08 14:00:00,user_01,admin,14,1,4,1,0,16,4,3.17,23,3,14,normal,0
2026-07-27 12:00:00,user_17,employee,12,0,2,1,0,6,5,59.32,9,0,3,normal,0
2026-07-03 12:00:00,user_30,employee,12,0,2,1,0,3,2,19.02,8,0,3,normal,0
2026-07-24 14:00:00,user_26,employee,14,0,1,1,0,15,2,5.39,6,0,7,normal,0
2026-07-17 12:00:00,user_18,employee,12,1,1,1,0,2,3,30.19,10,0,2,normal,0
2026-07-01 14:00:00,user_22,employee,14,0,1,1,0,14,0,7.71,8,0,11,normal,0
2026-07-15 16:00:00,user_24,employee,16,1,1,1,0,6,3,24.63,8,0,4,normal,0
2026-07-04 12:00:00,user_24,employee,12,0,1,1,0,6,4,47.26,4,0,3,normal,0
2026-07-25 09:00:00,user_24,employee,9,0,1,1,0,9,6,126.3,4,0,6,normal,0
2026-07-23 11:00:00,user_22,employee,11,1,2,1,0,8,4,16.82,5,0,5,normal,0
2026-07-27 16:00:00,user_07,analyst,16,0,4,1,0,18,4,39.39,48,0,13,normal,0
2026-07-14 10:00:00,user_12,analyst,10,1,1,1,0,13,1,47.46,26,0,12,normal,0
2026-07-02 19:00:00,user_14,employee,19,0,1,1,0,6,2,47.05,6,0,5,normal,0
2026-07-19 06:00:00,user_03,admin,6,0,2,2,0,12,2,11.24,31,2,10,normal,0
2026-07-12 15:00:00,user_22,employee,15,0,1,2,0,12,4,60.27,155,17,79,privilege_misuse,1
2026-07-05 07:00:00,user_20,employee,7,0,1,1,0,5,4,35.37,13,0,5,normal,0
2026-07-07 12:00:00,user_11,analyst,12,0,3,1,0,18,3,21.55,36,0,16,normal,0
2026-07-06 10:00:00,user_22,employee,10,1,2,1,0,7,4,36.94,10,0,5,normal,0
2026-07-29 15:00:00,user_28,employee,15,0,1,1,0,6,4,9.94,10,0,3,normal,0
2026-07-16 13:00:00,user_04,admin,13,0,2,1,0,16,2,36.86,25,1,13,normal,0
2026-07-07 13:00:00,user_24,employee,13,0,1,2,0,12,3,14.41,7,0,8,normal,0
2026-07-17 17:00:00,user_29,employee,17,0,1,1,0,7,2,6.07,6,0,5,normal,0
2026-07-01 18:00:00,user_10,analyst,18,0,1,1,0,13,2,42.11,35,0,9,normal,0
2026-07-10 12:00:00,user_17,employee,12,0,3,1,0,11,1,31.61,12,0,9,normal,0
2026-07-01 08:00:00,user_10,analyst,8,1,2,1,0,14,5,43.59,27,0,8,normal,0
2026-07-10 17:00:00,user_22,employee,17,0,1,1,0,12,5,14.22,14,0,7,normal,0
2026-07-25 20:00:00,user_14,employee,20,0,1,1,0,6,7,71.8,7,0,4,normal,0
2026-07-18 16:00:00,user_11,analyst,16,0,3,1,0,12,1,69.19,43,0,8,normal,0
2026-07-25 15:00:00,user_13,employee,15,0,1,1,0,6,1,57.64,7,0,4,normal,0
2026-07-14 16:00:00,user_23,employee,16,1,1,1,0,12,4,29.9,9,0,7,normal,0
2026-07-08 17:00:00,user_10,analyst,17,1,1,1,0,12,5,48.09,31,0,12,normal,0
2026-07-15 12:00:00,user_18,employee,12,0,2,1,0,12,1,48.33,10,0,10,normal,0
2026-07-17 10:00:00,user_05,analyst,10,1,3,1,1,14,6,123.25,36,0,14,normal,0
2026-07-16 13:00:00,user_07,analyst,13,0,1,1,0,13,1,20.49,45,0,8,normal,0
2026-07-07 01:00:00,user_14,employee,1,5,1,5,1,8,1,2.78,10,0,5,suspicious_login,1
2026-07-14 11:00:00,user_22,employee,11,1,2,1,0,11,4,20.92,7,0,6,normal,0
2026-07-13 09:00:00,user_24,employee,9,0,2,1,1,229,117,4127.14,5,0,215,data_exfiltration,1
2026-07-27 13:00:00,user_20,employee,13,0,2,1,0,7,4,74.56,8,0,6,normal,0
2026-07-01 10:00:00,user_19,employee,10,0,1,1,0,4,2,86.7,6,0,3,normal,0
2026-07-22 10:00:00,user_10,analyst,10,1,1,1,0,16,5,77.89,32,0,12,normal,0
2026-07-14 12:00:00,user_13,employee,12,0,2,1,0,8,0,30.0,7,0,4,normal,0
2026-07-19 13:00:00,user_18,employee,13,0,2,1,0,7,2,11.62,12,0,5,normal,0
2026-07-29 09:00:00,user_27,employee,9,1,1,1,0,11,5,51.43,6,0,8,normal,0
2026-07-09 17:00:00,user_01,admin,17,1,1,1,0,15,6,45.34,22,0,13,normal,0
2026-07-17 15:00:00,user_10,analyst,15,0,1,1,0,21,3,67.6,30,0,16,normal,0
2026-07-30 14:00:00,user_10,analyst,14,0,1,1,0,298,118,6006.87,33,0,152,data_exfiltration,1
2026-07-30 03:00:00,user_14,employee,3,9,2,3,1,9,52,2582.95,172,3,144,mixed_anomaly,1
2026-07-19 15:00:00,user_20,employee,15,0,1,1,0,11,3,10.48,7,0,8,normal,0
2026-07-11 13:00:00,user_21,employee,13,1,4,1,0,8,5,6.85,9,0,7,normal,0
2026-07-02 12:00:00,user_11,analyst,12,1,1,1,0,22,3,24.05,35,0,13,normal,0
2026-07-09 11:00:00,user_15,employee,11,0,2,1,0,8,4,16.72,9,0,6,normal,0
2026-07-30 12:00:00,user_15,employee,12,0,3,1,0,4,5,9.93,6,0,2,normal,0
2026-07-07 12:00:00,user_15,employee,12,0,1,1,0,10,1,53.99,5,0,4,normal,0
2026-07-16 18:00:00,user_22,employee,18,1,3,1,0,4,3,15.58,10,0,3,normal,0
2026-07-26 14:00:00,user_07,analyst,14,0,2,1,0,20,4,41.95,35,0,14,normal,0
2026-07-03 00:00:00,user_17,employee,0,1,3,4,1,13,2,42.06,3,0,8,suspicious_login,1
2026-07-01 19:00:00,user_26,employee,19,0,1,1,0,6,7,22.38,5,0,3,normal,0
2026-07-15 06:00:00,user_29,employee,6,1,1,1,0,5,1,43.57,13,0,4,normal,0
2026-07-07 14:00:00,user_26,employee,14,0,1,1,0,7,2,15.5,8,0,3,normal,0
2026-07-12 11:00:00,user_24,employee,11,0,1,1,0,4,2,12.09,11,0,4,normal,0
2026-07-26 11:00:00,user_06,analyst,11,2,1,1,0,17,5,133.95,34,0,13,normal,0
2026-07-09 12:00:00,user_22,employee,12,0,1,1,0,12,4,10.98,4,0,7,normal,0
2026-07-03 16:00:00,user_03,admin,16,0,2,2,0,14,8,68.49,16,1,11,normal,0
2026-07-10 03:00:00,user_10,analyst,3,7,2,6,1,15,135,3655.94,274,4,156,mixed_anomaly,1
2026-07-07 06:00:00,user_22,employee,6,0,2,1,0,6,2,35.67,12,0,4,normal,0
2026-07-30 13:00:00,user_21,employee,13,0,2,1,0,10,2,40.04,10,0,5,normal,0
2026-07-21 16:00:00,user_20,employee,16,0,4,1,0,12,3,44.86,12,0,7,normal,0
2026-07-09 15:00:00,user_11,analyst,15,0,2,1,0,16,3,63.72,39,0,14,normal,0
2026-07-10 16:00:00,user_03,admin,16,0,1,1,0,7,3,41.88,25,1,6,normal,0
2026-07-18 16:00:00,user_27,employee,16,2,1,1,0,3,0,24.3,10,0,2,normal,0
2026-07-10 06:00:00,user_25,employee,6,0,1,1,0,190,132,8972.63,7,0,60,data_exfiltration,1
2026-07-22 14:00:00,user_22,employee,14,1,1,1,0,12,0,63.48,3,0,9,normal,0
2026-07-21 16:00:00,user_10,analyst,16,0,1,1,0,12,11,34.89,33,0,7,normal,0
2026-07-26 12:00:00,user_08,analyst,12,0,1,1,0,15,5,61.54,40,0,12,normal,0
2026-07-23 15:00:00,user_26,employee,15,0,2,1,0,11,6,38.04,6,0,6,normal,0
2026-07-25 12:00:00,user_07,analyst,12,0,1,2,0,19,7,110.87,34,0,10,normal,0
2026-07-13 17:00:00,user_05,analyst,17,0,1,1,0,8,6,13.32,32,0,8,normal,0
2026-07-08 12:00:00,user_01,admin,12,1,1,1,0,12,4,70.65,34,2,10,normal,0
2026-07-26 15:00:00,user_02,admin,15,1,1,1,0,11,2,87.83,20,2,9,normal,0
2026-07-11 17:00:00,user_08,analyst,17,2,1,1,1,16,6,30.41,29,0,8,normal,0
2026-07-11 14:00:00,user_16,employee,14,0,1,1,0,13,2,49.6,6,0,11,normal,0
2026-07-25 11:00:00,user_20,employee,11,0,2,1,0,9,3,77.57,8,0,4,normal,0
2026-07-18 19:00:00,user_28,employee,19,1,2,1,0,8,4,38.7,8,0,7,normal,0
2026-07-29 14:00:00,user_25,employee,14,0,2,1,0,8,1,32.35,5,0,5,normal,0
2026-07-24 17:00:00,user_03,admin,17,0,1,1,1,6,3,52.85,28,2,4,normal,0
2026-07-28 16:00:00,user_15,employee,16,0,1,2,0,9,3,41.52,8,0,5,normal,0
2026-07-14 03:00:00,user_14,employee,3,19,1,4,1,11,101,4502.91,438,4,49,mixed_anomaly,1
2026-07-23 08:00:00,user_07,analyst,8,0,3,1,0,22,5,39.67,37,0,11,normal,0
2026-07-08 12:00:00,user_23,employee,12,0,1,1,0,10,2,12.71,12,0,6,normal,0
2026-07-04 11:00:00,user_23,employee,11,1,4,1,0,7,6,22.48,8,0,5,normal,0
2026-07-30 12:00:00,user_13,employee,12,0,1,1,0,11,2,10.02,8,0,9,normal,0
2026-07-01 05:00:00,user_16,employee,5,2,1,3,1,9,3,53.51,6,0,6,suspicious_login,1
2026-07-18 08:00:00,user_08,analyst,8,0,4,1,1,20,6,66.41,44,0,19,normal,0
2026-07-28 11:00:00,user_05,analyst,11,0,1,1,0,11,9,28.69,42,0,10,normal,0
2026-07-08 13:00:00,user_21,employee,13,2,1,1,0,8,2,67.44,6,0,4,normal,0
2026-07-21 11:00:00,user_23,employee,11,0,2,1,0,7,3,39.83,7,0,5,normal,0
2026-07-16 15:00:00,user_01,admin,15,0,1,1,0,12,2,19.11,27,0,10,normal,0
2026-07-25 11:00:00,user_29,employee,11,0,3,1,0,5,2,46.04,8,0,4,normal,0
2026-07-18 13:00:00,user_25,employee,13,0,1,1,0,9,1,35.52,3,0,4,normal,0
2026-07-11 19:00:00,user_28,employee,19,0,1,1,0,6,5,27.17,7,0,3,normal,0
2026-07-15 10:00:00,user_25,employee,10,1,1,2,0,9,4,25.89,7,0,7,normal,0
2026-07-12 09:00:00,user_29,employee,9,2,1,1,0,9,7,19.83,11,0,7,normal,0
2026-07-22 10:00:00,user_04,admin,10,0,1,1,0,18,1,118.44,24,2,10,normal,0
2026-07-02 14:00:00,user_25,employee,14,1,1,1,0,2,2,20.04,6,0,2,normal,0
2026-07-30 15:00:00,user_14,employee,15,1,1,1,0,11,2,25.19,13,0,8,normal,0
2026-07-24 15:00:00,user_08,analyst,15,0,1,1,0,9,3,46.3,44,0,10,normal,0
2026-07-24 10:00:00,user_06,analyst,10,0,1,1,0,13,1,69.99,31,0,7,normal,0
2026-07-19 14:00:00,user_26,employee,14,0,1,1,0,10,3,20.98,8,0,8,normal,0
2026-07-21 14:00:00,user_23,employee,14,0,1,1,1,7,1,37.29,14,0,5,normal,0
2026-07-01 13:00:00,user_17,employee,13,1,3,1,0,8,2,10.8,13,0,4,normal,0
2026-07-02 11:00:00,user_15,employee,11,2,3,1,0,8,4,24.54,7,0,4,normal,0
2026-07-30 09:00:00,user_02,admin,9,0,1,1,0,10,6,103.09,25,1,7,normal,0
2026-07-02 10:00:00,user_18,employee,10,0,1,1,0,4,3,20.83,8,0,3,normal,0
2026-07-18 16:00:00,user_08,analyst,16,2,2,1,0,15,3,24.38,25,0,8,normal,0
2026-07-04 17:00:00,user_30,employee,17,0,1,1,0,3,6,18.67,3,0,2,normal,0
2026-07-05 12:00:00,user_28,employee,12,0,3,1,0,10,4,21.51,6,0,8,normal,0
2026-07-01 11:00:00,user_04,admin,11,1,3,1,0,19,4,64.7,22,5,12,normal,0
2026-07-19 12:00:00,user_15,employee,12,1,3,1,0,11,4,24.89,16,0,7,normal,0
2026-07-27 12:00:00,user_05,analyst,12,0,1,1,0,17,8,75.91,40,0,13,normal,0
2026-07-30 14:00:00,user_26,employee,14,0,1,2,0,8,3,29.92,6,0,4,normal,0
2026-07-17 13:00:00,user_15,employee,13,1,2,1,0,12,2,32.57,8,0,6,normal,0
2026-07-28 11:00:00,user_22,employee,11,0,1,2,0,13,1,73.68,11,0,9,normal,0
2026-07-30 12:00:00,user_17,employee,12,1,2,1,0,4,1,24.27,4,0,3,normal,0
2026-07-09 08:00:00,user_18,employee,8,0,3,1,0,6,3,75.53,7,0,5,normal,0
2026-07-13 10:00:00,user_20,employee,10,1,1,1,0,6,1,61.45,12,0,6,normal,0
2026-07-02 13:00:00,user_11,analyst,13,1,4,1,0,7,5,35.57,26,0,6,normal,0
2026-07-28 14:00:00,user_25,employee,14,0,2,1,0,12,2,28.18,13,0,10,normal,0
2026-07-14 12:00:00,user_29,employee,12,0,2,1,0,11,4,24.12,8,0,8,normal,0
2026-07-20 13:00:00,user_15,employee,13,0,1,1,0,7,4,44.74,7,0,3,normal,0
2026-07-14 11:00:00,user_20,employee,11,1,2,1,0,12,3,75.45,6,0,8,normal,0
2026-07-08 03:00:00,user_27,employee,3,16,1,3,1,7,151,4048.93,242,2,45,mixed_anomaly,1
2026-07-19 14:00:00,user_14,employee,14,1,1,1,0,6,4,11.43,6,0,5,normal,0
2026-07-16 13:00:00,user_27,employee,13,1,1,1,0,11,1,27.35,8,0,5,normal,0
2026-07-14 07:00:00,user_30,employee,7,1,1,1,0,5,1,66.18,8,0,3,normal,0
2026-07-22 14:00:00,user_18,employee,14,2,1,1,0,6,3,11.24,11,0,4,normal,0
2026-07-09 16:00:00,user_15,employee,16,0,1,1,0,6,1,57.99,8,0,5,normal,0
2026-07-25 10:00:00,user_29,employee,10,0,3,1,0,12,2,49.9,15,0,6,normal,0
2026-07-28 15:00:00,user_06,analyst,15,0,1,1,0,9,7,59.16,36,0,9,normal,0
2026-07-19 14:00:00,user_24,employee,14,0,1,1,0,9,2,43.75,4,0,6,normal,0
2026-07-30 03:00:00,user_28,employee,3,4,1,3,1,16,2,6.94,8,0,10,suspicious_login,1
2026-07-30 12:00:00,user_15,employee,12,1,1,1,0,10,2,16.49,10,0,8,normal,0
2026-07-01 14:00:00,user_09,analyst,14,1,1,1,0,16,6,9.67,39,0,11,normal,0
2026-07-06 12:00:00,user_25,employee,12,0,1,1,0,18,6,36.74,3,0,12,normal,0
2026-07-21 12:00:00,user_08,analyst,12,0,1,1,0,16,4,33.22,28,0,13,normal,0
2026-07-17 14:00:00,user_27,employee,14,0,1,1,0,12,4,48.91,5,0,7,normal,0
2026-07-07 15:00:00,user_21,employee,15,0,1,1,0,9,2,6.14,5,0,4,normal,0
2026-07-17 14:00:00,user_09,analyst,14,0,2,1,0,18,2,26.5,35,0,11,normal,0
2026-07-28 11:00:00,user_25,employee,11,0,2,1,0,6,6,41.37,7,0,4,normal,0
2026-07-30 16:00:00,user_25,employee,16,0,1,1,0,13,3,29.15,10,0,10,normal,0
2026-07-25 13:00:00,user_17,employee,13,0,1,1,0,7,3,92.94,2,0,6,normal,0
2026-07-02 12:00:00,user_16,employee,12,1,3,1,0,11,2,22.19,8,0,7,normal,0
2026-07-22 10:00:00,user_21,employee,10,0,1,1,0,13,4,104.74,9,0,6,normal,0
2026-07-05 09:00:00,user_08,analyst,9,0,1,1,0,14,11,42.75,40,0,9,normal,0
2026-07-01 12:00:00,user_09,analyst,12,1,1,1,0,10,6,5.32,31,0,10,normal,0
2026-07-24 14:00:00,user_15,employee,14,0,2,1,0,11,1,10.65,9,0,5,normal,0
2026-07-11 12:00:00,user_03,admin,12,0,2,1,0,12,6,25.74,25,3,7,normal,0
2026-07-18 12:00:00,user_23,employee,12,0,2,1,0,9,2,3.32,6,0,6,normal,0
2026-07-02 10:00:00,user_10,analyst,10,0,1,1,0,391,113,5470.63,41,0,63,data_exfiltration,1
2026-07-03 17:00:00,user_09,analyst,17,0,1,2,0,13,5,86.35,34,0,10,normal,0
2026-07-16 17:00:00,user_11,analyst,17,0,1,1,0,15,4,186.21,40,0,14,normal,0
2026-07-19 15:00:00,user_11,analyst,15,0,1,1,0,14,3,11.54,32,0,12,normal,0
2026-07-09 11:00:00,user_29,employee,11,0,1,1,0,11,2,63.52,12,0,5,normal,0
2026-07-25 10:00:00,user_18,employee,10,0,3,1,0,9,1,23.5,8,0,6,normal,0
2026-07-02 09:00:00,user_03,admin,9,0,1,1,0,13,4,92.58,18,4,11,normal,0
2026-07-26 10:00:00,user_05,analyst,10,0,4,1,0,12,3,19.23,39,0,9,normal,0
2026-07-03 17:00:00,user_05,analyst,17,0,3,1,0,19,7,59.97,30,0,15,normal,0
2026-07-29 13:00:00,user_08,analyst,13,0,1,2,0,10,5,61.57,38,0,10,normal,0
2026-07-22 14:00:00,user_13,employee,14,1,2,1,0,4,1,55.42,10,0,3,normal,0
2026-07-26 11:00:00,user_23,employee,11,0,1,1,0,11,7,47.83,6,0,9,normal,0
2026-07-26 12:00:00,user_05,analyst,12,0,1,1,0,419,106,8541.83,35,0,214,data_exfiltration,1
2026-07-08 14:00:00,user_03,admin,14,1,2,1,0,10,3,16.38,28,3,7,normal,0
2026-07-20 08:00:00,user_14,employee,8,0,1,2,0,13,5,14.47,6,0,8,normal,0
2026-07-26 12:00:00,user_14,employee,12,0,2,1,0,7,3,10.2,13,0,5,normal,0
2026-07-09 16:00:00,user_11,analyst,16,1,2,1,0,16,11,66.95,32,0,8,normal,0
2026-07-02 00:00:00,user_18,employee,0,2,2,3,1,4,3,29.83,9,0,3,suspicious_login,1
2026-07-21 12:00:00,user_14,employee,12,0,2,1,0,11,7,45.72,12,0,6,normal,0
2026-07-13 07:00:00,user_02,admin,7,0,1,2,0,8,3,80.05,29,0,8,normal,0
2026-07-01 12:00:00,user_07,analyst,12,2,2,1,0,12,6,77.28,47,0,13,normal,0
2026-07-21 01:00:00,user_27,employee,1,4,1,6,1,7,4,11.92,9,0,5,suspicious_login,1
2026-07-12 02:00:00,user_13,employee,2,11,4,4,1,7,111,3185.41,249,9,67,mixed_anomaly,1
2026-07-16 16:00:00,user_23,employee,16,0,1,1,0,12,6,13.89,11,0,7,normal,0
2026-07-15 14:00:00,user_01,admin,14,0,1,1,0,14,4,93.59,29,2,12,normal,0
2026-07-23 12:00:00,user_28,employee,12,0,1,2,0,8,2,32.83,10,0,4,normal,0
2026-07-19 12:00:00,user_29,employee,12,0,1,1,0,2,0,21.96,12,0,2,normal,0
2026-07-08 14:00:00,user_25,employee,14,1,3,1,0,8,4,17.23,2,0,4,normal,0
2026-07-12 13:00:00,user_19,employee,13,1,2,1,0,7,5,17.01,13,0,6,normal,0
2026-07-12 15:00:00,user_13,employee,15,0,1,1,0,6,5,48.75,9,0,5,normal,0
2026-07-20 15:00:00,user_16,employee,15,2,1,1,0,12,3,38.61,6,0,7,normal,0
2026-07-11 16:00:00,user_01,admin,16,0,1,1,0,9,5,43.32,23,2,9,normal,0
2026-07-28 13:00:00,user_12,analyst,13,1,3,1,0,14,5,78.41,267,6,34,privilege_misuse,1
2026-07-13 15:00:00,user_25,employee,15,0,1,1,0,11,2,17.55,3,0,6,normal,0
2026-07-18 13:00:00,user_13,employee,13,1,1,1,0,7,2,25.69,4,0,5,normal,0
2026-07-03 12:00:00,user_28,employee,12,0,1,1,0,8,2,21.08,12,0,4,normal,0
2026-07-22 10:00:00,user_29,employee,10,1,1,1,0,13,3,67.52,7,0,9,normal,0
2026-07-10 14:00:00,user_27,employee,14,0,1,2,0,7,4,20.78,7,0,3,normal,0
2026-07-29 12:00:00,user_14,employee,12,1,1,1,0,5,3,40.02,7,0,3,normal,0
2026-07-28 08:00:00,user_18,employee,8,0,1,1,0,7,4,19.74,7,0,4,normal,0
2026-07-23 03:00:00,user_24,employee,3,10,1,3,1,9,78,5076.92,481,7,72,mixed_anomaly,1
2026-07-14 14:00:00,user_26,employee,14,0,3,1,0,11,3,7.58,8,0,9,normal,0
2026-07-25 13:00:00,user_20,employee,13,1,2,2,0,7,6,39.07,6,0,6,normal,0
2026-07-27 13:00:00,user_29,employee,13,0,1,1,0,8,1,11.8,9,0,7,normal,0
2026-07-17 12:00:00,user_08,analyst,12,1,3,1,0,16,4,51.54,33,0,15,normal,0
2026-07-04 11:00:00,user_16,employee,11,1,3,1,0,410,231,5867.3,2,0,131,data_exfiltration,1
2026-07-16 13:00:00,user_09,analyst,13,0,6,2,0,9,6,14.29,41,0,6,normal,0
2026-07-23 14:00:00,user_14,employee,14,0,2,1,0,5,3,42.18,11,0,4,normal,0
2026-07-02 18:00:00,user_16,employee,18,0,1,1,0,4,2,47.19,6,0,2,normal,0
2026-07-01 13:00:00,user_01,admin,13,0,1,1,0,14,2,27.08,28,3,12,normal,0
2026-07-09 08:00:00,user_13,employee,8,0,3,1,0,5,4,52.87,8,0,3,normal,0
2026-07-30 14:00:00,user_11,analyst,14,0,1,1,0,23,7,24.89,32,0,15,normal,0
2026-07-10 18:00:00,user_22,employee,18,0,1,1,0,11,0,28.44,12,0,7,normal,0
2026-07-09 23:00:00,user_22,employee,23,2,1,6,1,5,1,57.1,7,0,3,suspicious_login,1
2026-07-12 16:00:00,user_24,employee,16,0,1,1,0,7,6,26.3,13,0,4,normal,0
2026-07-11 12:00:00,user_06,analyst,12,0,1,1,0,11,6,87.36,51,0,10,normal,0
2026-07-09 17:00:00,user_27,employee,17,0,1,1,0,11,4,71.13,9,0,7,normal,0
2026-07-08 14:00:00,user_15,employee,14,0,3,1,0,9,2,20.3,8,0,4,normal,0
2026-07-25 15:00:00,user_30,employee,15,0,2,2,0,4,3,23.64,6,0,3,normal,0
2026-07-09 11:00:00,user_05,analyst,11,0,1,2,0,21,4,59.16,32,0,12,normal,0
2026-07-19 12:00:00,user_20,employee,12,0,2,1,0,2,2,30.59,7,0,1,normal,0
2026-07-25 12:00:00,user_18,employee,12,0,1,1,0,5,3,53.64,4,0,3,normal,0
2026-07-08 08:00:00,user_01,admin,8,0,3,1,0,18,3,26.06,21,2,14,normal,0
2026-07-01 12:00:00,user_30,employee,12,1,2,1,0,3,3,39.47,10,0,2,normal,0
2026-07-16 13:00:00,user_13,employee,13,1,4,2,0,8,2,41.59,6,0,4,normal,0
2026-07-16 11:00:00,user_19,employee,11,0,2,1,0,9,4,33.74,14,0,5,normal,0
2026-07-14 17:00:00,user_19,employee,17,1,1,1,0,10,5,17.45,8,0,7,normal,0
2026-07-04 09:00:00,user_22,employee,9,1,1,1,0,12,2,26.62,11,0,10,normal,0
2026-07-19 09:00:00,user_01,admin,9,0,1,1,0,11,4,58.17,31,1,10,normal,0
2026-07-16 17:00:00,user_03,admin,17,0,1,1,0,11,2,24.1,33,2,10,normal,0
2026-07-02 14:00:00,user_21,employee,14,0,2,1,0,9,4,27.64,14,0,5,normal,0
2026-07-17 11:00:00,user_14,employee,11,0,1,1,0,202,278,4693.1,6,0,75,data_exfiltration,1
2026-07-03 11:00:00,user_28,employee,11,0,4,1,0,8,2,4.11,5,0,7,normal,0
2026-07-14 13:00:00,user_15,employee,13,0,1,1,0,9,4,23.66,7,0,7,normal,0
2026-07-07 13:00:00,user_06,analyst,13,0,3,1,0,20,3,27.34,37,0,16,normal,0
2026-07-26 11:00:00,user_02,admin,11,0,1,1,0,12,5,55.82,21,3,9,normal,0
2026-07-26 14:00:00,user_09,analyst,14,1,1,1,0,20,4,149.75,33,0,14,normal,0
2026-07-25 09:00:00,user_13,employee,9,0,1,1,0,7,4,14.13,130,24,26,privilege_misuse,1
2026-07-09 10:00:00,user_07,analyst,10,2,3,1,0,19,5,35.1,28,0,13,normal,0
2026-07-09 11:00:00,user_15,employee,11,2,2,1,0,9,4,67.44,7,0,6,normal,0
2026-07-28 10:00:00,user_11,analyst,10,1,1,1,0,10,3,64.78,25,0,8,normal,0
2026-07-05 17:00:00,user_11,analyst,17,0,1,1,0,9,4,49.95,54,0,8,normal,0
2026-07-20 16:00:00,user_25,employee,16,0,1,1,0,15,4,38.14,5,0,6,normal,0
2026-07-10 17:00:00,user_29,employee,17,0,2,1,0,13,1,6.37,8,0,8,normal,0
2026-07-30 14:00:00,user_13,employee,14,0,2,1,0,7,3,8.54,15,0,5,normal,0
2026-07-23 11:00:00,user_09,analyst,11,1,1,1,0,15,8,49.55,32,0,10,normal,0
2026-07-04 08:00:00,user_25,employee,8,0,1,1,0,6,1,14.22,8,0,5,normal,0
2026-07-14 13:00:00,user_27,employee,13,1,1,1,0,10,0,12.97,10,0,7,normal,0
2026-07-27 12:00:00,user_14,employee,12,1,1,1,0,7,2,6.78,6,0,5,normal,0
2026-07-04 14:00:00,user_09,analyst,14,0,1,1,0,13,6,24.64,41,0,11,normal,0
2026-07-09 12:00:00,user_27,employee,12,1,1,1,0,4,2,74.14,6,0,4,normal,0
2026-07-20 11:00:00,user_03,admin,11,0,2,1,0,15,1,34.4,21,3,9,normal,0
2026-07-30 10:00:00,user_16,employee,10,2,4,1,0,6,5,14.03,5,0,3,normal,0
2026-07-16 02:00:00,user_01,admin,2,17,1,8,1,6,96,1750.2,155,0,92,mixed_anomaly,1
2026-07-07 12:00:00,user_02,admin,12,0,1,1,0,16,4,17.02,22,2,10,normal,0
2026-07-30 13:00:00,user_12,analyst,13,2,2,1,0,8,3,68.42,29,0,6,normal,0
2026-07-28 10:00:00,user_08,analyst,10,0,1,1,0,18,5,32.83,31,0,15,normal,0
2026-07-07 15:00:00,user_21,employee,15,0,1,1,0,8,4,65.37,11,0,4,normal,0
2026-07-25 18:00:00,user_03,admin,18,0,4,1,0,9,7,51.73,29,3,9,normal,0
2026-07-09 08:00:00,user_25,employee,8,0,1,1,0,5,4,15.84,3,0,2,normal,0
2026-07-29 19:00:00,user_21,employee,19,1,1,1,0,11,0,10.94,6,0,8,normal,0
2026-07-03 09:00:00,user_02,admin,9,0,1,1,0,11,3,54.41,21,2,7,normal,0
2026-07-14 12:00:00,user_25,employee,12,0,2,1,0,9,1,35.13,12,0,5,normal,0
2026-07-19 15:00:00,user_01,admin,15,0,2,1,0,18,7,63.1,28,0,14,normal,0
2026-07-20 15:00:00,user_08,analyst,15,0,1,1,0,13,6,49.21,31,0,7,normal,0
2026-07-26 21:00:00,user_07,analyst,21,1,1,1,0,14,4,42.8,37,0,9,normal,0
2026-07-14 15:00:00,user_27,employee,15,0,3,1,0,3,3,129.8,10,0,2,normal,0
2026-07-16 16:00:00,user_01,admin,16,0,1,1,0,13,5,36.32,25,3,10,normal,0
2026-07-04 13:00:00,user_20,employee,13,1,2,1,0,7,3,4.15,10,0,4,normal,0
2026-07-16 13:00:00,user_05,analyst,13,0,1,1,0,14,2,16.47,29,0,13,normal,0
2026-07-29 12:00:00,user_08,analyst,12,0,3,1,0,162,109,6093.23,33,0,152,data_exfiltration,1
2026-07-18 14:00:00,user_16,employee,14,0,1,1,0,9,3,9.91,7,0,8,normal,0
2026-07-08 14:00:00,user_22,employee,14,1,1,1,0,7,7,34.84,12,0,6,normal,0
2026-07-06 14:00:00,user_04,admin,14,0,2,1,0,12,2,45.99,29,5,10,normal,0
2026-07-29 11:00:00,user_19,employee,11,0,1,1,0,9,4,46.44,5,0,4,normal,0
2026-07-14 09:00:00,user_07,analyst,9,1,1,1,0,13,4,26.34,37,0,12,normal,0
2026-07-29 17:00:00,user_15,employee,17,1,1,1,0,8,8,82.15,15,0,7,normal,0
2026-07-07 08:00:00,user_23,employee,8,1,1,1,0,7,2,39.99,6,0,4,normal,0
2026-07-23 06:00:00,user_09,analyst,6,0,2,1,0,8,2,76.53,28,0,9,normal,0
2026-07-27 14:00:00,user_25,employee,14,1,2,1,0,7,2,33.64,119,19,41,privilege_misuse,1
2026-07-09 06:00:00,user_06,analyst,6,0,2,1,0,20,7,16.62,32,0,12,normal,0
2026-07-17 16:00:00,user_20,employee,16,0,1,1,0,6,2,18.59,9,0,3,normal,0
2026-07-14 13:00:00,user_20,employee,13,0,1,1,0,6,2,10.82,4,0,5,normal,0
2026-07-13 11:00:00,user_24,employee,11,1,1,1,0,8,4,10.73,7,0,6,normal,0
2026-07-11 14:00:00,user_23,employee,14,3,3,2,0,4,2,14.76,6,0,3,normal,0
2026-07-11 12:00:00,user_04,admin,12,0,1,1,0,13,5,46.79,30,3,9,normal,0
2026-07-10 13:00:00,user_25,employee,13,1,4,1,0,8,2,7.38,11,0,7,normal,0
2026-07-23 13:00:00,user_27,employee,13,1,1,1,0,3,3,21.69,6,0,3,normal,0
2026-07-15 11:00:00,user_06,analyst,11,0,1,1,0,14,2,34.25,35,0,8,normal,0
2026-07-20 16:00:00,user_10,analyst,16,0,1,1,0,22,2,18.59,38,0,11,normal,0
2026-07-26 14:00:00,user_04,admin,14,0,1,1,0,15,6,10.83,28,4,8,normal,0
2026-07-02 17:00:00,user_19,employee,17,0,1,1,0,13,4,42.05,7,0,8,normal,0
2026-07-10 09:00:00,user_01,admin,9,1,1,1,0,17,6,24.18,23,4,10,normal,0
2026-07-13 17:00:00,user_30,employee,17,1,1,1,0,2,2,10.41,11,0,2,normal,0
2026-07-19 06:00:00,user_10,analyst,6,1,1,1,0,12,9,39.02,35,0,8,normal,0
2026-07-04 10:00:00,user_19,employee,10,0,1,1,0,10,5,41.48,5,0,8,normal,0
2026-07-16 10:00:00,user_22,employee,10,1,2,1,0,8,4,42.04,11,0,6,normal,0
2026-07-13 08:00:00,user_30,employee,8,1,5,1,0,9,1,3.67,8,0,7,normal,0
2026-07-21 07:00:00,user_13,employee,7,1,1,1,0,3,1,52.73,4,0,2,normal,0
2026-07-10 18:00:00,user_13,employee,18,0,1,1,0,8,3,54.97,7,0,5,normal,0
2026-07-07 14:00:00,user_23,employee,14,1,3,1,0,184,209,8060.23,9,0,51,data_exfiltration,1
2026-07-23 18:00:00,user_03,admin,18,0,2,1,0,9,5,18.07,32,3,8,normal,0
2026-07-09 13:00:00,user_19,employee,13,0,1,2,0,8,2,21.69,8,0,5,normal,0
2026-07-06 14:00:00,user_23,employee,14,0,1,1,0,16,2,30.75,9,0,8,normal,0
2026-07-02 10:00:00,user_27,employee,10,1,1,1,0,10,4,55.81,6,0,4,normal,0
2026-07-09 12:00:00,user_21,employee,12,0,1,1,0,10,1,60.01,8,0,6,normal,0
2026-07-30 17:00:00,user_08,analyst,17,1,1,1,0,13,7,25.03,25,0,9,normal,0
2026-07-05 08:00:00,user_04,admin,8,0,1,1,0,11,1,33.6,26,3,9,normal,0
2026-07-27 16:00:00,user_23,employee,16,0,1,1,0,7,2,125.8,17,0,4,normal,0
2026-07-01 16:00:00,user_25,employee,16,0,1,1,0,10,2,27.65,5,0,7,normal,0
2026-07-02 09:00:00,user_10,analyst,9,0,1,2,0,23,12,144.47,34,0,18,normal,0
2026-07-28 14:00:00,user_28,employee,14,2,2,1,0,9,6,44.74,5,0,5,normal,0
2026-07-10 13:00:00,user_22,employee,13,0,3,1,0,12,0,42.54,13,0,5,normal,0
2026-07-06 11:00:00,user_20,employee,11,0,1,1,0,14,5,27.12,9,0,7,normal,0
2026-07-21 11:00:00,user_26,employee,11,0,2,1,0,8,2,63.67,13,0,5,normal,0
2026-07-24 09:00:00,user_04,admin,9,1,1,1,0,10,6,31.3,30,1,10,normal,0
2026-07-07 11:00:00,user_26,employee,11,1,1,1,0,6,4,7.02,8,0,5,normal,0
2026-07-18 17:00:00,user_19,employee,17,0,1,1,0,11,2,3.91,9,0,9,normal,0
2026-07-25 10:00:00,user_26,employee,10,1,1,1,0,6,4,45.26,12,0,5,normal,0
2026-07-26 11:00:00,user_02,admin,11,0,1,1,0,8,7,77.96,30,2,8,normal,0
2026-07-22 10:00:00,user_12,analyst,10,0,1,1,0,16,8,66.41,41,0,13,normal,0
2026-07-06 13:00:00,user_18,employee,13,1,1,1,0,7,5,48.92,7,0,5,normal,0
2026-07-06 14:00:00,user_14,employee,14,0,1,1,0,5,4,5.89,5,0,4,normal,0
2026-07-01 14:00:00,user_22,employee,14,0,1,1,0,1,3,13.29,310,5,21,privilege_misuse,1
2026-07-08 14:00:00,user_03,admin,14,0,2,1,0,11,4,22.26,34,1,8,normal,0
2026-07-09 11:00:00,user_17,employee,11,2,2,1,0,10,0,9.69,9,0,5,normal,0
2026-07-24 12:00:00,user_21,employee,12,1,3,1,0,9,3,57.19,7,0,8,normal,0
2026-07-28 16:00:00,user_11,analyst,16,1,1,1,0,16,4,63.35,42,0,13,normal,0
2026-07-01 10:00:00,user_01,admin,10,0,1,1,0,15,7,54.4,21,4,9,normal,0
2026-07-15 14:00:00,user_28,employee,14,1,1,1,0,10,3,14.01,9,0,8,normal,0
2026-07-28 11:00:00,user_14,employee,11,0,6,1,0,11,3,48.44,8,0,5,normal,0
2026-07-26 11:00:00,user_27,employee,11,1,3,1,0,11,2,17.34,4,0,8,normal,0
2026-07-16 09:00:00,user_16,employee,9,0,4,1,0,11,3,11.98,9,0,9,normal,0
2026-07-30 06:00:00,user_04,admin,6,0,2,1,0,12,3,43.44,27,2,9,normal,0
2026-07-25 15:00:00,user_14,employee,15,1,1,1,0,8,2,136.03,4,0,6,normal,0
2026-07-22 23:00:00,user_12,analyst,23,1,1,3,1,18,6,50.62,32,0,16,suspicious_login,1
2026-07-13 16:00:00,user_23,employee,16,0,1,1,0,9,1,21.27,6,0,7,normal,0
2026-07-12 10:00:00,user_05,analyst,10,0,1,1,0,12,3,64.67,30,0,9,normal,0
2026-07-01 16:00:00,user_14,employee,16,2,1,1,0,4,2,5.73,7,0,2,normal,0
2026-07-16 01:00:00,user_06,analyst,1,19,1,4,1,16,164,3851.17,124,2,132,mixed_anomaly,1
2026-07-11 14:00:00,user_21,employee,14,1,3,1,0,14,2,7.63,14,0,11,normal,0
2026-07-26 00:00:00,user_09,analyst,0,19,3,6,1,15,89,1402.6,205,9,160,mixed_anomaly,1
2026-07-13 16:00:00,user_26,employee,16,1,1,1,0,6,5,25.34,7,0,3,normal,0
2026-07-14 11:00:00,user_30,employee,11,0,2,1,0,7,3,50.61,10,0,4,normal,0
2026-07-22 15:00:00,user_18,employee,15,0,1,1,0,5,2,9.45,7,0,3,normal,0
2026-07-19 21:00:00,user_25,employee,21,0,2,1,0,11,5,35.47,10,0,9,normal,0
2026-07-25 13:00:00,user_16,employee,13,1,1,1,0,6,3,14.31,8,0,3,normal,0
2026-07-18 10:00:00,user_15,employee,10,0,2,1,0,12,3,53.71,11,0,9,normal,0
2026-07-19 15:00:00,user_14,employee,15,1,1,1,0,4,3,44.09,9,0,3,normal,0
2026-07-07 02:00:00,user_27,employee,2,11,1,3,1,17,64,3278.42,434,4,119,mixed_anomaly,1
2026-07-15 14:00:00,user_09,analyst,14,0,2,1,0,21,7,40.8,35,0,18,normal,0
2026-07-24 15:00:00,user_11,analyst,15,2,3,1,0,16,6,21.2,32,0,15,normal,0
2026-07-24 14:00:00,user_28,employee,14,1,1,1,0,8,2,77.68,10,0,4,normal,0
2026-07-18 13:00:00,user_08,analyst,13,0,1,1,0,23,4,41.08,40,0,13,normal,0
2026-07-27 08:00:00,user_27,employee,8,0,1,1,0,11,4,47.48,3,0,6,normal,0
2026-07-16 13:00:00,user_30,employee,13,4,1,1,0,12,7,3.86,5,0,6,normal,0
2026-07-06 12:00:00,user_03,admin,12,0,1,1,0,11,5,48.58,23,1,6,normal,0
2026-07-08 00:00:00,user_09,analyst,0,4,1,8,1,14,7,22.11,36,0,10,suspicious_login,1
2026-07-11 12:00:00,user_08,analyst,12,0,1,1,0,15,3,77.07,35,0,9,normal,0
2026-07-09 11:00:00,user_25,employee,11,0,1,1,0,8,1,24.43,9,0,4,normal,0
2026-07-12 10:00:00,user_15,employee,10,0,2,1,0,5,1,59.21,16,0,5,normal,0
2026-07-07 11:00:00,user_19,employee,11,0,1,1,0,13,1,26.63,4,0,9,normal,0
2026-07-20 15:00:00,user_20,employee,15,0,2,1,0,6,4,19.17,6,0,3,normal,0
2026-07-22 10:00:00,user_22,employee,10,0,2,1,0,12,5,57.74,9,0,8,normal,0
2026-07-17 16:00:00,user_13,employee,16,1,2,1,0,6,2,8.84,7,0,5,normal,0
2026-07-10 13:00:00,user_11,analyst,13,0,1,1,0,12,5,29.78,35,0,8,normal,0
2026-07-09 09:00:00,user_01,admin,9,0,1,1,0,9,2,30.9,35,0,8,normal,0
2026-07-13 13:00:00,user_16,employee,13,0,2,1,1,9,5,35.08,9,0,5,normal,0
2026-07-07 13:00:00,user_28,employee,13,3,1,1,0,10,3,40.3,11,0,7,normal,0
2026-07-28 11:00:00,user_11,analyst,11,0,1,1,0,350,286,3226.74,40,0,60,data_exfiltration,1
2026-07-13 12:00:00,user_16,employee,12,0,1,1,0,8,5,38.11,9,0,4,normal,0
2026-07-28 19:00:00,user_07,analyst,19,1,1,1,0,18,5,18.8,31,0,15,normal,0
2026-07-15 10:00:00,user_12,analyst,10,2,1,1,0,15,1,37.82,295,10,36,privilege_misuse,1
2026-07-07 15:00:00,user_11,analyst,15,0,1,1,0,18,1,59.89,43,0,13,normal,0
2026-07-05 13:00:00,user_09,analyst,13,1,3,1,0,14,5,18.79,37,0,10,normal,0
2026-07-11 10:00:00,user_29,employee,10,0,1,2,0,11,7,6.38,7,0,5,normal,0
2026-07-04 15:00:00,user_20,employee,15,0,3,1,0,12,1,39.29,5,0,6,normal,0
2026-07-17 14:00:00,user_23,employee,14,0,1,1,0,7,2,153.23,9,0,6,normal,0
2026-07-09 19:00:00,user_29,employee,19,0,1,1,0,7,4,76.28,10,0,5,normal,0
2026-07-03 15:00:00,user_09,analyst,15,0,1,1,0,13,5,183.82,35,0,12,normal,0
2026-07-23 15:00:00,user_18,employee,15,1,1,1,0,9,4,62.44,7,0,6,normal,0
2026-07-08 17:00:00,user_01,admin,17,0,3,1,0,12,5,98.21,26,2,10,normal,0
2026-07-13 15:00:00,user_17,employee,15,0,1,1,0,154,252,2901.69,11,0,119,data_exfiltration,1
2026-07-25 14:00:00,user_03,admin,14,0,1,1,0,9,2,46.36,32,5,9,normal,0
2026-07-20 11:00:00,user_08,analyst,11,0,1,1,0,20,5,204.54,30,0,10,normal,0
2026-07-14 12:00:00,user_24,employee,12,0,1,1,0,8,4,4.08,8,0,5,normal,0
2026-07-18 18:00:00,user_14,employee,18,1,1,1,0,6,3,54.78,5,0,5,normal,0
2026-07-04 09:00:00,user_16,employee,9,1,3,1,0,7,2,40.68,4,0,5,normal,0
2026-07-23 14:00:00,user_18,employee,14,0,1,1,0,7,4,9.96,5,0,4,normal,0
2026-07-07 13:00:00,user_25,employee,13,0,1,1,0,16,2,83.58,6,0,13,normal,0
2026-07-10 17:00:00,user_08,analyst,17,0,1,2,1,20,5,38.44,45,0,16,normal,0
2026-07-29 04:00:00,user_23,employee,4,4,1,4,1,8,4,51.02,7,0,5,suspicious_login,1
2026-07-21 12:00:00,user_21,employee,12,0,2,1,0,4,1,15.03,5,0,3,normal,0
2026-07-17 15:00:00,user_23,employee,15,0,2,1,0,9,1,4.37,8,0,4,normal,0
2026-07-12 09:00:00,user_16,employee,9,0,1,1,0,12,1,55.88,8,0,9,normal,0
2026-07-03 14:00:00,user_15,employee,14,0,1,1,0,14,6,43.7,9,0,8,normal,0
2026-07-09 14:00:00,user_26,employee,14,0,2,1,0,12,4,50.2,6,0,9,normal,0
2026-07-13 15:00:00,user_01,admin,15,2,2,1,0,15,1,43.04,30,0,11,normal,0
2026-07-09 13:00:00,user_03,employee,13,0,1,1,0,8,4,14.32,145,8,59,privilege_misuse,1
2026-07-30 16:00:00,user_08,analyst,16,1,3,1,0,20,6,55.93,39,0,13,normal,0
2026-07-06 08:00:00,user_13,employee,8,0,3,1,0,6,3,41.23,8,0,5,normal,0
2026-07-27 11:00:00,user_23,employee,11,0,1,2,0,6,3,34.73,10,0,4,normal,0
2026-07-17 11:00:00,user_08,analyst,11,1,2,1,0,18,4,78.44,32,0,16,normal,0
2026-07-20 09:00:00,user_10,analyst,9,0,1,1,0,11,4,12.25,27,0,8,normal,0
2026-07-02 14:00:00,user_22,employee,14,0,2,1,0,9,5,19.12,7,0,6,normal,0
2026-07-02 15:00:00,user_19,employee,15,1,1,1,0,4,4,25.8,4,0,3,normal,0
2026-07-25 13:00:00,user_12,analyst,13,0,1,2,0,18,7,80.12,32,0,12,normal,0
2026-07-25 03:00:00,user_16,employee,3,13,1,8,1,8,61,4136.21,277,11,103,mixed_anomaly,1
2026-07-17 14:00:00,user_17,employee,14,0,1,1,0,10,9,42.82,11,0,7,normal,0
2026-07-02 15:00:00,user_12,analyst,15,0,1,1,0,12,9,59.23,28,0,8,normal,0
2026-07-24 10:00:00,user_14,employee,10,0,4,1,0,10,4,8.28,6,0,8,normal,0
2026-07-28 16:00:00,user_24,employee,16,1,2,1,0,8,3,33.25,7,0,6,normal,0
2026-07-26 13:00:00,user_18,employee,13,0,4,1,0,9,1,70.25,11,0,5,normal,0
2026-07-08 14:00:00,user_11,analyst,14,1,2,1,0,12,8,22.35,29,0,12,normal,0
2026-07-26 09:00:00,user_12,analyst,9,0,1,1,0,19,8,38.19,36,0,15,normal,0
2026-07-07 12:00:00,user_23,employee,12,0,1,1,0,7,3,34.69,10,0,4,normal,0
2026-07-01 09:00:00,user_15,employee,9,0,3,1,0,11,1,30.49,16,0,8,normal,0
2026-07-11 13:00:00,user_09,analyst,13,0,3,1,1,15,7,23.9,32,0,14,normal,0
2026-07-13 14:00:00,user_10,analyst,14,1,2,1,0,17,5,7.77,32,0,11,normal,0
2026-07-28 13:00:00,user_09,analyst,13,0,1,1,0,17,9,72.47,32,0,10,normal,0
2026-07-28 19:00:00,user_08,analyst,19,1,1,1,0,16,5,70.71,30,0,14,normal,0
2026-07-02 12:00:00,user_04,admin,12,1,1,1,0,15,3,85.92,28,2,9,normal,0
2026-07-14 15:00:00,user_24,employee,15,0,1,1,0,11,4,67.08,9,0,9,normal,0
2026-07-19 13:00:00,user_07,analyst,13,2,2,1,0,11,7,52.03,37,0,11,normal,0
2026-07-03 15:00:00,user_11,analyst,15,0,4,1,0,17,4,106.12,32,0,9,normal,0
2026-07-25 06:00:00,user_04,admin,6,2,2,1,0,14,4,47.28,21,1,10,normal,0
2026-07-23 12:00:00,user_24,employee,12,1,1,1,0,7,3,17.93,6,0,4,normal,0
2026-07-29 11:00:00,user_18,employee,11,1,1,1,0,6,1,25.36,7,0,4,normal,0
2026-07-07 15:00:00,user_25,employee,15,0,1,1,0,3,2,35.48,13,0,3,normal,0
2026-07-06 10:00:00,user_23,employee,10,0,1,1,0,444,292,4253.51,10,0,134,data_exfiltration,1
2026-07-29 17:00:00,user_07,analyst,17,0,1,1,0,26,9,74.31,43,0,16,normal,0
2026-07-24 12:00:00,user_07,analyst,12,0,1,1,1,9,5,81.28,39,0,6,normal,0
2026-07-13 15:00:00,user_24,employee,15,0,2,1,0,11,5,53.16,2,0,4,normal,0
2026-07-19 12:00:00,user_16,employee,12,3,1,1,0,10,8,36.84,4,0,6,normal,0
2026-07-08 13:00:00,user_09,analyst,13,1,1,1,0,13,3,40.97,32,0,9,normal,0
2026-07-02 09:00:00,user_24,employee,9,0,1,1,0,6,5,60.43,10,0,5,normal,0
2026-07-17 10:00:00,user_19,employee,10,0,3,1,0,13,3,71.18,2,0,7,normal,0
2026-07-18 13:00:00,user_25,employee,13,0,1,1,0,7,5,40.82,9,0,5,normal,0
2026-07-01 11:00:00,user_17,employee,11,0,2,1,0,3,3,54.74,9,0,3,normal,0
2026-07-16 13:00:00,user_20,employee,13,0,1,1,0,3,4,43.46,8,0,2,normal,0
2026-07-04 14:00:00,user_10,analyst,14,1,2,1,0,13,6,146.88,31,0,8,normal,0
2026-07-26 14:00:00,user_04,admin,14,0,2,1,0,13,3,17.92,33,4,13,normal,0
2026-07-01 13:00:00,user_27,employee,13,0,1,1,0,425,217,7168.54,7,0,88,data_exfiltration,1
2026-07-02 13:00:00,user_10,analyst,13,0,1,1,0,10,7,113.1,34,0,7,normal,0
2026-07-12 17:00:00,user_08,analyst,17,0,1,1,0,22,6,50.2,27,0,17,normal,0
2026-07-22 14:00:00,user_12,analyst,14,0,3,1,0,22,4,38.63,31,0,13,normal,0
2026-07-02 10:00:00,user_06,analyst,10,0,2,1,0,14,6,89.72,30,0,12,normal,0
2026-07-18 12:00:00,user_10,analyst,12,2,3,1,0,19,10,21.18,30,0,13,normal,0
2026-07-17 12:00:00,user_01,admin,12,0,2,1,0,13,7,105.46,19,3,8,normal,0
2026-07-16 12:00:00,user_23,employee,12,0,2,1,0,10,2,29.9,4,0,6,normal,0
2026-07-28 12:00:00,user_18,employee,12,1,2,2,0,8,2,46.52,6,0,6,normal,0
2026-07-13 14:00:00,user_05,analyst,14,1,1,1,0,19,9,142.43,27,0,9,normal,0
2026-07-21 20:00:00,user_09,analyst,20,1,2,1,0,16,2,146.0,37,0,9,normal,0
2026-07-17 15:00:00,user_02,admin,15,29,0,4,1,19,2,33.6,23,2,11,brute_force,1
2026-07-20 10:00:00,user_18,employee,10,0,1,1,0,5,2,64.95,8,0,3,normal,0
2026-07-22 08:00:00,user_10,analyst,8,0,1,1,0,9,3,73.21,34,0,8,normal,0
2026-07-04 12:00:00,user_23,employee,12,0,1,1,0,6,3,80.25,7,0,3,normal,0
2026-07-14 11:00:00,user_05,analyst,11,1,1,1,0,14,1,38.45,49,0,14,normal,0
2026-07-28 16:00:00,user_21,employee,16,0,2,1,0,15,3,40.32,10,0,11,normal,0
2026-07-24 10:00:00,user_28,employee,10,0,1,1,0,11,3,86.89,11,0,6,normal,0
2026-07-14 09:00:00,user_25,employee,9,0,3,1,0,5,3,53.04,4,0,3,normal,0
2026-07-27 18:00:00,user_16,employee,18,0,2,2,0,10,4,20.53,8,0,5,normal,0
2026-07-24 09:00:00,user_04,admin,9,0,5,1,0,14,3,37.08,30,1,10,normal,0
2026-07-02 12:00:00,user_28,employee,12,0,2,1,0,4,1,58.54,8,0,3,normal,0
2026-07-09 07:00:00,user_01,admin,7,1,3,1,0,11,2,33.01,27,4,11,normal,0
2026-07-15 22:00:00,user_19,employee,22,0,5,1,0,4,3,130.22,143,23,65,privilege_misuse,1
2026-07-09 12:00:00,user_16,employee,12,1,3,1,0,10,4,75.6,10,0,9,normal,0
2026-07-08 13:00:00,user_16,employee,13,0,1,1,0,8,1,35.84,6,0,5,normal,0
2026-07-24 14:00:00,user_15,employee,14,0,1,2,0,3,2,15.07,4,0,1,normal,0
2026-07-30 13:00:00,user_11,analyst,13,0,1,1,0,12,3,47.28,40,0,11,normal,0
2026-07-02 19:00:00,user_06,analyst,19,0,4,1,0,15,8,42.77,41,0,15,normal,0
2026-07-20 13:00:00,user_02,admin,13,0,1,1,0,16,8,47.96,24,0,8,normal,0
2026-07-11 12:00:00,user_09,analyst,12,1,2,1,0,16,3,76.88,36,0,13,normal,0
2026-07-16 12:00:00,user_28,employee,12,0,2,1,0,10,4,31.13,9,0,5,normal,0
2026-07-07 08:00:00,user_16,employee,8,1,2,1,0,5,4,33.36,10,0,4,normal,0
2026-07-24 08:00:00,user_04,admin,8,0,4,1,0,16,3,64.46,27,1,8,normal,0
2026-07-13 12:00:00,user_27,employee,12,1,1,1,0,8,5,52.46,11,0,6,normal,0
2026-07-14 13:00:00,user_03,admin,13,1,3,1,0,8,4,23.58,32,1,8,normal,0
2026-07-22 08:00:00,user_13,employee,8,0,1,1,1,13,3,18.49,8,0,8,normal,0
2026-07-17 14:00:00,user_16,employee,14,0,2,2,0,8,6,15.52,8,0,7,normal,0
2026-07-07 15:00:00,user_03,admin,15,1,1,2,0,10,5,76.67,26,4,7,normal,0
2026-07-27 13:00:00,user_19,employee,13,0,1,1,0,13,2,24.63,7,0,6,normal,0
2026-07-17 14:00:00,user_21,employee,14,0,2,2,0,12,2,17.56,5,0,10,normal,0
2026-07-26 14:00:00,user_22,employee,14,0,1,1,0,7,3,80.36,5,0,3,normal,0
2026-07-01 14:00:00,user_02,admin,14,0,2,1,0,8,1,27.71,28,2,8,normal,0
2026-07-14 10:00:00,user_05,analyst,10,0,1,1,0,15,3,74.31,35,0,13,normal,0
2026-07-03 09:00:00,user_05,analyst,9,1,1,1,0,6,7,34.59,32,0,5,normal,0
2026-07-13 08:00:00,user_26,employee,8,1,1,1,0,12,1,25.65,5,0,5,normal,0
2026-07-09 14:00:00,user_19,employee,14,0,1,1,1,8,3,70.8,3,0,5,normal,0
2026-07-24 14:00:00,user_10,analyst,14,0,1,2,0,17,7,52.84,41,0,12,normal,0
2026-07-14 13:00:00,user_03,admin,13,0,1,1,0,17,4,32.28,25,2,14,normal,0
2026-07-02 16:00:00,user_08,analyst,16,0,2,1,0,16,6,32.45,36,0,13,normal,0
2026-07-26 12:00:00,user_04,admin,12,0,1,2,0,9,4,21.73,23,0,7,normal,0
2026-07-24 03:00:00,user_18,employee,3,2,1,3,1,11,3,22.72,6,0,5,suspicious_login,1
2026-07-26 07:00:00,user_20,employee,7,0,1,1,0,8,1,64.77,13,0,5,normal,0
2026-07-21 11:00:00,user_20,employee,11,0,1,1,0,6,3,25.43,12,0,5,normal,0
2026-07-21 16:00:00,user_26,employee,16,0,1,1,0,9,5,11.22,5,0,6,normal,0
2026-07-08 18:00:00,user_20,employee,18,0,2,1,0,10,5,94.14,11,0,7,normal,0
2026-07-10 08:00:00,user_08,analyst,8,1,1,2,0,10,4,86.62,41,0,7,normal,0
2026-07-15 10:00:00,user_25,employee,10,0,1,1,0,7,5,16.56,6,0,4,normal,0
2026-07-13 14:00:00,user_17,employee,14,0,1,1,0,9,3,19.2,9,0,8,normal,0
2026-07-15 16:00:00,user_13,employee,16,0,1,1,0,7,3,22.34,8,0,4,normal,0
2026-07-18 13:00:00,user_15,employee,13,1,2,1,0,7,2,69.39,10,0,4,normal,0
2026-07-30 09:00:00,user_30,employee,9,0,2,1,0,9,2,45.16,9,0,7,normal,0
2026-07-22 14:00:00,user_15,employee,14,0,2,1,0,5,4,15.73,10,0,4,normal,0
2026-07-25 10:00:00,user_10,analyst,10,0,1,1,0,16,2,59.12,35,0,13,normal,0
2026-07-27 13:00:00,user_28,employee,13,1,1,1,0,11,2,41.33,15,0,6,normal,0
2026-07-08 10:00:00,user_19,employee,10,1,1,1,0,5,0,22.99,13,0,3,normal,0
2026-07-02 10:00:00,user_14,employee,10,0,1,1,0,4,6,9.34,4,0,2,normal,0
2026-07-14 14:00:00,user_10,analyst,14,1,4,1,0,15,8,84.15,31,0,10,normal,0
2026-07-04 00:00:00,user_19,employee,0,12,1,8,1,8,114,5842.18,340,7,131,mixed_anomaly,1
2026-07-29 01:00:00,user_02,admin,1,8,2,3,1,6,164,1268.19,124,2,174,mixed_anomaly,1
2026-07-17 10:00:00,user_24,employee,10,0,1,1,0,12,2,13.27,7,0,9,normal,0
2026-07-17 16:00:00,user_04,admin,16,0,2,1,0,7,4,14.36,26,3,7,normal,0
2026-07-07 09:00:00,user_25,employee,9,1,3,2,0,5,1,22.52,7,0,5,normal,0
2026-07-05 09:00:00,user_07,analyst,9,0,2,2,0,22,3,39.76,29,0,16,normal,0
2026-07-02 09:00:00,user_21,employee,9,1,1,1,0,8,0,26.76,8,0,4,normal,0
2026-07-09 11:00:00,user_07,analyst,11,2,1,1,0,15,6,35.16,38,0,10,normal,0
2026-07-16 08:00:00,user_09,analyst,8,0,1,1,0,11,8,57.16,42,0,9,normal,0
2026-07-06 13:00:00,user_22,employee,13,1,1,2,0,8,5,39.1,8,0,5,normal,0
2026-07-01 14:00:00,user_03,admin,14,0,1,1,0,9,2,74.13,28,1,8,normal,0
2026-07-27 16:00:00,user_06,analyst,16,1,1,1,0,17,5,89.52,34,0,12,normal,0
2026-07-19 12:00:00,user_08,analyst,12,0,2,1,0,12,6,60.68,37,0,9,normal,0
2026-07-17 08:00:00,user_06,analyst,8,1,2,1,0,14,7,20.62,33,0,10,normal,0
2026-07-26 13:00:00,user_18,employee,13,2,1,1,0,13,3,113.63,7,0,7,normal,0
2026-07-27 14:00:00,user_03,admin,14,1,1,1,0,11,3,92.84,21,2,7,normal,0
2026-07-14 11:00:00,user_06,analyst,11,0,1,1,0,14,9,64.75,32,0,8,normal,0
2026-07-19 11:00:00,user_01,admin,11,0,1,1,0,16,5,50.59,28,1,9,normal,0
2026-07-13 12:00:00,user_14,employee,12,1,2,1,0,6,3,71.65,7,0,4,normal,0
2026-07-05 10:00:00,user_15,employee,10,1,4,1,0,12,5,107.97,12,0,9,normal,0
2026-07-19 06:00:00,user_23,employee,6,0,1,1,0,5,2,41.58,6,0,2,normal,0
2026-07-20 13:00:00,user_20,employee,13,0,1,1,0,9,0,43.59,6,0,6,normal,0
2026-07-02 14:00:00,user_16,employee,14,0,1,1,0,10,2,11.66,8,0,4,normal,0
2026-07-23 10:00:00,user_10,analyst,10,0,2,1,0,12,4,16.65,42,0,11,normal,0
2026-07-04 10:00:00,user_02,admin,10,0,1,1,0,12,4,86.14,27,0,9,normal,0
2026-07-13 11:00:00,user_08,analyst,11,0,2,1,0,11,2,102.04,43,0,9,normal,0
2026-07-01 15:00:00,user_10,analyst,15,0,1,1,0,15,5,57.02,43,0,14,normal,0
2026-07-14 12:00:00,user_23,employee,12,0,1,1,0,8,3,36.95,6,0,5,normal,0
2026-07-06 12:00:00,user_10,analyst,12,0,3,1,0,13,2,62.51,28,0,10,normal,0
2026-07-26 10:00:00,user_23,employee,10,1,1,1,0,9,2,100.76,9,0,6,normal,0
2026-07-02 13:00:00,user_28,employee,13,1,2,2,0,7,1,15.79,11,0,4,normal,0
2026-07-06 15:00:00,user_15,employee,15,0,3,1,0,8,6,9.16,9,0,5,normal,0
2026-07-14 10:00:00,user_03,admin,10,0,1,1,0,21,4,125.7,22,3,13,normal,0
2026-07-23 06:00:00,user_22,employee,6,0,1,1,0,13,0,61.15,7,0,9,normal,0
2026-07-03 11:00:00,user_08,analyst,11,2,1,1,0,5,5,85.52,44,0,6,normal,0
2026-07-25 11:00:00,user_30,employee,11,0,1,1,0,10,0,74.34,3,0,7,normal,0
2026-07-15 13:00:00,user_09,analyst,13,0,2,1,0,15,7,46.85,32,0,9,normal,0
2026-07-13 15:00:00,user_26,employee,15,0,1,1,0,13,2,19.24,4,0,10,normal,0
2026-07-19 01:00:00,user_26,employee,1,9,1,7,1,9,138,3143.16,286,6,61,mixed_anomaly,1
2026-07-02 09:00:00,user_22,employee,9,0,1,1,0,11,5,82.49,8,0,5,normal,0
2026-07-18 09:00:00,user_26,employee,9,0,2,2,0,11,7,58.05,6,0,8,normal,0
2026-07-12 09:00:00,user_30,employee,9,0,1,1,0,387,257,4099.03,14,0,97,data_exfiltration,1
2026-07-21 16:00:00,user_14,employee,16,0,1,1,0,5,4,5.65,4,0,3,normal,0
2026-07-21 14:00:00,user_04,admin,14,0,1,1,0,11,4,67.15,19,1,7,normal,0
2026-07-09 12:00:00,user_18,employee,12,0,1,1,0,8,6,44.16,9,0,4,normal,0
2026-07-28 11:00:00,user_08,analyst,11,0,3,1,0,14,4,11.17,46,0,14,normal,0
2026-07-06 12:00:00,user_21,employee,12,0,1,1,0,10,3,8.21,15,0,9,normal,0
2026-07-27 09:00:00,user_05,analyst,9,0,2,1,0,9,9,103.73,40,0,8,normal,0
2026-07-25 13:00:00,user_30,employee,13,0,1,1,0,7,2,14.0,342,18,76,privilege_misuse,1
2026-07-21 12:00:00,user_27,employee,12,0,2,1,0,9,1,13.36,2,0,7,normal,0
2026-07-29 10:00:00,user_05,analyst,10,9,1,4,1,14,3,91.01,35,0,11,brute_force,1
2026-07-05 15:00:00,user_02,admin,15,1,1,1,0,7,2,96.11,25,2,7,normal,0
2026-07-03 13:00:00,user_06,analyst,13,0,1,1,0,17,2,22.81,27,0,13,normal,0
2026-07-30 15:00:00,user_26,employee,15,0,1,1,0,12,3,24.6,6,0,10,normal,0
2026-07-09 11:00:00,user_10,analyst,11,1,3,1,0,21,6,109.46,42,0,14,normal,0
2026-07-23 13:00:00,user_20,employee,13,0,1,1,0,9,3,40.68,9,0,7,normal,0
2026-07-20 11:00:00,user_24,employee,11,0,1,1,0,4,3,29.28,7,0,4,normal,0
2026-07-16 10:00:00,user_27,employee,10,0,1,1,0,6,3,48.73,5,0,5,normal,0
2026-07-10 12:00:00,user_19,employee,12,0,1,2,0,5,4,23.65,182,15,52,privilege_misuse,1
2026-07-23 12:00:00,user_15,employee,12,0,1,1,0,6,2,19.53,3,0,3,normal,0
2026-07-24 15:00:00,user_04,admin,15,0,2,1,1,12,3,72.86,23,0,10,normal,0
2026-07-06 12:00:00,user_15,employee,12,0,2,1,0,10,4,29.2,10,0,7,normal,0
2026-07-01 12:00:00,user_23,employee,12,0,2,1,0,13,3,36.41,6,0,7,normal,0
2026-07-24 13:00:00,user_10,analyst,13,0,1,1,0,13,7,21.67,39,0,11,normal,0
2026-07-17 12:00:00,user_23,employee,12,1,1,1,0,9,2,10.61,4,0,4,normal,0
2026-07-15 17:00:00,user_13,employee,17,2,1,1,0,11,3,40.77,8,0,9,normal,0
2026-07-19 01:00:00,user_09,analyst,1,7,1,9,1,18,84,3078.09,145,6,40,mixed_anomaly,1
2026-07-01 13:00:00,user_18,employee,13,0,3,1,0,11,3,81.45,9,0,9,normal,0
2026-07-10 16:00:00,user_16,employee,16,1,3,1,0,9,1,58.77,5,0,6,normal,0
2026-07-16 12:00:00,user_15,employee,12,1,3,1,0,9,6,38.76,8,0,7,normal,0
2026-07-18 04:00:00,user_03,admin,4,9,2,5,1,11,69,1599.34,189,2,93,mixed_anomaly,1
2026-07-10 12:00:00,user_02,admin,12,0,5,1,0,21,1,56.77,20,3,13,normal,0
2026-07-04 16:00:00,user_29,employee,16,1,1,1,0,8,0,12.53,8,0,4,normal,0
2026-07-26 11:00:00,user_14,employee,11,1,1,2,0,7,6,25.77,5,0,4,normal,0
2026-07-20 11:00:00,user_24,employee,11,0,6,1,1,3,5,42.71,6,0,2,normal,0
2026-07-08 11:00:00,user_11,analyst,11,0,1,1,0,12,5,43.64,37,0,9,normal,0
2026-07-20 16:00:00,user_20,employee,16,0,1,1,0,5,1,23.7,7,0,2,normal,0
2026-07-24 17:00:00,user_09,analyst,17,20,1,3,0,12,6,59.43,40,0,12,brute_force,1
2026-07-10 13:00:00,user_03,admin,13,0,2,1,0,9,3,3.07,27,3,7,normal,0
2026-07-25 10:00:00,user_08,analyst,10,0,2,1,0,24,1,39.33,43,0,17,normal,0
2026-07-23 11:00:00,user_22,employee,11,1,1,1,0,7,2,64.4,11,0,5,normal,0
2026-07-08 10:00:00,user_27,employee,10,1,1,1,0,11,5,41.02,8,0,7,normal,0
2026-07-07 11:00:00,user_28,employee,11,0,1,1,0,11,7,25.76,11,0,8,normal,0
2026-07-20 11:00:00,user_19,employee,11,2,1,1,0,6,1,26.0,6,0,3,normal,0
2026-07-25 11:00:00,user_19,employee,11,1,1,1,0,10,4,40.08,4,0,5,normal,0
2026-07-04 14:00:00,user_01,employee,14,1,1,1,0,12,4,29.83,321,20,24,privilege_misuse,1
2026-07-29 14:00:00,user_19,employee,14,11,0,4,1,8,1,25.64,6,0,5,brute_force,1
2026-07-18 15:00:00,user_25,employee,15,1,1,1,0,7,5,18.26,10,0,4,normal,0
2026-07-18 11:00:00,user_25,employee,11,0,1,2,0,11,2,63.76,12,0,6,normal,0
2026-07-10 12:00:00,user_06,analyst,12,1,1,1,0,13,5,24.73,26,0,11,normal,0
2026-07-19 02:00:00,user_16,employee,2,9,2,5,1,10,77,3025.13,150,9,99,mixed_anomaly,1
2026-07-28 02:00:00,user_21,employee,2,3,1,7,1,13,2,16.35,10,0,9,suspicious_login,1
2026-07-07 12:00:00,user_30,employee,12,0,1,1,0,8,3,15.53,8,0,4,normal,0
2026-07-23 20:00:00,user_09,analyst,20,1,2,1,0,12,4,17.74,38,0,7,normal,0
2026-07-01 11:00:00,user_06,analyst,11,0,1,1,0,16,4,49.2,35,0,14,normal,0
2026-07-17 14:00:00,user_19,employee,14,0,1,1,0,8,3,32.64,8,0,4,normal,0
2026-07-17 09:00:00,user_14,employee,9,0,3,1,1,3,4,25.21,7,0,2,normal,0
2026-07-01 15:00:00,user_21,employee,15,1,2,1,0,5,3,5.52,5,0,3,normal,0
2026-07-19 08:00:00,user_27,employee,8,0,1,1,0,5,3,28.92,5,0,4,normal,0
2026-07-25 11:00:00,user_16,employee,11,0,1,1,0,8,3,42.85,11,0,5,normal,0
2026-07-29 10:00:00,user_03,admin,10,0,1,1,0,8,2,19.38,24,2,6,normal,0
2026-07-08 12:00:00,user_16,employee,12,0,2,1,0,7,4,9.98,6,0,4,normal,0
2026-07-27 10:00:00,user_12,analyst,10,1,1,1,0,11,6,29.75,34,0,8,normal,0
2026-07-26 16:00:00,user_14,employee,16,1,3,1,0,0,1,41.24,8,0,1,normal,0
2026-07-22 13:00:00,user_11,analyst,13,0,1,1,0,18,1,20.6,38,0,16,normal,0
2026-07-09 14:00:00,user_11,analyst,14,26,0,1,1,16,3,4.73,34,0,13,brute_force,1
2026-07-11 13:00:00,user_28,employee,13,0,1,2,0,9,3,32.17,9,0,8,normal,0
2026-07-22 14:00:00,user_06,analyst,14,0,3,1,0,13,8,101.71,37,0,12,normal,0
2026-07-19 16:00:00,user_11,analyst,16,0,2,1,0,10,10,22.9,30,0,9,normal,0
2026-07-29 14:00:00,user_14,employee,14,1,2,1,0,9,6,30.12,12,0,7,normal,0
2026-07-26 13:00:00,user_23,employee,13,0,2,1,0,9,7,16.73,4,0,4,normal,0
2026-07-13 16:00:00,user_16,employee,16,0,3,1,0,10,4,62.84,8,0,5,normal,0
2026-07-15 22:00:00,user_10,analyst,22,0,1,1,0,21,5,76.59,36,0,19,normal,0
2026-07-15 10:00:00,user_22,employee,10,0,1,1,0,4,3,4.58,9,0,4,normal,0
2026-07-01 07:00:00,user_13,employee,7,0,1,1,0,10,7,25.49,7,0,4,normal,0
2026-07-01 15:00:00,user_27,employee,15,0,1,1,0,15,2,27.81,6,0,12,normal,0
2026-07-19 17:00:00,user_25,employee,17,0,1,1,0,12,3,9.58,8,0,8,normal,0
2026-07-02 11:00:00,user_18,employee,11,0,2,1,0,10,3,4.82,9,0,6,normal,0
2026-07-27 06:00:00,user_02,admin,6,0,1,1,0,14,3,30.57,25,2,12,normal,0
2026-07-03 16:00:00,user_15,employee,16,1,3,1,0,7,1,43.85,5,0,5,normal,0
2026-07-08 11:00:00,user_03,admin,11,0,2,1,0,14,7,42.23,20,4,13,normal,0
2026-07-19 09:00:00,user_11,analyst,9,0,1,1,1,17,8,88.66,45,0,11,normal,0
2026-07-25 10:00:00,user_09,analyst,10,0,3,1,0,13,2,15.94,34,0,8,normal,0
2026-07-05 14:00:00,user_11,analyst,14,0,1,1,0,21,6,43.33,36,0,14,normal,0
2026-07-15 20:00:00,user_04,admin,20,0,1,1,0,11,3,82.54,26,2,8,normal,0
2026-07-14 09:00:00,user_25,employee,9,0,4,1,0,8,5,7.24,11,0,7,normal,0
2026-07-10 14:00:00,user_13,employee,14,0,1,1,0,4,3,25.07,11,0,4,normal,0
2026-07-15 17:00:00,user_28,employee,17,1,1,1,0,9,4,151.91,8,0,7,normal,0
2026-07-22 12:00:00,user_17,employee,12,0,1,1,0,6,7,18.8,8,0,3,normal,0
2026-07-30 10:00:00,user_27,employee,10,0,3,1,0,11,3,58.93,7,0,7,normal,0
2026-07-28 11:00:00,user_01,admin,11,0,1,1,0,11,3,43.62,32,1,8,normal,0
2026-07-09 11:00:00,user_22,employee,11,0,1,1,0,8,2,65.21,6,0,6,normal,0
2026-07-07 17:00:00,user_28,employee,17,2,1,1,0,6,1,35.56,9,0,4,normal,0
2026-07-29 08:00:00,user_18,employee,8,0,2,1,0,11,2,40.38,3,0,7,normal,0
2026-07-20 06:00:00,user_15,employee,6,1,1,1,0,9,0,56.39,7,0,5,normal,0
2026-07-08 10:00:00,user_14,employee,10,3,2,2,0,11,4,34.68,6,0,6,normal,0
2026-07-11 09:00:00,user_02,admin,9,1,2,1,0,18,4,98.88,37,1,17,normal,0
2026-07-11 14:00:00,user_07,analyst,14,0,1,1,0,17,3,18.54,37,0,14,normal,0
2026-07-08 12:00:00,user_17,employee,12,0,1,1,0,9,3,61.86,7,0,7,normal,0
2026-07-13 09:00:00,user_12,analyst,9,0,1,1,0,14,3,38.73,30,0,11,normal,0
2026-07-01 11:00:00,user_20,employee,11,1,2,1,0,8,4,59.99,10,0,6,normal,0
2026-07-06 10:00:00,user_25,employee,10,0,1,1,0,12,1,39.91,5,0,6,normal,0
2026-07-20 17:00:00,user_16,employee,17,0,1,1,0,8,1,22.88,6,0,5,normal,0
2026-07-21 12:00:00,user_21,employee,12,0,2,2,0,6,1,73.42,12,0,6,normal,0
2026-07-08 15:00:00,user_15,employee,15,0,5,1,0,11,5,74.92,5,0,9,normal,0
2026-07-27 14:00:00,user_25,employee,14,0,1,1,0,11,5,40.66,14,0,7,normal,0
2026-07-26 18:00:00,user_02,admin,18,2,1,1,0,13,4,66.57,20,1,10,normal,0
2026-07-15 08:00:00,user_07,analyst,8,0,2,1,0,17,2,44.14,35,0,13,normal,0
2026-07-25 13:00:00,user_09,analyst,13,0,1,1,0,14,4,49.08,33,0,10,normal,0
2026-07-09 08:00:00,user_18,employee,8,0,1,2,0,7,8,46.47,8,0,5,normal,0
2026-07-24 12:00:00,user_05,analyst,12,1,2,1,0,22,6,44.66,33,0,12,normal,0
2026-07-29 09:00:00,user_30,employee,9,1,1,1,1,5,1,13.42,8,0,4,normal,0
2026-07-03 04:00:00,user_10,analyst,4,4,1,3,1,11,5,95.99,35,0,9,suspicious_login,1
2026-07-30 12:00:00,user_29,employee,12,0,3,1,0,11,2,12.76,7,0,6,normal,0
2026-07-23 09:00:00,user_23,employee,9,1,3,1,0,14,2,35.84,3,0,11,normal,0
2026-07-18 16:00:00,user_16,employee,16,0,1,1,0,10,5,6.37,5,0,6,normal,0
2026-07-15 11:00:00,user_04,admin,11,2,2,1,0,19,1,94.0,32,0,10,normal,0
2026-07-11 14:00:00,user_01,admin,14,1,1,1,0,14,4,32.56,20,6,13,normal,0
2026-07-29 10:00:00,user_21,employee,10,0,1,1,0,8,1,24.33,4,0,7,normal,0
2026-07-15 10:00:00,user_20,employee,10,3,4,1,0,8,7,21.27,4,0,3,normal,0
2026-07-12 09:00:00,user_26,employee,9,0,4,1,0,329,206,6451.08,11,0,66,data_exfiltration,1
2026-07-23 15:00:00,user_23,employee,15,0,1,1,0,15,3,46.88,11,0,10,normal,0
2026-07-29 12:00:00,user_06,analyst,12,0,1,1,0,17,9,38.34,44,0,13,normal,0
2026-07-24 17:00:00,user_10,analyst,17,0,3,2,0,17,5,56.5,38,0,16,normal,0
2026-07-11 11:00:00,user_18,employee,11,0,4,1,0,5,3,70.06,3,0,2,normal,0
2026-07-30 03:00:00,user_01,admin,3,19,1,8,1,7,137,1664.29,188,1,99,mixed_anomaly,1
2026-07-25 09:00:00,user_14,employee,9,1,2,2,0,14,4,28.66,9,0,9,normal,0
2026-07-29 15:00:00,user_03,admin,15,0,2,1,0,12,2,20.17,18,0,9,normal,0
2026-07-28 15:00:00,user_08,analyst,15,2,2,1,0,11,7,122.82,44,0,8,normal,0
2026-07-28 11:00:00,user_27,employee,11,0,2,1,0,11,3,26.05,8,0,5,normal,0
2026-07-22 17:00:00,user_30,employee,17,0,2,1,0,15,0,7.18,8,0,7,normal,0
2026-07-10 09:00:00,user_04,admin,9,0,1,1,0,15,8,42.54,24,2,13,normal,0
2026-07-07 12:00:00,user_15,employee,12,0,1,1,0,10,3,19.05,9,0,5,normal,0
2026-07-22 07:00:00,user_04,admin,7,0,3,1,0,12,2,67.24,33,1,9,normal,0
2026-07-09 17:00:00,user_21,employee,17,1,1,1,0,3,4,45.73,11,0,3,normal,0
2026-07-16 10:00:00,user_27,employee,10,0,1,1,0,10,2,57.44,6,0,6,normal,0
2026-07-19 03:00:00,user_05,analyst,3,3,1,3,1,13,2,102.49,38,0,10,suspicious_login,1
2026-07-07 12:00:00,user_30,employee,12,0,1,1,0,11,7,9.51,10,0,8,normal,0
2026-07-28 11:00:00,user_23,employee,11,0,1,1,0,3,1,16.29,7,0,2,normal,0
2026-07-25 14:00:00,user_10,analyst,14,0,1,1,0,16,3,36.95,38,0,15,normal,0
2026-07-15 07:00:00,user_17,employee,7,1,1,1,0,9,1,20.68,10,0,7,normal,0
2026-07-10 06:00:00,user_23,employee,6,1,1,1,0,18,2,51.97,5,0,13,normal,0
2026-07-29 00:00:00,user_09,analyst,0,3,1,3,1,13,5,38.78,40,0,13,suspicious_login,1
2026-07-20 14:00:00,user_27,employee,14,0,3,1,0,7,2,72.11,9,0,6,normal,0
2026-07-03 16:00:00,user_16,employee,16,0,1,1,0,6,4,146.81,13,0,6,normal,0
2026-07-09 09:00:00,user_16,employee,9,0,1,1,0,9,2,14.88,8,0,4,normal,0
2026-07-21 15:00:00,user_08,analyst,15,0,1,2,0,12,5,35.25,26,0,12,normal,0
2026-07-02 00:00:00,user_15,employee,0,10,2,4,1,6,65,3762.8,499,2,70,mixed_anomaly,1
2026-07-30 02:00:00,user_05,analyst,2,5,3,7,1,14,3,48.32,44,0,9,suspicious_login,1
2026-07-04 10:00:00,user_07,analyst,10,0,2,1,0,9,4,22.09,40,0,10,normal,0
2026-07-13 13:00:00,user_30,employee,13,1,1,1,0,10,3,47.87,7,0,7,normal,0
2026-07-05 14:00:00,user_20,employee,14,0,4,1,0,6,4,59.33,12,0,4,normal,0
2026-07-28 08:00:00,user_17,employee,8,0,1,2,0,12,3,60.17,6,0,9,normal,0
2026-07-07 12:00:00,user_24,employee,12,0,1,2,0,8,0,33.38,12,0,4,normal,0
2026-07-12 10:00:00,user_29,employee,10,0,1,2,0,5,5,26.56,13,0,4,normal,0
2026-07-14 10:00:00,user_05,analyst,10,0,3,1,0,18,3,23.72,42,0,10,normal,0
2026-07-03 14:00:00,user_28,employee,14,0,1,1,0,9,1,26.82,5,0,4,normal,0
2026-07-17 13:00:00,user_03,admin,13,0,3,1,0,13,4,26.25,17,2,10,normal,0
2026-07-07 14:00:00,user_09,analyst,14,0,1,1,1,20,4,47.07,32,0,14,normal,0
2026-07-25 13:00:00,user_25,employee,13,0,1,1,0,10,0,21.67,10,0,9,normal,0
2026-07-05 05:00:00,user_26,employee,5,2,1,3,1,9,2,8.02,6,0,6,suspicious_login,1
2026-07-18 02:00:00,user_11,analyst,2,19,4,6,1,14,58,1747.42,268,2,127,mixed_anomaly,1
2026-07-14 12:00:00,user_09,analyst,12,0,1,1,0,20,5,66.79,35,0,14,normal,0
2026-07-23 13:00:00,user_27,employee,13,21,1,3,1,6,5,40.47,11,0,4,brute_force,1
2026-07-11 16:00:00,user_10,analyst,16,0,2,1,0,13,5,17.43,29,0,10,normal,0
2026-07-02 09:00:00,user_24,employee,9,0,1,2,0,5,2,29.76,10,0,4,normal,0
2026-07-24 06:00:00,user_10,analyst,6,0,1,1,0,19,2,229.32,48,0,12,normal,0
2026-07-11 10:00:00,user_27,employee,10,0,1,1,0,10,4,33.21,8,0,8,normal,0
2026-07-07 09:00:00,user_19,employee,9,0,1,1,1,14,3,47.93,11,0,10,normal,0
2026-07-01 07:00:00,user_19,employee,7,0,1,1,0,8,4,51.41,7,0,6,normal,0
2026-07-18 05:00:00,user_22,employee,5,1,1,4,1,11,0,7.18,7,0,7,suspicious_login,1
2026-07-24 11:00:00,user_28,employee,11,0,1,1,0,6,3,72.76,10,0,3,normal,0
2026-07-15 09:00:00,user_05,analyst,9,0,4,2,0,23,3,62.35,39,0,14,normal,0
2026-07-08 19:00:00,user_15,employee,19,0,1,1,0,5,0,22.76,10,0,5,normal,0
2026-07-10 23:00:00,user_18,employee,23,1,1,5,1,8,1,27.86,6,0,6,suspicious_login,1
2026-07-29 15:00:00,user_12,analyst,15,1,1,1,0,10,6,46.37,29,0,7,normal,0
2026-07-13 11:00:00,user_11,analyst,11,1,1,2,0,16,10,18.86,36,0,13,normal,0
2026-07-15 15:00:00,user_18,employee,15,0,2,1,0,7,3,4.7,8,0,5,normal,0
2026-07-09 10:00:00,user_25,employee,10,1,3,1,0,10,2,21.08,9,0,6,normal,0
2026-07-28 11:00:00,user_18,employee,11,0,1,2,0,7,2,28.04,5,0,3,normal,0
2026-07-12 09:00:00,user_13,employee,9,1,1,1,0,10,4,65.72,9,0,7,normal,0
2026-07-24 10:00:00,user_15,employee,10,0,1,1,0,8,2,17.36,9,0,4,normal,0
2026-07-28 08:00:00,user_30,employee,8,0,2,1,0,11,2,41.09,12,0,9,normal,0
2026-07-23 10:00:00,user_11,analyst,10,0,1,1,0,16,3,69.65,34,0,11,normal,0
2026-07-19 09:00:00,user_28,employee,9,2,2,2,0,410,291,7296.37,12,0,55,data_exfiltration,1
2026-07-22 12:00:00,user_23,employee,12,0,1,1,0,5,5,19.37,6,0,4,normal,0
2026-07-17 14:00:00,user_08,analyst,14,0,2,1,0,16,6,177.7,33,0,14,normal,0
2026-07-22 16:00:00,user_19,employee,16,0,1,1,0,6,1,51.5,12,0,5,normal,0
2026-07-12 13:00:00,user_13,employee,13,0,3,1,0,11,3,24.2,10,0,6,normal,0
2026-07-25 14:00:00,user_08,analyst,14,2,1,1,0,17,5,140.32,29,0,14,normal,0
2026-07-14 12:00:00,user_28,employee,12,0,5,1,0,12,2,22.59,8,0,7,normal,0
2026-07-27 13:00:00,user_25,employee,13,1,1,1,0,13,1,4.71,7,0,9,normal,0
2026-07-23 13:00:00,user_14,employee,13,0,4,1,0,12,1,32.04,7,0,7,normal,0
2026-07-13 11:00:00,user_02,admin,11,1,1,1,0,12,3,89.1,32,1,10,normal,0
2026-07-14 14:00:00,user_11,analyst,14,0,1,1,0,12,5,26.27,34,0,8,normal,0
2026-07-22 00:00:00,user_24,employee,0,3,2,5,1,8,1,104.86,10,0,5,suspicious_login,1
2026-07-26 13:00:00,user_23,employee,13,0,1,2,0,9,4,44.51,3,0,4,normal,0
2026-07-20 13:00:00,user_30,employee,13,0,3,1,0,11,1,46.03,6,0,5,normal,0
2026-07-17 16:00:00,user_26,employee,16,0,2,2,0,13,2,31.14,5,0,10,normal,0
2026-07-07 20:00:00,user_13,employee,20,0,3,1,0,10,4,18.61,9,0,8,normal,0
2026-07-01 12:00:00,user_13,employee,12,1,1,1,0,8,2,9.53,8,0,5,normal,0
2026-07-10 14:00:00,user_22,employee,14,0,2,2,1,12,5,22.62,5,0,10,normal,0
2026-07-03 10:00:00,user_26,employee,10,1,2,1,0,14,1,36.12,11,0,11,normal,0
2026-07-21 16:00:00,user_27,employee,16,0,3,2,0,5,4,23.71,16,0,3,normal,0
2026-07-20 13:00:00,user_21,employee,13,0,3,1,0,8,4,43.14,12,0,7,normal,0
2026-07-19 13:00:00,user_05,analyst,13,0,2,1,0,11,2,167.97,33,0,10,normal,0
2026-07-11 13:00:00,user_16,employee,13,0,1,1,0,9,3,28.77,9,0,5,normal,0
2026-07-02 12:00:00,user_02,admin,12,1,4,2,0,11,1,9.72,23,2,9,normal,0
2026-07-17 18:00:00,user_05,analyst,18,0,1,1,0,16,4,43.78,28,0,13,normal,0
2026-07-08 12:00:00,user_17,employee,12,1,1,1,0,8,2,11.85,9,0,5,normal,0
2026-07-22 06:00:00,user_19,employee,6,0,1,1,0,10,3,22.47,10,0,8,normal,0
2026-07-27 12:00:00,user_11,analyst,12,0,1,1,0,15,4,16.27,36,0,15,normal,0
2026-07-08 10:00:00,user_28,employee,10,1,1,1,0,7,1,44.43,6,0,5,normal,0
2026-07-20 16:00:00,user_04,admin,16,2,1,1,0,11,4,46.73,24,1,8,normal,0
2026-07-18 09:00:00,user_28,employee,9,0,1,1,0,9,5,0.64,6,0,5,normal,0
2026-07-23 15:00:00,user_28,employee,15,0,3,1,0,5,4,49.61,7,0,3,normal,0
2026-07-20 18:00:00,user_15,employee,18,0,1,1,0,9,5,18.22,5,0,5,normal,0
2026-07-03 12:00:00,user_04,admin,12,0,1,1,0,13,2,16.49,18,1,11,normal,0
2026-07-19 16:00:00,user_17,employee,16,1,1,1,0,3,6,74.72,6,0,3,normal,0
2026-07-27 16:00:00,user_30,employee,16,1,1,1,0,7,5,47.33,7,0,5,normal,0
2026-07-17 12:00:00,user_15,employee,12,1,3,1,0,7,4,19.68,5,0,4,normal,0
2026-07-02 11:00:00,user_01,admin,11,0,1,1,0,7,2,57.26,24,2,5,normal,0
2026-07-08 18:00:00,user_24,employee,18,0,4,1,0,6,7,6.34,7,0,5,normal,0
2026-07-10 08:00:00,user_05,analyst,8,0,1,1,0,11,10,65.63,46,0,11,normal,0
2026-07-04 09:00:00,user_14,employee,9,2,2,1,0,6,2,22.83,5,0,5,normal,0
2026-07-25 15:00:00,user_28,employee,15,1,1,1,0,9,3,6.39,13,0,8,normal,0
2026-07-18 12:00:00,user_21,employee,12,0,1,1,0,6,2,45.48,6,0,5,normal,0
2026-07-03 16:00:00,user_05,analyst,16,2,2,1,1,16,3,26.92,25,0,11,normal,0
2026-07-03 15:00:00,user_03,admin,15,0,1,1,0,10,5,60.28,22,1,9,normal,0
2026-07-04 15:00:00,user_16,employee,15,0,1,1,0,13,3,9.52,8,0,5,normal,0
2026-07-16 10:00:00,user_26,employee,10,1,2,1,0,7,1,18.24,83,7,42,privilege_misuse,1
2026-07-17 12:00:00,user_11,analyst,12,0,1,1,0,18,6,83.98,40,0,12,normal,0
2026-07-22 11:00:00,user_20,employee,11,0,3,1,0,10,6,20.37,6,0,7,normal,0
2026-07-18 18:00:00,user_23,employee,18,0,1,1,0,5,2,15.21,9,0,4,normal,0
2026-07-23 09:00:00,user_13,employee,9,0,2,1,0,11,2,26.79,13,0,9,normal,0
2026-07-20 17:00:00,user_21,employee,17,19,0,2,0,11,4,26.72,8,0,7,brute_force,1
2026-07-15 15:00:00,user_28,employee,15,0,1,1,0,10,4,41.65,8,0,9,normal,0
2026-07-23 18:00:00,user_11,analyst,18,0,1,1,0,18,5,32.67,37,0,11,normal,0
2026-07-19 12:00:00,user_28,employee,12,0,2,1,0,10,4,3.19,6,0,4,normal,0
2026-07-12 11:00:00,user_22,employee,11,1,3,1,0,12,1,41.73,2,0,9,normal,0
2026-07-03 10:00:00,user_28,employee,10,0,1,2,0,13,0,23.66,10,0,9,normal,0
2026-07-21 14:00:00,user_18,employee,14,0,2,1,0,1,2,34.55,7,0,1,normal,0
2026-07-26 06:00:00,user_13,employee,6,1,1,1,0,10,5,23.35,13,0,8,normal,0
2026-07-20 05:00:00,user_11,analyst,5,4,3,6,1,13,3,55.08,25,0,12,suspicious_login,1
2026-07-15 11:00:00,user_28,employee,11,2,2,1,0,3,3,49.47,11,0,2,normal,0
2026-07-13 11:00:00,user_18,employee,11,0,1,2,0,10,4,16.2,7,0,6,normal,0
2026-07-17 01:00:00,user_02,admin,1,9,1,9,1,15,118,4001.58,154,4,58,mixed_anomaly,1
2026-07-05 15:00:00,user_03,admin,15,0,3,1,0,13,2,93.18,21,2,7,normal,0
2026-07-27 14:00:00,user_08,analyst,14,0,1,1,0,10,3,70.04,37,0,10,normal,0
2026-07-29 11:00:00,user_21,employee,11,0,1,2,1,8,0,49.3,108,24,27,privilege_misuse,1
2026-07-06 09:00:00,user_08,analyst,9,0,3,1,0,12,3,66.32,42,0,11,normal,0
2026-07-24 11:00:00,user_24,employee,11,0,1,1,0,7,3,23.75,6,0,5,normal,0
2026-07-26 18:00:00,user_03,admin,18,1,3,1,0,16,4,16.5,14,1,13,normal,0
2026-07-14 11:00:00,user_14,employee,11,0,1,1,0,10,2,29.1,2,0,7,normal,0
2026-07-19 15:00:00,user_04,admin,15,0,2,1,0,11,2,20.92,20,1,6,normal,0
2026-07-13 13:00:00,user_25,employee,13,0,1,1,0,7,2,1.92,5,0,5,normal,0
2026-07-30 08:00:00,user_21,employee,8,0,1,1,0,8,4,22.61,8,0,7,normal,0
2026-07-29 14:00:00,user_23,employee,14,12,1,3,0,7,5,28.22,5,0,3,brute_force,1
2026-07-28 13:00:00,user_15,employee,13,0,3,1,0,9,2,35.35,7,0,7,normal,0
2026-07-20 12:00:00,user_06,analyst,12,0,2,1,0,13,1,60.35,32,0,12,normal,0
2026-07-09 18:00:00,user_23,employee,18,0,1,1,0,14,1,78.86,11,0,9,normal,0
2026-07-30 13:00:00,user_10,analyst,13,1,1,2,0,12,4,103.0,35,0,10,normal,0
2026-07-30 12:00:00,user_29,employee,12,1,3,1,0,12,6,57.9,17,0,10,normal,0
2026-07-23 12:00:00,user_01,admin,12,1,1,1,0,9,2,22.15,13,2,7,normal,0
2026-07-15 20:00:00,user_02,employee,20,0,2,1,0,11,5,45.83,107,19,55,privilege_misuse,1
2026-07-25 15:00:00,user_26,employee,15,0,1,1,0,9,1,56.39,8,0,5,normal,0
2026-07-11 12:00:00,user_02,admin,12,1,2,1,0,14,5,27.51,22,3,8,normal,0
2026-07-26 12:00:00,user_10,analyst,12,0,2,1,0,13,5,147.24,31,0,7,normal,0
2026-07-21 14:00:00,user_12,analyst,14,0,2,1,0,19,5,105.6,41,0,14,normal,0
2026-07-09 02:00:00,user_12,analyst,2,4,1,5,1,12,4,63.1,43,0,11,suspicious_login,1
2026-07-11 08:00:00,user_05,analyst,8,1,1,1,0,17,4,33.58,34,0,15,normal,0
2026-07-27 02:00:00,user_08,analyst,2,14,2,5,1,17,90,2259.44,194,2,50,mixed_anomaly,1
2026-07-08 03:00:00,user_14,employee,3,6,3,9,1,8,163,2296.98,234,8,82,mixed_anomaly,1
2026-07-28 10:00:00,user_22,employee,10,0,1,2,0,9,4,63.56,11,0,7,normal,0
2026-07-19 16:00:00,user_26,employee,16,0,1,1,0,10,4,95.75,9,0,6,normal,0
2026-07-16 10:00:00,user_06,analyst,10,0,1,1,0,19,4,66.82,32,0,16,normal,0
2026-07-03 11:00:00,user_06,analyst,11,0,2,1,0,14,5,6.1,42,0,8,normal,0
2026-07-13 15:00:00,user_06,analyst,15,1,4,1,0,13,7,52.49,29,0,12,normal,0
2026-07-21 13:00:00,user_03,admin,13,0,3,1,1,10,6,14.38,28,2,8,normal,0
2026-07-21 12:00:00,user_20,employee,12,0,1,1,0,8,2,20.54,13,0,5,normal,0
2026-07-06 10:00:00,user_28,employee,10,0,1,1,0,9,1,17.44,8,0,7,normal,0
2026-07-08 18:00:00,user_13,employee,18,1,3,1,0,6,4,67.51,7,0,4,normal,0
2026-07-16 07:00:00,user_20,employee,7,0,1,1,0,6,4,20.96,6,0,5,normal,0
2026-07-05 15:00:00,user_22,employee,15,0,2,1,0,9,4,0.91,11,0,7,normal,0
2026-07-19 11:00:00,user_08,analyst,11,2,1,1,0,13,4,54.75,41,0,13,normal,0
2026-07-24 10:00:00,user_16,employee,10,0,3,1,0,6,4,15.48,7,0,3,normal,0
2026-07-16 01:00:00,user_30,employee,1,14,2,9,1,10,80,5196.29,287,5,93,mixed_anomaly,1
2026-07-13 14:00:00,user_05,analyst,14,0,3,2,0,13,4,47.58,32,0,9,normal,0
2026-07-20 10:00:00,user_08,analyst,10,0,1,1,0,13,7,29.83,27,0,7,normal,0
2026-07-19 15:00:00,user_15,employee,15,1,3,1,0,11,2,18.2,8,0,9,normal,0
2026-07-14 11:00:00,user_21,employee,11,1,1,1,0,8,3,100.35,8,0,7,normal,0
2026-07-06 15:00:00,user_09,analyst,15,0,1,1,0,17,11,10.43,27,0,9,normal,0
2026-07-23 12:00:00,user_15,employee,12,0,3,1,0,8,0,41.8,6,0,6,normal,0
2026-07-25 18:00:00,user_09,analyst,18,28,0,1,1,12,4,26.78,34,0,11,brute_force,1
2026-07-04 14:00:00,user_29,employee,14,0,1,1,0,6,4,67.47,8,0,3,normal,0
2026-07-03 10:00:00,user_26,employee,10,0,2,1,0,5,5,21.33,15,0,5,normal,0
2026-07-13 09:00:00,user_15,employee,9,1,1,1,0,7,4,65.1,5,0,5,normal,0
2026-07-28 12:00:00,user_29,employee,12,0,1,1,0,4,7,13.29,9,0,2,normal,0
2026-07-12 13:00:00,user_10,analyst,13,1,1,1,0,13,3,3.48,30,0,10,normal,0
2026-07-22 02:00:00,user_22,employee,2,18,1,7,1,7,85,5561.63,259,10,117,mixed_anomaly,1
2026-07-01 12:00:00,user_06,analyst,12,1,4,1,0,19,8,10.21,29,0,10,normal,0
2026-07-16 00:00:00,user_03,admin,0,3,3,8,1,4,5,55.65,24,1,4,suspicious_login,1
2026-07-12 07:00:00,user_12,analyst,7,1,1,1,0,21,4,27.29,42,0,13,normal,0
2026-07-11 15:00:00,user_19,employee,15,1,2,1,0,7,5,31.1,159,7,56,privilege_misuse,1
2026-07-22 12:00:00,user_21,employee,12,0,3,1,0,8,3,66.2,4,0,5,normal,0
2026-07-28 20:00:00,user_14,employee,20,0,1,1,0,15,3,43.74,8,0,8,normal,0
2026-07-15 12:00:00,user_23,employee,12,0,3,1,0,6,0,46.02,13,0,5,normal,0
2026-07-25 13:00:00,user_09,analyst,13,2,1,1,0,23,2,76.67,37,0,20,normal,0
2026-07-06 10:00:00,user_15,employee,10,0,1,1,0,7,2,24.55,11,0,6,normal,0
2026-07-06 13:00:00,user_28,employee,13,0,1,1,0,10,4,9.25,7,0,4,normal,0
2026-07-14 08:00:00,user_10,analyst,8,0,1,1,0,13,5,114.59,38,0,10,normal,0
2026-07-28 11:00:00,user_07,analyst,11,0,1,1,0,16,8,135.2,34,0,10,normal,0
2026-07-24 15:00:00,user_13,employee,15,0,1,1,0,7,4,107.45,9,0,4,normal,0
2026-07-06 09:00:00,user_28,employee,9,0,1,1,0,3,2,13.93,9,0,2,normal,0
2026-07-13 18:00:00,user_16,employee,18,0,1,1,0,5,5,47.26,11,0,4,normal,0
2026-07-20 12:00:00,user_04,admin,12,2,3,2,0,12,1,16.65,26,4,7,normal,0
2026-07-21 21:00:00,user_08,analyst,21,0,3,2,0,16,1,42.58,38,0,14,normal,0
2026-07-26 13:00:00,user_13,employee,13,0,1,1,0,7,1,2.07,8,0,4,normal,0
2026-07-20 13:00:00,user_19,employee,13,0,2,1,0,7,2,29.69,8,0,4,normal,0
2026-07-27 03:00:00,user_12,analyst,3,17,1,5,1,25,150,2601.27,333,5,120,mixed_anomaly,1
2026-07-10 13:00:00,user_10,analyst,13,0,1,1,0,13,6,98.89,43,0,12,normal,0
2026-07-03 12:00:00,user_23,employee,12,1,1,1,1,9,2,23.07,5,0,5,normal,0
2026-07-24 14:00:00,user_10,analyst,14,0,1,1,0,11,3,100.51,26,0,7,normal,0
2026-07-03 09:00:00,user_01,admin,9,0,1,1,0,11,4,25.54,28,0,9,normal,0
2026-07-18 15:00:00,user_27,employee,15,1,3,1,0,7,0,31.72,13,0,4,normal,0
2026-07-26 00:00:00,user_22,employee,0,1,3,6,1,7,5,46.37,14,0,5,suspicious_login,1
2026-07-29 09:00:00,user_09,analyst,9,0,1,1,0,15,4,72.03,28,0,10,normal,0
2026-07-15 10:00:00,user_01,admin,10,0,2,1,0,8,2,39.99,32,1,9,normal,0
2026-07-11 12:00:00,user_19,employee,12,29,0,4,1,10,4,103.18,9,0,4,brute_force,1
2026-07-21 11:00:00,user_30,employee,11,0,2,1,0,5,3,27.43,3,0,3,normal,0
2026-07-22 14:00:00,user_20,employee,14,2,4,2,0,9,0,10.81,5,0,7,normal,0
2026-07-11 12:00:00,user_24,employee,12,0,1,1,0,5,2,18.99,8,0,4,normal,0
2026-07-21 15:00:00,user_16,employee,15,0,1,1,1,12,1,66.4,8,0,9,normal,0
2026-07-04 13:00:00,user_27,employee,13,0,1,1,0,9,2,32.01,4,0,7,normal,0
2026-07-12 13:00:00,user_29,employee,13,2,4,2,0,5,4,18.26,8,0,4,normal,0
2026-07-26 11:00:00,user_29,employee,11,1,1,2,0,6,3,45.78,6,0,4,normal,0
2026-07-25 15:00:00,user_10,analyst,15,0,3,1,0,18,3,26.82,48,0,18,normal,0
2026-07-26 16:00:00,user_25,employee,16,1,1,1,0,3,3,134.86,6,0,3,normal,0
2026-07-17 06:00:00,user_26,employee,6,0,1,1,0,7,4,24.57,3,0,3,normal,0
2026-07-03 11:00:00,user_08,analyst,11,0,1,1,0,12,7,112.8,29,0,9,normal,0
2026-07-27 13:00:00,user_20,employee,13,0,2,1,0,6,2,25.71,11,0,4,normal,0
2026-07-23 12:00:00,user_26,employee,12,0,1,2,0,6,3,21.06,10,0,5,normal,0
2026-07-18 09:00:00,user_12,analyst,9,0,1,1,0,13,8,9.68,33,0,13,normal,0
2026-07-24 11:00:00,user_08,analyst,11,0,1,1,0,12,7,91.32,44,0,12,normal,0
2026-07-19 15:00:00,user_21,employee,15,0,1,1,0,6,3,31.6,6,0,3,normal,0
2026-07-15 11:00:00,user_07,analyst,11,0,1,2,0,11,4,51.2,28,0,11,normal,0
2026-07-16 17:00:00,user_20,employee,17,0,1,2,0,11,3,65.89,7,0,7,normal,0
2026-07-22 11:00:00,user_09,analyst,11,0,1,1,0,16,3,27.18,34,0,12,normal,0
2026-07-30 10:00:00,user_22,employee,10,0,2,1,0,4,2,33.41,6,0,3,normal,0
2026-07-23 12:00:00,user_25,employee,12,0,2,1,0,7,2,31.14,9,0,5,normal,0
2026-07-30 12:00:00,user_24,employee,12,0,1,1,0,11,5,76.48,4,0,9,normal,0
2026-07-02 10:00:00,user_25,employee,10,1,3,1,0,5,4,27.13,8,0,2,normal,0
2026-07-08 06:00:00,user_22,employee,6,0,1,1,0,8,1,21.14,8,0,5,normal,0
2026-07-21 12:00:00,user_22,employee,12,1,2,1,1,8,3,65.5,4,0,6,normal,0
2026-07-07 11:00:00,user_27,employee,11,1,3,1,0,5,2,9.09,7,0,4,normal,0
2026-07-28 11:00:00,user_05,analyst,11,0,4,1,0,21,5,8.85,33,0,19,normal,0
2026-07-25 07:00:00,user_21,employee,7,0,1,2,0,9,1,15.65,9,0,6,normal,0
2026-07-17 13:00:00,user_04,admin,13,0,4,1,0,15,5,19.85,19,1,9,normal,0
2026-07-10 10:00:00,user_29,employee,10,0,2,1,0,10,4,14.38,10,0,7,normal,0
2026-07-27 15:00:00,user_21,employee,15,0,1,1,0,6,5,120.18,7,0,4,normal,0
2026-07-02 15:00:00,user_21,employee,15,0,3,1,0,2,2,46.26,7,0,2,normal,0
2026-07-08 06:00:00,user_02,admin,6,0,5,1,0,10,4,56.6,19,2,9,normal,0
2026-07-18 13:00:00,user_10,analyst,13,1,1,1,0,14,7,9.48,35,0,12,normal,0
2026-07-20 12:00:00,user_26,employee,12,2,1,2,0,4,2,62.99,9,0,2,normal,0
2026-07-09 15:00:00,user_15,employee,15,0,1,2,0,5,1,94.0,7,0,4,normal,0
2026-07-19 14:00:00,user_02,admin,14,0,1,1,0,9,1,8.78,27,0,9,normal,0
2026-07-02 13:00:00,user_19,employee,13,1,1,1,0,4,3,42.03,11,0,3,normal,0
2026-07-08 14:00:00,user_12,analyst,14,0,3,1,0,18,3,57.57,39,0,10,normal,0
2026-07-13 10:00:00,user_24,employee,10,0,1,1,0,6,4,2.6,5,0,4,normal,0
2026-07-07 11:00:00,user_05,analyst,11,0,2,1,0,16,7,46.69,40,0,10,normal,0
2026-07-24 10:00:00,user_03,admin,10,0,1,1,0,13,3,93.81,20,0,10,normal,0
2026-07-14 15:00:00,user_30,employee,15,2,4,1,0,11,4,48.69,2,0,6,normal,0
2026-07-10 15:00:00,user_10,analyst,15,1,3,1,0,24,3,26.11,32,0,12,normal,0
2026-07-11 12:00:00,user_11,analyst,12,0,1,1,0,16,7,85.09,39,0,11,normal,0
2026-07-12 14:00:00,user_24,employee,14,0,1,1,0,10,3,32.17,8,0,5,normal,0
2026-07-14 09:00:00,user_14,employee,9,0,1,1,0,11,9,34.32,5,0,6,normal,0
2026-07-15 13:00:00,user_06,analyst,13,0,4,1,0,305,108,1736.76,36,0,85,data_exfiltration,1
2026-07-29 12:00:00,user_05,analyst,12,0,1,1,0,15,4,37.99,36,0,12,normal,0
2026-07-16 13:00:00,user_26,employee,13,0,2,1,0,8,2,25.36,10,0,7,normal,0
2026-07-25 09:00:00,user_18,employee,9,1,1,1,0,9,2,7.53,8,0,5,normal,0
2026-07-22 10:00:00,user_29,employee,10,0,1,1,0,9,5,39.22,124,19,88,privilege_misuse,1
2026-07-25 09:00:00,user_17,employee,9,1,2,1,0,11,6,4.98,5,0,8,normal,0
2026-07-23 14:00:00,user_17,employee,14,2,2,2,0,8,5,142.88,6,0,5,normal,0
2026-07-05 12:00:00,user_30,employee,12,0,2,1,0,8,0,38.64,9,0,6,normal,0
2026-07-11 12:00:00,user_09,analyst,12,0,3,1,0,16,3,25.42,40,0,10,normal,0
2026-07-05 13:00:00,user_27,employee,13,0,1,1,0,10,4,38.09,5,0,7,normal,0
2026-07-12 13:00:00,user_06,analyst,13,0,1,1,0,11,7,20.33,170,17,89,privilege_misuse,1
2026-07-11 08:00:00,user_30,employee,8,0,2,1,0,5,2,28.65,10,0,5,normal,0
2026-07-23 12:00:00,user_27,employee,12,0,1,1,0,6,2,56.93,5,0,5,normal,0
2026-07-22 13:00:00,user_16,employee,13,2,1,1,0,7,4,22.69,9,0,5,normal,0
2026-07-27 19:00:00,user_26,employee,19,1,1,1,0,5,4,7.19,10,0,5,normal,0
2026-07-23 18:00:00,user_10,analyst,18,0,1,1,0,11,6,18.84,22,0,10,normal,0
2026-07-12 11:00:00,user_24,employee,11,0,1,1,0,3,6,43.34,10,0,3,normal,0
2026-07-20 15:00:00,user_28,employee,15,1,1,1,0,6,0,18.34,9,0,5,normal,0
2026-07-26 15:00:00,user_11,analyst,15,0,1,1,0,11,5,19.38,33,0,10,normal,0
2026-07-05 17:00:00,user_26,employee,17,0,1,1,0,10,7,26.94,8,0,6,normal,0
2026-07-06 16:00:00,user_04,admin,16,1,1,1,1,15,6,51.46,19,4,12,normal,0
2026-07-09 16:00:00,user_15,employee,16,0,3,1,0,2,3,32.63,7,0,2,normal,0
2026-07-15 06:00:00,user_03,admin,6,1,1,1,0,12,4,31.28,23,3,6,normal,0
2026-07-01 16:00:00,user_05,analyst,16,0,1,1,0,20,2,51.48,30,0,14,normal,0
2026-07-10 08:00:00,user_25,employee,8,1,1,1,1,7,2,25.61,5,0,4,normal,0
2026-07-30 12:00:00,user_08,analyst,12,1,2,1,0,16,8,47.39,37,0,11,normal,0
2026-07-21 13:00:00,user_28,employee,13,0,1,1,0,14,1,13.05,7,0,7,normal,0
2026-07-03 17:00:00,user_22,employee,17,0,1,1,0,9,1,38.99,11,0,6,normal,0
2026-07-27 12:00:00,user_24,employee,12,0,3,1,0,8,2,58.08,5,0,4,normal,0
2026-07-01 14:00:00,user_22,employee,14,0,2,1,0,7,2,27.91,9,0,6,normal,0
2026-07-12 09:00:00,user_13,employee,9,0,2,1,0,12,4,84.05,6,0,9,normal,0
2026-07-20 11:00:00,user_28,employee,11,0,1,1,1,8,4,44.86,10,0,5,normal,0
2026-07-22 16:00:00,user_26,employee,16,1,1,1,0,7,8,31.48,8,0,4,normal,0
2026-07-22 07:00:00,user_18,employee,7,0,1,1,0,6,4,31.08,4,0,3,normal,0
2026-07-20 15:00:00,user_12,analyst,15,1,1,1,1,14,4,98.47,22,0,10,normal,0
2026-07-22 14:00:00,user_03,admin,14,0,1,1,0,16,3,18.93,29,3,8,normal,0
2026-07-16 13:00:00,user_26,employee,13,0,2,2,0,7,2,24.16,10,0,6,normal,0
2026-07-19 11:00:00,user_13,employee,11,0,1,2,0,8,3,12.16,13,0,5,normal,0
2026-07-01 14:00:00,user_01,admin,14,0,1,1,0,9,3,27.25,29,4,8,normal,0
2026-07-21 14:00:00,user_09,analyst,14,0,3,1,0,9,8,110.66,38,0,9,normal,0
2026-07-16 14:00:00,user_18,employee,14,0,1,1,0,9,2,77.72,7,0,4,normal,0
2026-07-25 10:00:00,user_04,admin,10,1,1,1,0,10,5,121.47,24,4,6,normal,0
2026-07-16 14:00:00,user_15,employee,14,0,3,1,0,10,0,45.99,7,0,6,normal,0
2026-07-18 14:00:00,user_12,analyst,14,0,1,1,0,12,1,21.54,40,0,12,normal,0
2026-07-22 12:00:00,user_22,employee,12,0,1,1,0,13,2,36.13,5,0,5,normal,0
2026-07-16 09:00:00,user_24,employee,9,1,1,1,0,10,3,46.82,6,0,7,normal,0
2026-07-11 16:00:00,user_22,employee,16,0,2,2,0,6,4,46.17,12,0,5,normal,0
2026-07-01 16:00:00,user_09,analyst,16,0,2,1,0,9,6,86.06,32,0,9,normal,0
2026-07-03 18:00:00,user_19,employee,18,0,1,1,0,7,3,8.12,6,0,4,normal,0
2026-07-30 10:00:00,user_13,employee,10,0,1,1,0,14,2,50.43,6,0,9,normal,0
2026-07-07 15:00:00,user_27,employee,15,0,1,1,0,10,1,17.92,181,7,34,privilege_misuse,1
2026-07-09 15:00:00,user_04,admin,15,1,1,1,1,18,7,75.09,30,2,14,normal,0
2026-07-10 13:00:00,user_22,employee,13,1,1,1,0,8,6,2.18,12,0,5,normal,0
2026-07-15 12:00:00,user_08,analyst,12,2,2,1,0,17,2,34.47,30,0,10,normal,0
2026-07-12 15:00:00,user_16,employee,15,1,1,1,1,7,3,32.38,8,0,6,normal,0
2026-07-29 12:00:00,user_01,admin,12,1,2,1,0,15,4,52.25,28,2,9,normal,0
2026-07-03 19:00:00,user_20,employee,19,0,2,1,1,10,3,15.18,7,0,6,normal,0
2026-07-04 14:00:00,user_29,employee,14,0,4,2,0,8,2,3.89,14,0,7,normal,0
2026-07-15 11:00:00,user_18,employee,11,1,1,1,0,6,4,37.72,6,0,3,normal,0
2026-07-01 13:00:00,user_11,analyst,13,0,1,1,0,14,4,31.86,31,0,9,normal,0
2026-07-04 13:00:00,user_30,employee,13,1,2,1,0,9,4,40.13,7,0,4,normal,0
2026-07-26 15:00:00,user_20,employee,15,1,1,1,0,256,319,3340.15,4,0,201,data_exfiltration,1
2026-07-14 12:00:00,user_21,employee,12,0,1,2,0,13,3,45.72,12,0,8,normal,0
2026-07-08 13:00:00,user_03,admin,13,0,1,1,0,10,4,28.87,19,2,8,normal,0
2026-07-24 17:00:00,user_21,employee,17,1,1,1,1,14,2,8.79,12,0,7,normal,0
2026-07-08 11:00:00,user_27,employee,11,1,1,1,0,6,5,26.85,4,0,3,normal,0
2026-07-01 13:00:00,user_15,employee,13,0,4,1,0,7,2,35.7,6,0,4,normal,0
2026-07-28 06:00:00,user_30,employee,6,0,2,1,0,11,2,50.51,8,0,8,normal,0
2026-07-03 11:00:00,user_23,employee,11,3,1,1,0,12,2,38.18,126,24,66,privilege_misuse,1
2026-07-16 10:00:00,user_21,employee,10,0,1,1,0,5,4,36.76,9,0,4,normal,0
2026-07-21 10:00:00,user_14,employee,10,1,1,1,0,7,2,21.53,11,0,4,normal,0
2026-07-26 09:00:00,user_04,admin,9,0,4,1,0,9,5,20.88,23,2,6,normal,0
2026-07-26 06:00:00,user_05,analyst,6,0,1,2,0,15,1,75.64,33,0,13,normal,0
2026-07-18 12:00:00,user_02,admin,12,0,1,1,0,16,10,48.15,25,2,11,normal,0
2026-07-12 15:00:00,user_02,admin,15,0,1,1,0,11,4,26.6,28,3,10,normal,0
2026-07-03 13:00:00,user_10,analyst,13,0,1,1,0,13,8,31.07,31,0,7,normal,0
2026-07-19 16:00:00,user_16,employee,16,0,4,1,0,8,0,26.98,11,0,4,normal,0
2026-07-16 10:00:00,user_04,admin,10,0,3,1,0,12,3,8.71,24,3,10,normal,0
2026-07-07 12:00:00,user_04,admin,12,0,1,1,0,15,4,15.47,23,2,10,normal,0
2026-07-15 01:00:00,user_08,analyst,1,10,1,7,1,17,63,5739.93,159,8,99,mixed_anomaly,1
2026-07-19 19:00:00,user_05,analyst,19,0,1,1,0,16,4,115.62,29,0,9,normal,0
2026-07-14 17:00:00,user_13,employee,17,0,2,1,0,7,4,43.55,10,0,5,normal,0
2026-07-11 09:00:00,user_15,employee,9,0,3,1,0,2,2,14.12,164,21,60,privilege_misuse,1
2026-07-08 07:00:00,user_22,employee,7,0,1,1,0,3,1,43.2,13,0,3,normal,0
2026-07-30 03:00:00,user_24,employee,3,19,1,4,1,7,113,1063.96,272,11,87,mixed_anomaly,1
2026-07-16 17:00:00,user_14,employee,17,1,2,1,0,9,3,13.93,10,0,6,normal,0
2026-07-05 14:00:00,user_19,employee,14,0,2,1,0,10,3,13.31,5,0,7,normal,0
2026-07-08 14:00:00,user_24,employee,14,0,3,1,0,4,4,16.02,7,0,4,normal,0
2026-07-11 17:00:00,user_24,employee,17,0,2,1,0,7,3,23.94,10,0,4,normal,0
2026-07-30 11:00:00,user_05,analyst,11,0,2,1,0,10,5,44.14,36,0,10,normal,0
2026-07-29 02:00:00,user_29,employee,2,4,1,6,1,4,4,21.42,6,0,3,suspicious_login,1
2026-07-25 10:00:00,user_21,employee,10,0,1,1,0,10,3,24.47,7,0,6,normal,0
2026-07-30 17:00:00,user_04,admin,17,0,3,1,0,22,6,25.46,23,3,10,normal,0
2026-07-04 12:00:00,user_27,employee,12,0,1,1,0,6,1,28.95,12,0,4,normal,0
2026-07-14 11:00:00,user_16,employee,11,0,1,1,0,10,7,69.88,7,0,8,normal,0
2026-07-02 12:00:00,user_20,employee,12,0,1,1,0,8,4,41.15,5,0,4,normal,0
2026-07-03 11:00:00,user_14,employee,11,0,2,1,0,6,4,33.12,8,0,5,normal,0
2026-07-11 12:00:00,user_09,analyst,12,0,2,1,0,14,2,84.52,35,0,12,normal,0
2026-07-28 10:00:00,user_02,admin,10,0,1,2,0,13,0,19.34,27,2,11,normal,0
2026-07-13 11:00:00,user_23,employee,11,0,2,1,0,10,2,41.81,6,0,6,normal,0
2026-07-22 11:00:00,user_12,analyst,11,0,1,1,0,14,0,66.19,29,0,13,normal,0
2026-07-02 04:00:00,user_07,analyst,4,1,3,6,1,10,6,27.66,34,0,6,suspicious_login,1
2026-07-12 08:00:00,user_15,employee,8,0,2,1,0,13,3,24.79,6,0,7,normal,0
2026-07-23 07:00:00,user_08,analyst,7,0,1,1,0,15,4,28.31,27,0,9,normal,0
2026-07-20 11:00:00,user_28,employee,11,0,1,1,0,4,1,14.01,11,0,2,normal,0
2026-07-16 13:00:00,user_12,analyst,13,1,1,1,0,13,5,42.85,42,0,9,normal,0
2026-07-30 10:00:00,user_04,admin,10,0,2,1,0,10,3,22.63,26,3,6,normal,0
2026-07-22 19:00:00,user_22,employee,19,0,3,1,0,8,1,25.93,8,0,5,normal,0
2026-07-13 07:00:00,user_12,analyst,7,0,1,1,0,16,5,46.39,28,0,13,normal,0
2026-07-04 14:00:00,user_18,employee,14,0,2,1,0,8,4,46.64,8,0,4,normal,0
2026-07-14 09:00:00,user_29,employee,9,0,3,1,0,8,1,108.77,2,0,6,normal,0
2026-07-10 14:00:00,user_21,employee,14,2,1,1,0,11,0,48.04,124,10,81,privilege_misuse,1
2026-07-11 17:00:00,user_02,admin,17,0,1,1,0,14,7,53.1,25,4,9,normal,0
2026-07-16 18:00:00,user_13,employee,18,0,1,1,0,8,3,11.59,11,0,5,normal,0
2026-07-30 10:00:00,user_09,analyst,10,1,1,1,0,17,4,79.34,28,0,10,normal,0
2026-07-08 12:00:00,user_07,analyst,12,0,3,1,0,9,4,4.73,25,0,5,normal,0
2026-07-06 14:00:00,user_04,admin,14,0,2,1,0,16,4,54.99,29,3,10,normal,0
2026-07-23 14:00:00,user_28,employee,14,0,2,1,0,5,5,58.45,15,0,4,normal,0
2026-07-01 12:00:00,user_27,employee,12,0,1,1,0,8,4,8.66,7,0,7,normal,0
2026-07-20 09:00:00,user_15,employee,9,0,2,1,0,8,1,47.02,12,0,7,normal,0
2026-07-24 09:00:00,user_03,admin,9,1,1,2,0,15,5,82.82,19,3,11,normal,0
2026-07-11 15:00:00,user_22,employee,15,0,3,1,0,6,0,63.62,8,0,3,normal,0
2026-07-23 12:00:00,user_07,analyst,12,0,1,2,0,10,0,66.1,26,0,10,normal,0
2026-07-23 11:00:00,user_21,employee,11,0,3,1,0,7,3,74.18,14,0,4,normal,0
2026-07-15 08:00:00,user_21,employee,8,0,1,1,0,7,1,56.47,13,0,4,normal,0
2026-07-16 16:00:00,user_20,employee,16,0,1,1,0,13,5,26.75,8,0,7,normal,0
2026-07-18 13:00:00,user_01,admin,13,0,1,1,0,11,4,45.98,31,3,7,normal,0
2026-07-22 11:00:00,user_02,admin,11,1,2,1,0,9,3,54.4,28,1,6,normal,0
2026-07-24 07:00:00,user_26,employee,7,1,1,1,0,7,6,23.45,8,0,5,normal,0
2026-07-18 11:00:00,user_11,analyst,11,1,1,2,0,19,8,137.37,35,0,15,normal,0
2026-07-13 12:00:00,user_08,analyst,12,0,2,1,0,17,6,88.94,32,0,15,normal,0
2026-07-11 09:00:00,user_05,analyst,9,1,2,1,0,13,6,6.17,33,0,12,normal,0
2026-07-12 08:00:00,user_26,employee,8,0,2,1,0,13,3,19.55,10,0,11,normal,0
2026-07-19 11:00:00,user_19,employee,11,0,1,1,0,6,0,21.46,8,0,4,normal,0
2026-07-25 09:00:00,user_07,analyst,9,0,1,1,0,26,4,75.36,29,0,22,normal,0
2026-07-05 13:00:00,user_03,admin,13,0,1,1,0,14,3,35.25,35,2,13,normal,0
2026-07-25 12:00:00,user_27,employee,12,0,1,1,0,3,3,38.71,9,0,3,normal,0
2026-07-21 09:00:00,user_25,employee,9,0,5,1,0,3,4,72.74,8,0,3,normal,0
2026-07-01 12:00:00,user_18,employee,12,0,1,1,0,9,4,25.37,9,0,7,normal,0
2026-07-12 13:00:00,user_07,analyst,13,1,2,1,0,11,4,63.11,34,0,10,normal,0
2026-07-16 14:00:00,user_19,employee,14,1,1,1,0,7,2,55.15,2,0,3,normal,0
2026-07-14 11:00:00,user_07,analyst,11,0,1,1,0,14,8,30.93,46,0,12,normal,0
2026-07-13 12:00:00,user_27,employee,12,0,2,1,0,6,3,54.53,6,0,3,normal,0
2026-07-05 18:00:00,user_28,employee,18,0,2,1,0,193,209,5755.74,11,0,142,data_exfiltration,1
2026-07-17 13:00:00,user_11,analyst,13,0,1,1,0,13,5,62.42,44,0,13,normal,0
2026-07-20 12:00:00,user_25,employee,12,1,3,1,0,331,160,4247.47,4,0,160,data_exfiltration,1
2026-07-19 12:00:00,user_26,employee,12,1,1,2,0,6,3,26.77,4,0,3,normal,0
2026-07-06 00:00:00,user_29,employee,0,13,1,6,1,8,66,3783.35,394,5,112,mixed_anomaly,1
2026-07-09 12:00:00,user_01,admin,12,0,1,1,0,13,6,22.71,17,4,9,normal,0
2026-07-01 16:00:00,user_09,analyst,16,0,2,1,0,335,264,2680.03,40,0,136,data_exfiltration,1
2026-07-23 10:00:00,user_05,analyst,10,1,1,2,0,3,14,14.63,39,0,4,normal,0
2026-07-25 08:00:00,user_18,employee,8,0,1,1,0,11,1,23.14,12,0,5,normal,0
2026-07-10 08:00:00,user_09,analyst,8,0,1,1,0,13,2,47.79,39,0,12,normal,0
2026-07-25 14:00:00,user_26,employee,14,0,1,1,1,6,3,10.19,5,0,5,normal,0
2026-07-24 12:00:00,user_06,analyst,12,12,1,4,1,10,6,80.85,37,0,10,brute_force,1
2026-07-06 17:00:00,user_22,employee,17,0,4,1,0,8,7,28.51,5,0,4,normal,0
2026-07-13 15:00:00,user_28,employee,15,0,2,1,0,8,2,32.87,7,0,6,normal,0
2026-07-19 12:00:00,user_01,admin,12,0,1,1,0,13,6,58.38,22,3,12,normal,0
2026-07-24 13:00:00,user_05,analyst,13,0,4,1,0,17,5,25.08,34,0,13,normal,0
2026-07-23 11:00:00,user_01,admin,11,0,2,2,0,14,2,21.45,20,2,7,normal,0
2026-07-06 16:00:00,user_12,analyst,16,1,1,1,0,13,8,35.81,48,0,13,normal,0
2026-07-05 16:00:00,user_26,employee,16,0,3,1,0,8,2,14.4,9,0,5,normal,0
2026-07-13 10:00:00,user_26,employee,10,0,1,1,0,7,2,26.01,7,0,4,normal,0
2026-07-15 13:00:00,user_08,analyst,13,0,1,1,0,17,5,46.49,36,0,11,normal,0
2026-07-09 10:00:00,user_19,employee,10,0,1,1,0,12,3,57.8,9,0,8,normal,0
2026-07-13 14:00:00,user_11,analyst,14,0,1,1,0,14,7,56.38,38,0,10,normal,0
2026-07-08 13:00:00,user_01,admin,13,1,1,1,0,15,6,5.76,30,2,12,normal,0
2026-07-11 14:00:00,user_06,analyst,14,1,4,1,0,15,8,57.73,28,0,13,normal,0
2026-07-09 14:00:00,user_09,analyst,14,8,1,3,0,10,5,44.22,36,0,7,brute_force,1
2026-07-17 12:00:00,user_05,analyst,12,0,2,1,0,20,6,64.38,29,0,17,normal,0
2026-07-23 02:00:00,user_24,employee,2,2,1,7,1,7,6,37.62,6,0,4,suspicious_login,1
2026-07-27 14:00:00,user_17,employee,14,0,1,1,0,8,1,99.78,4,0,5,normal,0
2026-07-03 17:00:00,user_04,admin,17,0,3,1,1,12,6,48.21,25,3,7,normal,0
2026-07-26 17:00:00,user_24,employee,17,0,2,1,0,7,2,21.85,11,0,6,normal,0
2026-07-30 13:00:00,user_03,admin,13,1,1,1,1,11,5,29.77,20,0,9,normal,0
2026-07-13 12:00:00,user_16,employee,12,0,2,1,0,10,1,23.66,12,0,7,normal,0
2026-07-16 15:00:00,user_15,employee,15,0,1,1,0,6,4,45.71,306,23,24,privilege_misuse,1
2026-07-24 04:00:00,user_17,employee,4,7,2,9,1,2,135,1109.91,177,10,135,mixed_anomaly,1
2026-07-24 01:00:00,user_04,admin,1,4,2,6,1,11,9,56.47,25,1,10,suspicious_login,1
2026-07-04 18:00:00,user_17,employee,18,0,3,2,0,5,5,133.95,8,0,3,normal,0
2026-07-29 01:00:00,user_08,analyst,1,6,2,5,1,13,54,3666.68,401,2,122,mixed_anomaly,1
2026-07-11 10:00:00,user_02,admin,10,1,1,1,0,14,6,66.15,35,1,11,normal,0
2026-07-25 09:00:00,user_24,employee,9,0,1,1,0,9,4,32.78,13,0,7,normal,0
2026-07-09 14:00:00,user_26,employee,14,0,1,1,0,12,2,38.95,4,0,5,normal,0
2026-07-19 13:00:00,user_30,employee,13,0,2,1,0,5,1,14.5,8,0,4,normal,0
2026-07-06 13:00:00,user_28,employee,13,1,2,1,0,9,4,36.95,6,0,6,normal,0
2026-07-24 09:00:00,user_22,employee,9,0,2,1,0,12,4,38.63,8,0,9,normal,0
2026-07-29 16:00:00,user_17,employee,16,1,1,1,0,3,2,21.61,7,0,3,normal,0
2026-07-09 10:00:00,user_10,analyst,10,0,1,1,0,14,6,41.45,36,0,13,normal,0
2026-07-26 09:00:00,user_15,employee,9,0,3,1,0,7,5,24.23,7,0,5,normal,0
2026-07-22 13:00:00,user_21,employee,13,1,1,1,0,4,4,11.04,9,0,4,normal,0
2026-07-08 11:00:00,user_01,admin,11,1,1,1,0,9,4,24.46,24,3,8,normal,0
2026-07-24 05:00:00,user_02,admin,5,5,1,4,1,12,1,91.48,31,2,10,suspicious_login,1
2026-07-12 14:00:00,user_28,employee,14,0,1,2,0,10,1,50.4,9,0,5,normal,0
2026-07-23 07:00:00,user_13,employee,7,1,1,1,0,12,0,7.38,11,0,10,normal,0
2026-07-18 15:00:00,user_14,employee,15,2,1,1,0,9,1,8.84,7,0,4,normal,0
2026-07-04 18:00:00,user_22,employee,18,10,0,3,1,12,3,28.83,11,0,9,brute_force,1
2026-07-02 08:00:00,user_16,employee,8,1,1,1,0,7,3,47.55,7,0,6,normal,0
2026-07-12 06:00:00,user_23,employee,6,0,1,1,0,5,1,63.27,7,0,3,normal,0
2026-07-05 16:00:00,user_30,employee,16,1,1,1,0,5,2,55.8,8,0,3,normal,0
2026-07-12 14:00:00,user_15,employee,14,0,1,2,0,11,3,29.46,9,0,7,normal,0
2026-07-06 08:00:00,user_03,admin,8,0,1,1,0,17,7,18.87,21,1,13,normal,0
2026-07-04 08:00:00,user_29,employee,8,0,1,1,0,14,4,23.55,4,0,6,normal,0
2026-07-17 12:00:00,user_03,admin,12,1,2,1,0,16,6,74.51,27,1,14,normal,0
2026-07-07 07:00:00,user_11,analyst,7,0,1,2,0,13,6,41.67,28,0,9,normal,0
2026-07-18 13:00:00,user_20,employee,13,0,1,1,0,5,6,108.92,7,0,3,normal,0
2026-07-16 06:00:00,user_05,analyst,6,0,3,1,0,14,3,33.67,28,0,11,normal,0
2026-07-01 15:00:00,user_03,admin,15,1,1,1,0,15,6,60.54,28,2,9,normal,0
2026-07-01 15:00:00,user_05,analyst,15,0,2,1,0,17,7,124.59,28,0,13,normal,0
2026-07-25 09:00:00,user_09,analyst,9,0,1,1,0,15,6,119.3,36,0,9,normal,0
2026-07-23 10:00:00,user_20,employee,10,0,1,1,0,10,3,37.22,3,0,6,normal,0
2026-07-01 10:00:00,user_21,employee,10,0,4,1,0,4,2,54.22,8,0,3,normal,0
2026-07-19 04:00:00,user_19,employee,4,14,1,6,1,11,105,1129.53,441,7,92,mixed_anomaly,1
2026-07-20 11:00:00,user_23,employee,11,0,2,1,0,9,6,13.31,8,0,5,normal,0
2026-07-12 14:00:00,user_11,analyst,14,0,1,1,0,16,1,66.2,38,0,13,normal,0
2026-07-21 12:00:00,user_13,employee,12,0,1,1,0,7,4,1.13,4,0,4,normal,0
2026-07-11 13:00:00,user_20,employee,13,0,1,1,0,7,5,11.12,13,0,6,normal,0
2026-07-28 16:00:00,user_17,employee,16,2,2,1,0,11,4,23.85,296,10,81,privilege_misuse,1
2026-07-01 15:00:00,user_15,employee,15,0,1,1,0,8,3,37.02,6,0,7,normal,0
2026-07-30 10:00:00,user_17,employee,10,0,1,2,0,9,5,45.84,7,0,5,normal,0
2026-07-20 13:00:00,user_20,employee,13,0,1,2,0,10,5,34.05,5,0,7,normal,0
2026-07-30 18:00:00,user_14,employee,18,11,1,2,0,10,2,14.63,7,0,7,brute_force,1
2026-07-28 13:00:00,user_26,employee,13,0,1,1,0,4,4,12.8,9,0,4,normal,0
2026-07-24 16:00:00,user_23,employee,16,1,2,1,0,3,2,53.42,7,0,2,normal,0
2026-07-06 15:00:00,user_04,admin,15,0,1,1,0,8,4,34.93,21,3,6,normal,0
2026-07-01 13:00:00,user_28,employee,13,0,1,1,0,4,5,72.11,9,0,3,normal,0
2026-07-25 12:00:00,user_21,employee,12,1,2,1,0,8,1,65.7,12,0,5,normal,0
2026-07-24 11:00:00,user_21,employee,11,0,1,1,1,6,2,4.92,8,0,5,normal,0
2026-07-05 00:00:00,user_29,employee,0,17,1,9,1,8,86,1196.11,380,8,95,mixed_anomaly,1
2026-07-27 11:00:00,user_24,employee,11,0,1,2,0,7,3,6.42,6,0,3,normal,0
2026-07-21 16:00:00,user_28,employee,16,0,1,1,0,5,1,22.23,5,0,3,normal,0
2026-07-04 16:00:00,user_07,analyst,16,0,1,1,0,17,8,49.9,34,0,10,normal,0
2026-07-22 18:00:00,user_14,employee,18,1,1,1,0,7,3,15.59,10,0,4,normal,0
2026-07-21 11:00:00,user_15,employee,11,1,3,2,0,5,0,54.92,9,0,4,normal,0
2026-07-05 08:00:00,user_29,employee,8,1,3,1,0,6,2,26.5,8,0,3,normal,0
2026-07-16 09:00:00,user_08,analyst,9,0,2,1,0,12,4,45.27,40,0,9,normal,0
2026-07-03 08:00:00,user_14,employee,8,0,1,1,0,6,3,35.14,2,0,3,normal,0
2026-07-11 17:00:00,user_11,analyst,17,0,2,1,0,12,6,35.59,34,0,10,normal,0
2026-07-23 12:00:00,user_27,employee,12,0,1,1,0,14,7,11.64,8,0,7,normal,0
2026-07-30 12:00:00,user_15,employee,12,2,1,1,0,9,3,15.3,5,0,6,normal,0
2026-07-22 14:00:00,user_13,employee,14,0,1,2,0,11,2,32.21,8,0,7,normal,0
2026-07-29 17:00:00,user_14,employee,17,0,2,1,0,6,6,29.22,12,0,4,normal,0
2026-07-28 12:00:00,user_24,employee,12,0,1,1,0,9,3,91.09,8,0,6,normal,0
2026-07-06 16:00:00,user_04,admin,16,0,3,2,0,10,6,59.38,25,5,7,normal,0
2026-07-12 07:00:00,user_11,analyst,7,1,1,1,0,15,7,72.9,38,0,13,normal,0
2026-07-17 14:00:00,user_14,employee,14,0,2,1,0,7,3,49.7,6,0,5,normal,0
2026-07-05 09:00:00,user_11,analyst,9,0,3,2,0,12,7,87.1,35,0,10,normal,0
2026-07-05 09:00:00,user_22,employee,9,0,2,1,0,8,6,9.51,6,0,4,normal,0
2026-07-20 09:00:00,user_09,analyst,9,1,1,1,0,24,2,43.54,43,0,22,normal,0
2026-07-22 13:00:00,user_12,analyst,13,0,1,1,1,11,5,63.32,32,0,10,normal,0
2026-07-21 10:00:00,user_05,analyst,10,0,1,1,0,23,4,36.44,31,0,11,normal,0
2026-07-09 17:00:00,user_22,employee,17,0,1,1,0,9,3,64.99,11,0,8,normal,0
2026-07-11 09:00:00,user_30,employee,9,0,2,2,0,6,4,30.95,9,0,5,normal,0
2026-07-28 11:00:00,user_16,employee,11,0,1,1,0,9,0,37.13,7,0,6,normal,0
2026-07-22 12:00:00,user_03,admin,12,22,0,2,1,17,4,14.07,26,3,15,brute_force,1
2026-07-30 11:00:00,user_27,employee,11,0,1,1,1,5,2,58.99,4,0,4,normal,0
2026-07-09 13:00:00,user_03,admin,13,0,2,1,0,10,4,34.87,25,4,10,normal,0
2026-07-20 13:00:00,user_03,admin,13,1,2,1,0,10,5,27.89,27,1,6,normal,0
2026-07-17 14:00:00,user_14,employee,14,24,0,1,0,11,3,11.64,11,0,7,brute_force,1
2026-07-07 16:00:00,user_24,employee,16,0,1,1,1,10,4,109.4,12,0,6,normal,0
2026-07-14 12:00:00,user_24,employee,12,1,1,1,0,9,3,36.01,7,0,4,normal,0
2026-07-15 18:00:00,user_12,analyst,18,1,1,1,0,14,5,12.9,35,0,10,normal,0
2026-07-03 13:00:00,user_26,employee,13,0,5,1,0,9,2,41.69,8,0,7,normal,0
2026-07-18 08:00:00,user_05,analyst,8,0,1,2,0,18,6,19.63,32,0,17,normal,0
2026-07-07 15:00:00,user_18,employee,15,23,1,3,1,10,5,44.46,6,0,6,brute_force,1
2026-07-13 15:00:00,user_19,employee,15,0,1,1,0,6,3,45.4,7,0,4,normal,0
2026-07-13 06:00:00,user_18,employee,6,0,4,2,0,8,4,17.2,13,0,5,normal,0
2026-07-04 13:00:00,user_18,employee,13,0,1,1,0,7,3,40.12,8,0,3,normal,0
2026-07-21 11:00:00,user_11,analyst,11,0,1,1,0,13,5,31.02,31,0,10,normal,0
2026-07-28 14:00:00,user_22,employee,14,12,1,3,0,7,3,24.64,12,0,4,brute_force,1
2026-07-20 11:00:00,user_14,employee,11,2,1,1,0,8,4,68.7,8,0,7,normal,0
2026-07-19 10:00:00,user_12,analyst,10,0,3,1,0,9,7,51.5,40,0,9,normal,0
2026-07-20 10:00:00,user_28,employee,10,1,1,1,0,9,2,47.4,7,0,4,normal,0
2026-07-20 10:00:00,user_22,employee,10,0,2,1,0,8,4,39.3,7,0,5,normal,0
2026-07-10 12:00:00,user_25,employee,12,0,1,1,0,8,5,53.74,5,0,4,normal,0
2026-07-21 10:00:00,user_14,employee,10,1,1,1,0,10,2,23.45,5,0,7,normal,0
2026-07-05 11:00:00,user_28,employee,11,0,3,1,0,2,2,87.62,4,0,2,normal,0
2026-07-19 10:00:00,user_30,employee,10,1,2,1,0,4,4,33.32,9,0,3,normal,0
2026-07-07 12:00:00,user_24,employee,12,0,3,1,0,5,3,27.13,10,0,4,normal,0
2026-07-20 12:00:00,user_02,employee,12,0,1,1,0,11,2,33.6,333,21,21,privilege_misuse,1
2026-07-20 11:00:00,user_20,employee,11,0,1,1,0,7,1,35.08,8,0,6,normal,0
2026-07-05 13:00:00,user_10,analyst,13,0,1,1,0,23,8,29.92,35,0,12,normal,0
2026-07-30 16:00:00,user_12,analyst,16,17,1,2,1,16,6,132.17,35,0,14,brute_force,1
2026-07-26 17:00:00,user_19,employee,17,0,1,1,0,8,8,4.09,8,0,6,normal,0
2026-07-08 06:00:00,user_17,employee,6,0,3,2,0,6,3,51.42,7,0,4,normal,0
2026-07-26 09:00:00,user_07,analyst,9,0,1,1,0,11,4,27.98,35,0,10,normal,0
2026-07-29 15:00:00,user_05,analyst,15,0,1,1,0,19,7,57.72,39,0,16,normal,0
2026-07-23 17:00:00,user_22,employee,17,0,1,1,0,9,3,40.4,8,0,4,normal,0
2026-07-20 11:00:00,user_16,employee,11,0,1,1,0,213,292,7113.82,6,0,85,data_exfiltration,1
2026-07-28 12:00:00,user_28,employee,12,0,1,1,0,9,2,18.13,11,0,7,normal,0
2026-07-07 12:00:00,user_04,admin,12,0,2,1,0,8,6,21.59,20,1,7,normal,0
2026-07-09 15:00:00,user_12,analyst,15,0,1,1,0,19,2,42.64,39,0,10,normal,0
2026-07-10 11:00:00,user_28,employee,11,0,1,1,0,6,1,69.31,3,0,4,normal,0
2026-07-23 12:00:00,user_18,employee,12,0,4,1,0,12,1,7.98,7,0,9,normal,0
2026-07-03 17:00:00,user_12,analyst,17,0,1,1,0,12,2,100.03,33,0,10,normal,0
2026-07-11 17:00:00,user_04,admin,17,0,2,1,0,14,2,88.9,27,4,10,normal,0
2026-07-01 16:00:00,user_25,employee,16,1,1,1,0,9,5,22.53,10,0,5,normal,0
2026-07-13 15:00:00,user_09,analyst,15,0,2,2,0,11,1,83.06,34,0,8,normal,0
2026-07-15 11:00:00,user_19,employee,11,1,1,2,0,8,4,46.34,9,0,7,normal,0
2026-07-26 23:00:00,user_08,analyst,23,5,2,6,1,15,4,24.2,36,0,12,suspicious_login,1
2026-07-25 15:00:00,user_28,employee,15,0,5,1,0,6,1,24.2,16,0,5,normal,0
2026-07-17 12:00:00,user_18,employee,12,1,1,1,0,10,5,73.91,4,0,5,normal,0
2026-07-30 10:00:00,user_25,employee,10,0,2,1,0,11,1,13.68,8,0,4,normal,0
2026-07-23 06:00:00,user_27,employee,6,0,1,1,0,6,1,40.43,13,0,5,normal,0
2026-07-13 13:00:00,user_20,employee,13,0,1,1,0,9,5,3.45,3,0,5,normal,0
2026-07-18 11:00:00,user_20,employee,11,0,3,1,0,5,1,104.66,8,0,2,normal,0
2026-07-27 20:00:00,user_22,employee,20,0,5,1,0,9,3,26.71,8,0,8,normal,0
2026-07-01 14:00:00,user_21,employee,14,0,6,2,0,8,0,14.55,9,0,5,normal,0
2026-07-15 16:00:00,user_18,employee,16,0,5,1,0,13,4,68.13,6,0,9,normal,0
2026-07-02 06:00:00,user_01,admin,6,0,1,1,0,14,1,59.76,17,2,7,normal,0
2026-07-16 14:00:00,user_20,employee,14,2,1,1,0,8,6,33.54,5,0,6,normal,0
2026-07-12 09:00:00,user_30,employee,9,2,1,1,0,4,6,23.43,6,0,3,normal,0
2026-07-26 17:00:00,user_22,employee,17,0,1,1,0,13,3,47.82,9,0,6,normal,0
2026-07-02 14:00:00,user_27,employee,14,0,2,1,0,10,3,6.47,4,0,4,normal,0
2026-07-13 07:00:00,user_23,employee,7,0,1,1,0,9,1,100.22,6,0,5,normal,0
2026-07-26 08:00:00,user_09,analyst,8,0,1,1,0,15,6,16.23,36,0,8,normal,0
2026-07-30 12:00:00,user_01,admin,12,0,2,1,0,11,3,53.02,22,1,10,normal,0
2026-07-03 17:00:00,user_06,analyst,17,0,2,1,0,12,7,73.03,29,0,11,normal,0
2026-07-18 07:00:00,user_09,analyst,7,0,1,2,0,15,2,39.59,34,0,10,normal,0
2026-07-12 08:00:00,user_23,employee,8,0,1,1,0,7,5,68.84,7,0,4,normal,0
2026-07-14 09:00:00,user_25,employee,9,0,1,1,0,7,2,58.83,7,0,4,normal,0
2026-07-07 17:00:00,user_10,analyst,17,0,1,1,1,14,7,41.56,38,0,13,normal,0
2026-07-01 10:00:00,user_30,employee,10,1,1,1,0,10,4,5.12,9,0,7,normal,0
2026-07-18 13:00:00,user_11,analyst,13,0,1,1,0,16,9,50.83,38,0,11,normal,0
2026-07-28 14:00:00,user_12,analyst,14,2,1,1,0,16,5,44.11,26,0,8,normal,0
2026-07-16 13:00:00,user_01,admin,13,0,2,1,0,11,4,80.05,23,1,7,normal,0
2026-07-04 11:00:00,user_06,analyst,11,0,3,1,0,13,8,69.18,46,0,13,normal,0
2026-07-07 07:00:00,user_28,employee,7,0,1,1,0,11,2,43.0,4,0,6,normal,0
2026-07-25 11:00:00,user_05,analyst,11,0,1,1,0,15,7,123.32,35,0,11,normal,0
2026-07-01 14:00:00,user_19,employee,14,1,1,1,0,5,2,41.73,8,0,4,normal,0
2026-07-25 15:00:00,user_22,employee,15,0,7,1,0,11,1,49.1,13,0,7,normal,0
2026-07-08 11:00:00,user_13,employee,11,1,1,1,0,8,3,26.5,9,0,4,normal,0
2026-07-14 14:00:00,user_03,admin,14,0,1,1,0,11,7,72.09,24,2,10,normal,0
2026-07-18 15:00:00,user_05,analyst,15,0,1,1,0,15,5,47.47,32,0,13,normal,0
2026-07-30 17:00:00,user_24,employee,17,0,3,1,0,12,3,21.51,10,0,7,normal,0
2026-07-13 16:00:00,user_21,employee,16,1,2,1,0,9,2,7.26,10,0,6,normal,0
2026-07-09 12:00:00,user_01,admin,12,3,1,1,0,13,5,77.47,29,6,10,normal,0
2026-07-30 16:00:00,user_03,admin,16,0,1,1,0,16,3,76.69,21,3,8,normal,0
2026-07-07 12:00:00,user_24,employee,12,1,1,1,1,4,1,29.82,10,0,4,normal,0
2026-07-10 14:00:00,user_17,employee,14,1,1,1,0,6,2,41.51,11,0,4,normal,0
2026-07-06 11:00:00,user_07,analyst,11,0,1,1,0,16,3,48.01,32,0,14,normal,0
2026-07-11 17:00:00,user_13,employee,17,0,3,1,0,8,3,33.13,8,0,5,normal,0
2026-07-08 11:00:00,user_14,employee,11,0,1,2,0,7,3,7.9,5,0,5,normal,0
2026-07-11 08:00:00,user_15,employee,8,0,1,1,0,7,2,35.39,11,0,5,normal,0
2026-07-18 10:00:00,user_11,analyst,10,0,1,1,0,17,6,19.46,34,0,16,normal,0
2026-07-15 12:00:00,user_06,analyst,12,0,2,1,0,16,7,20.29,36,0,10,normal,0
2026-07-13 07:00:00,user_12,analyst,7,0,1,1,0,10,1,44.77,22,0,8,normal,0
2026-07-09 07:00:00,user_10,analyst,7,0,3,1,0,16,8,43.59,29,0,8,normal,0
2026-07-08 12:00:00,user_24,employee,12,0,3,2,0,8,1,40.84,10,0,7,normal,0
2026-07-07 13:00:00,user_11,analyst,13,1,1,1,0,19,1,48.53,35,0,17,normal,0
2026-07-02 11:00:00,user_25,employee,11,1,1,1,0,6,1,15.12,5,0,5,normal,0
2026-07-16 11:00:00,user_19,employee,11,0,1,2,0,7,1,19.9,6,0,4,normal,0
2026-07-26 07:00:00,user_20,employee,7,1,1,1,0,9,1,22.28,9,0,8,normal,0
2026-07-18 08:00:00,user_03,admin,8,0,1,1,0,13,1,32.64,24,2,12,normal,0
2026-07-07 17:00:00,user_29,employee,17,1,3,1,0,4,3,47.62,2,0,3,normal,0
2026-07-17 10:00:00,user_02,admin,10,2,1,1,0,14,4,14.49,23,1,11,normal,0
2026-07-12 15:00:00,user_05,analyst,15,1,1,1,0,11,2,121.36,36,0,8,normal,0
2026-07-17 13:00:00,user_06,analyst,13,1,4,1,0,12,8,81.5,35,0,12,normal,0
2026-07-16 15:00:00,user_25,employee,15,1,1,1,0,6,4,24.7,5,0,5,normal,0
2026-07-23 18:00:00,user_20,employee,18,0,1,1,0,12,5,22.64,9,0,10,normal,0
2026-07-25 13:00:00,user_02,admin,13,24,0,2,1,10,2,30.02,20,4,6,brute_force,1
2026-07-02 21:00:00,user_09,analyst,21,0,1,1,0,15,4,101.0,38,0,12,normal,0
2026-07-24 15:00:00,user_15,employee,15,0,1,1,1,10,2,45.63,12,0,5,normal,0
2026-07-06 13:00:00,user_22,employee,13,1,1,2,0,6,2,110.83,9,0,5,normal,0
2026-07-19 02:00:00,user_14,employee,2,5,4,8,1,5,4,35.4,7,0,4,suspicious_login,1
2026-07-02 12:00:00,user_20,employee,12,2,3,1,0,7,3,68.47,7,0,5,normal,0
2026-07-13 12:00:00,user_15,employee,12,0,2,1,0,7,3,16.11,11,0,6,normal,0
2026-07-21 10:00:00,user_14,employee,10,0,2,1,0,12,5,47.89,6,0,6,normal,0
2026-07-30 12:00:00,user_09,analyst,12,0,3,1,0,23,2,199.73,35,0,14,normal,0
2026-07-17 10:00:00,user_07,analyst,10,0,1,1,0,14,4,29.52,39,0,8,normal,0
2026-07-28 13:00:00,user_25,employee,13,1,3,1,0,9,3,20.17,7,0,6,normal,0
2026-07-04 11:00:00,user_17,employee,11,1,2,1,0,6,7,17.96,5,0,4,normal,0
2026-07-14 16:00:00,user_04,admin,16,0,1,1,0,13,4,35.45,25,2,10,normal,0
2026-07-15 11:00:00,user_12,analyst,11,0,2,2,0,13,3,23.16,32,0,13,normal,0
2026-07-03 11:00:00,user_14,employee,11,2,2,1,0,7,2,22.34,6,0,5,normal,0
2026-07-07 13:00:00,user_04,admin,13,0,1,1,0,11,2,38.45,13,0,6,normal,0
2026-07-03 15:00:00,user_10,analyst,15,0,2,1,0,10,6,51.26,37,0,9,normal,0
2026-07-28 11:00:00,user_22,employee,11,0,2,1,0,7,2,24.96,5,0,5,normal,0
2026-07-17 14:00:00,user_22,employee,14,0,1,1,0,11,5,74.63,10,0,9,normal,0
2026-07-26 09:00:00,user_19,employee,9,0,3,1,1,8,4,23.22,6,0,4,normal,0
2026-07-10 14:00:00,user_16,employee,14,0,1,1,0,12,3,12.01,9,0,9,normal,0
2026-07-07 13:00:00,user_17,employee,13,0,1,2,0,3,3,34.24,6,0,2,normal,0
2026-07-29 12:00:00,user_22,employee,12,0,2,1,0,8,2,53.36,4,0,6,normal,0
2026-07-14 12:00:00,user_10,analyst,12,0,1,1,0,9,6,102.87,39,0,7,normal,0
2026-07-27 11:00:00,user_02,admin,11,0,1,1,0,9,5,13.06,17,0,6,normal,0
2026-07-08 18:00:00,user_08,analyst,18,0,2,1,0,7,6,57.22,37,0,6,normal,0
2026-07-04 15:00:00,user_13,employee,15,2,2,1,0,4,2,17.57,11,0,3,normal,0
2026-07-23 18:00:00,user_20,employee,18,1,2,1,0,7,0,52.22,5,0,5,normal,0
2026-07-18 14:00:00,user_02,admin,14,0,3,1,0,9,1,15.7,30,0,6,normal,0
2026-07-02 14:00:00,user_01,admin,14,0,2,1,0,17,3,43.16,34,2,9,normal,0
2026-07-20 13:00:00,user_07,analyst,13,0,1,1,0,17,6,39.79,49,0,10,normal,0
2026-07-21 10:00:00,user_10,analyst,10,0,2,2,0,14,10,71.71,44,0,11,normal,0
2026-07-02 12:00:00,user_07,analyst,12,1,1,1,0,10,4,140.87,36,0,10,normal,0
2026-07-27 14:00:00,user_25,employee,14,0,1,1,0,9,3,17.91,10,0,7,normal,0
2026-07-14 09:00:00,user_05,analyst,9,1,1,2,0,15,6,33.18,26,0,12,normal,0
2026-07-02 10:00:00,user_25,employee,10,1,1,1,0,7,2,83.75,179,9,32,privilege_misuse,1
2026-07-18 14:00:00,user_10,analyst,14,0,3,1,1,16,7,76.89,37,0,14,normal,0
2026-07-05 16:00:00,user_11,analyst,16,29,1,1,0,9,6,7.56,34,0,8,brute_force,1
2026-07-08 16:00:00,user_01,admin,16,0,1,1,0,9,4,42.51,29,1,7,normal,0
2026-07-03 12:00:00,user_16,employee,12,1,1,1,0,7,2,29.43,4,0,3,normal,0
2026-07-22 13:00:00,user_24,employee,13,0,4,1,0,6,3,28.3,10,0,4,normal,0
2026-07-27 10:00:00,user_14,employee,10,0,1,1,0,5,0,32.48,10,0,3,normal,0
2026-07-16 16:00:00,user_06,analyst,16,0,1,1,0,17,1,23.07,25,0,15,normal,0
2026-07-18 18:00:00,user_05,analyst,18,1,1,1,0,14,6,84.23,36,0,12,normal,0
2026-07-20 09:00:00,user_13,employee,9,0,2,1,0,7,2,7.78,8,0,5,normal,0
2026-07-06 13:00:00,user_18,employee,13,0,1,1,0,11,3,70.13,9,0,7,normal,0
2026-07-13 13:00:00,user_23,employee,13,0,2,1,0,10,2,27.93,8,0,7,normal,0
2026-07-03 11:00:00,user_08,analyst,11,0,2,1,0,22,2,35.94,34,0,20,normal,0
2026-07-16 13:00:00,user_17,employee,13,0,1,1,0,9,1,33.02,13,0,8,normal,0
2026-07-25 12:00:00,user_18,employee,12,0,1,1,0,8,4,41.01,228,7,80,privilege_misuse,1
2026-07-02 13:00:00,user_03,admin,13,1,3,2,0,18,5,58.02,24,1,10,normal,0
2026-07-09 16:00:00,user_13,employee,16,1,3,2,0,4,1,83.26,12,0,4,normal,0
2026-07-29 11:00:00,user_28,employee,11,1,1,1,0,10,4,28.97,11,0,6,normal,0
2026-07-29 15:00:00,user_24,employee,15,0,1,1,0,8,8,22.91,7,0,4,normal,0
2026-07-20 18:00:00,user_02,admin,18,0,1,2,0,13,3,104.79,22,1,12,normal,0
2026-07-13 16:00:00,user_14,employee,16,2,1,1,0,3,6,2.7,11,0,2,normal,0
2026-07-16 10:00:00,user_01,admin,10,1,2,1,0,13,3,82.36,30,1,10,normal,0
2026-07-23 12:00:00,user_15,employee,12,0,3,1,0,6,2,38.89,12,0,5,normal,0
2026-07-30 12:00:00,user_30,employee,12,0,1,1,0,2,3,57.29,10,0,2,normal,0
2026-07-13 12:00:00,user_03,admin,12,0,2,1,0,15,6,10.89,21,5,8,normal,0
2026-07-05 14:00:00,user_28,employee,14,0,3,1,0,6,4,7.33,10,0,5,normal,0
2026-07-11 08:00:00,user_11,analyst,8,0,3,2,0,10,4,79.28,36,0,8,normal,0
2026-07-28 12:00:00,user_19,employee,12,0,3,1,0,5,3,8.03,6,0,4,normal,0
2026-07-05 01:00:00,user_14,employee,1,6,3,8,1,8,132,3226.0,252,10,152,mixed_anomaly,1
2026-07-13 08:00:00,user_13,employee,8,0,2,1,0,13,4,11.84,7,0,9,normal,0
2026-07-12 12:00:00,user_23,employee,12,0,1,1,0,9,1,37.27,3,0,4,normal,0
2026-07-17 14:00:00,user_21,employee,14,0,2,1,0,10,5,36.24,7,0,7,normal,0
2026-07-01 17:00:00,user_14,employee,17,0,2,1,0,6,4,23.12,6,0,3,normal,0
2026-07-17 14:00:00,user_10,analyst,14,0,2,1,0,16,2,85.66,35,0,15,normal,0
2026-07-17 11:00:00,user_04,admin,11,0,1,1,0,10,0,98.08,23,4,6,normal,0
2026-07-06 12:00:00,user_13,employee,12,10,0,2,1,12,1,33.22,11,0,7,brute_force,1
2026-07-02 15:00:00,user_11,analyst,15,1,1,1,0,22,9,31.21,35,0,11,normal,0
2026-07-06 09:00:00,user_06,analyst,9,1,1,1,0,9,5,59.68,32,0,10,normal,0
2026-07-05 00:00:00,user_26,employee,0,13,1,9,1,5,159,3299.26,259,11,133,mixed_anomaly,1
2026-07-06 12:00:00,user_15,employee,12,0,1,1,0,9,5,57.69,5,0,4,normal,0
2026-07-23 15:00:00,user_27,employee,15,0,2,1,0,9,3,67.8,10,0,5,normal,0
2026-07-05 12:00:00,user_23,employee,12,0,4,1,0,11,4,17.3,163,14,29,privilege_misuse,1
2026-07-06 17:00:00,user_03,admin,17,1,1,1,0,9,4,24.51,22,2,6,normal,0
2026-07-08 09:00:00,user_14,employee,9,0,1,1,0,7,3,56.39,4,0,5,normal,0
2026-07-22 11:00:00,user_28,employee,11,0,1,1,0,8,3,25.63,10,0,6,normal,0
2026-07-02 10:00:00,user_04,admin,10,0,1,1,0,10,7,21.85,23,1,8,normal,0
2026-07-11 09:00:00,user_08,analyst,9,1,1,2,1,11,2,94.33,33,0,11,normal,0
2026-07-24 11:00:00,user_14,employee,11,1,2,2,0,6,6,75.77,7,0,4,normal,0
2026-07-04 17:00:00,user_19,employee,17,0,3,1,0,9,1,30.07,9,0,6,normal,0
2026-07-10 07:00:00,user_13,employee,7,0,2,1,0,7,2,17.28,4,0,4,normal,0
2026-07-27 08:00:00,user_17,employee,8,0,3,1,1,7,5,18.01,6,0,4,normal,0
2026-07-22 07:00:00,user_03,admin,7,1,1,2,0,4,4,87.29,32,1,6,normal,0
2026-07-30 16:00:00,user_13,employee,16,0,3,1,0,10,2,54.47,338,9,50,privilege_misuse,1
2026-07-03 20:00:00,user_24,employee,20,1,1,1,0,8,6,22.01,5,0,6,normal,0
2026-07-29 21:00:00,user_11,analyst,21,0,4,1,0,411,132,1720.4,31,0,136,data_exfiltration,1
2026-07-09 07:00:00,user_11,analyst,7,2,1,2,0,16,5,42.54,43,0,11,normal,0
2026-07-25 12:00:00,user_25,employee,12,0,1,1,0,6,1,35.42,12,0,5,normal,0
2026-07-07 17:00:00,user_06,analyst,17,0,2,1,0,20,4,38.71,31,0,15,normal,0
2026-07-13 10:00:00,user_03,admin,10,0,1,1,0,21,4,106.11,26,3,16,normal,0
2026-07-15 15:00:00,user_17,employee,15,1,4,1,0,10,5,32.63,6,0,6,normal,0
2026-07-19 11:00:00,user_21,employee,11,0,1,1,0,7,4,32.89,5,0,4,normal,0
2026-07-03 13:00:00,user_04,admin,13,1,2,1,0,9,0,26.84,38,2,8,normal,0
2026-07-05 08:00:00,user_17,employee,8,0,2,1,0,10,1,55.5,16,0,7,normal,0
2026-07-19 14:00:00,user_17,employee,14,0,2,1,0,7,3,48.81,11,0,4,normal,0
2026-07-12 09:00:00,user_07,analyst,9,1,1,2,0,20,1,190.69,31,0,17,normal,0
2026-07-20 06:00:00,user_29,employee,6,0,3,2,0,11,2,35.56,249,8,43,privilege_misuse,1
2026-07-24 09:00:00,user_12,analyst,9,0,1,1,0,13,8,83.27,42,0,11,normal,0
2026-07-14 11:00:00,user_24,employee,11,0,5,1,0,7,2,54.27,5,0,3,normal,0
2026-07-24 12:00:00,user_27,employee,12,0,1,1,1,12,3,7.78,8,0,5,normal,0
2026-07-26 13:00:00,user_21,employee,13,0,3,2,0,5,0,29.75,5,0,4,normal,0
2026-07-11 12:00:00,user_27,employee,12,1,1,1,0,5,5,67.58,6,0,3,normal,0
2026-07-26 11:00:00,user_05,analyst,11,0,1,1,0,304,257,1860.57,41,0,105,data_exfiltration,1
2026-07-11 15:00:00,user_04,admin,15,1,2,1,0,12,5,118.39,17,2,8,normal,0
2026-07-11 15:00:00,user_05,analyst,15,0,2,1,0,13,1,97.75,42,0,10,normal,0
2026-07-13 10:00:00,user_09,analyst,10,2,1,2,0,12,6,61.03,39,0,10,normal,0
2026-07-23 11:00:00,user_07,analyst,11,0,1,1,0,14,4,47.92,47,0,13,normal,0
2026-07-27 10:00:00,user_06,analyst,10,0,1,1,0,9,6,92.59,34,0,6,normal,0
2026-07-05 16:00:00,user_20,employee,16,2,1,1,0,10,1,10.61,8,0,4,normal,0
2026-07-15 20:00:00,user_05,analyst,20,0,2,1,0,14,3,70.11,44,0,12,normal,0
2026-07-19 11:00:00,user_25,employee,11,0,1,1,0,6,3,32.08,10,0,4,normal,0
2026-07-24 13:00:00,user_25,employee,13,2,1,1,0,9,1,25.19,4,0,6,normal,0
2026-07-29 13:00:00,user_21,employee,13,0,1,2,0,11,3,102.52,7,0,8,normal,0
2026-07-24 09:00:00,user_03,admin,9,1,2,1,0,14,5,22.41,21,1,13,normal,0
2026-07-18 01:00:00,user_06,analyst,1,4,3,6,1,16,5,38.39,33,0,13,suspicious_login,1
2026-07-06 12:00:00,user_15,employee,12,0,1,1,0,13,3,39.56,6,0,11,normal,0
2026-07-26 15:00:00,user_25,employee,15,1,1,1,0,8,7,36.91,8,0,6,normal,0
2026-07-26 07:00:00,user_19,employee,7,0,2,1,0,11,1,27.55,8,0,7,normal,0
2026-07-18 11:00:00,user_25,employee,11,0,1,1,0,6,4,83.22,12,0,3,normal,0
2026-07-01 10:00:00,user_19,employee,10,1,1,1,0,15,0,55.37,8,0,8,normal,0
2026-07-20 14:00:00,user_15,employee,14,1,1,1,0,5,3,19.63,4,0,4,normal,0
2026-07-18 13:00:00,user_22,employee,13,0,1,1,0,12,4,17.6,9,0,9,normal,0
2026-07-04 07:00:00,user_30,employee,7,0,2,1,0,8,1,37.8,12,0,6,normal,0
2026-07-09 16:00:00,user_29,employee,16,0,2,2,0,6,6,22.62,15,0,4,normal,0
2026-07-25 10:00:00,user_19,employee,10,0,1,1,0,14,7,2.24,10,0,7,normal,0
2026-07-23 12:00:00,user_21,employee,12,0,1,1,0,10,3,37.46,13,0,9,normal,0
2026-07-20 07:00:00,user_21,employee,7,0,2,1,0,8,2,42.54,8,0,7,normal,0
2026-07-04 19:00:00,user_20,employee,19,2,2,1,0,6,3,17.47,5,0,5,normal,0
2026-07-15 14:00:00,user_11,analyst,14,0,3,1,0,14,7,69.74,41,0,10,normal,0
2026-07-05 18:00:00,user_28,employee,18,0,2,1,0,11,4,1.92,6,0,7,normal,0
2026-07-16 11:00:00,user_21,employee,11,1,1,1,0,5,6,14.58,8,0,3,normal,0
2026-07-06 15:00:00,user_11,analyst,15,0,1,1,0,14,3,27.17,38,0,13,normal,0
2026-07-10 13:00:00,user_05,analyst,13,0,2,1,0,12,5,3.07,28,0,9,normal,0
2026-07-13 13:00:00,user_15,employee,13,1,2,1,0,5,4,49.09,11,0,5,normal,0
2026-07-02 14:00:00,user_03,admin,14,0,2,1,0,16,6,73.2,21,2,8,normal,0
2026-07-27 13:00:00,user_16,employee,13,0,1,1,0,10,3,5.5,13,0,8,normal,0
2026-07-01 11:00:00,user_15,employee,11,2,2,1,0,6,3,104.94,9,0,3,normal,0
2026-07-22 11:00:00,user_21,employee,11,0,1,1,1,5,4,7.96,6,0,4,normal,0
2026-07-19 17:00:00,user_10,analyst,17,1,1,1,0,19,8,48.02,32,0,13,normal,0
2026-07-12 22:00:00,user_26,employee,22,0,1,2,0,9,4,12.93,7,0,6,normal,0
2026-07-03 16:00:00,user_09,analyst,16,1,1,1,1,17,6,52.39,39,0,10,normal,0
2026-07-11 14:00:00,user_19,employee,14,0,1,1,0,6,6,31.86,7,0,3,normal,0
2026-07-24 09:00:00,user_02,admin,9,0,2,1,0,9,3,26.1,25,0,7,normal,0
2026-07-05 12:00:00,user_12,analyst,12,0,3,1,0,14,4,101.13,48,0,9,normal,0
2026-07-24 16:00:00,user_17,employee,16,0,2,1,0,5,3,12.72,8,0,4,normal,0
2026-07-24 16:00:00,user_03,admin,16,0,1,1,0,8,0,107.96,22,4,8,normal,0
2026-07-25 17:00:00,user_10,analyst,17,0,3,1,0,12,9,65.01,30,0,11,normal,0
2026-07-24 08:00:00,user_15,employee,8,0,2,1,0,3,2,12.24,10,0,2,normal,0
2026-07-22 11:00:00,user_15,employee,11,10,0,2,0,10,3,73.91,8,0,7,brute_force,1
2026-07-11 12:00:00,user_02,admin,12,1,1,1,0,15,5,36.24,26,3,12,normal,0
2026-07-01 11:00:00,user_12,analyst,11,1,1,2,0,13,6,2.49,33,0,11,normal,0
2026-07-26 16:00:00,user_27,employee,16,1,1,1,0,10,1,23.66,179,9,84,privilege_misuse,1
2026-07-30 16:00:00,user_03,admin,16,0,2,1,0,12,2,78.01,21,0,7,normal,0
2026-07-01 15:00:00,user_21,employee,15,1,1,1,0,7,2,52.42,14,0,6,normal,0
2026-07-14 10:00:00,user_28,employee,10,0,1,1,0,6,3,56.51,5,0,5,normal,0
2026-07-21 14:00:00,user_28,employee,14,24,1,4,1,10,3,36.91,15,0,5,brute_force,1
2026-07-22 08:00:00,user_20,employee,8,0,2,1,0,7,3,88.84,2,0,5,normal,0
2026-07-10 01:00:00,user_20,employee,1,8,1,6,1,7,66,1630.09,454,5,160,mixed_anomaly,1
2026-07-27 14:00:00,user_13,employee,14,0,2,1,0,12,2,62.66,7,0,8,normal,0
2026-07-30 14:00:00,user_15,employee,14,0,1,1,0,9,1,8.82,6,0,7,normal,0
2026-07-26 11:00:00,user_19,employee,11,2,1,1,0,6,6,59.49,10,0,3,normal,0
2026-07-05 13:00:00,user_18,employee,13,0,1,1,0,8,5,9.99,6,0,6,normal,0
2026-07-01 09:00:00,user_26,employee,9,25,1,1,1,6,3,59.44,7,0,4,brute_force,1
2026-07-06 17:00:00,user_15,employee,17,0,3,2,0,9,4,40.61,11,0,5,normal,0
2026-07-16 15:00:00,user_30,employee,15,0,3,1,0,5,4,33.89,7,0,4,normal,0
2026-07-17 13:00:00,user_26,employee,13,0,2,1,0,8,4,57.68,10,0,7,normal,0
2026-07-06 11:00:00,user_19,employee,11,0,1,1,0,8,4,74.93,6,0,6,normal,0
2026-07-13 15:00:00,user_21,employee,15,0,1,1,0,9,3,10.46,6,0,7,normal,0
2026-07-01 16:00:00,user_07,analyst,16,1,1,1,0,18,8,20.19,37,0,11,normal,0
2026-07-11 12:00:00,user_11,analyst,12,0,1,1,0,12,4,2.56,36,0,12,normal,0
2026-07-05 11:00:00,user_20,employee,11,0,2,1,0,9,0,7.71,9,0,4,normal,0
2026-07-22 15:00:00,user_16,employee,15,1,1,1,0,11,3,51.96,11,0,7,normal,0
2026-07-26 13:00:00,user_17,employee,13,0,4,1,0,10,3,67.36,9,0,6,normal,0
2026-07-05 10:00:00,user_05,analyst,10,0,1,1,0,18,7,167.9,32,0,11,normal,0
2026-07-05 15:00:00,user_02,admin,15,1,1,1,0,7,6,11.65,19,0,5,normal,0
2026-07-30 14:00:00,user_15,employee,14,1,4,1,0,3,2,60.18,5,0,2,normal,0
2026-07-06 17:00:00,user_04,admin,17,0,3,1,0,10,2,6.0,27,3,9,normal,0
2026-07-24 13:00:00,user_26,employee,13,3,2,1,0,9,4,85.3,9,0,7,normal,0
2026-07-01 09:00:00,user_29,employee,9,0,1,1,0,8,2,17.07,8,0,4,normal,0
2026-07-29 14:00:00,user_27,employee,14,0,1,1,1,8,3,85.39,9,0,7,normal,0
2026-07-30 08:00:00,user_11,analyst,8,0,3,1,0,11,3,18.86,35,0,7,normal,0
2026-07-12 09:00:00,user_23,employee,9,0,1,1,0,7,7,3.77,8,0,4,normal,0
2026-07-15 13:00:00,user_03,admin,13,0,1,1,0,12,1,106.93,21,1,7,normal,0
2026-07-10 09:00:00,user_17,employee,9,0,3,1,0,8,2,3.89,6,0,4,normal,0
2026-07-09 13:00:00,user_21,employee,13,0,4,1,0,5,5,27.72,3,0,4,normal,0
2026-07-16 15:00:00,user_06,analyst,15,1,2,1,0,16,5,8.24,31,0,15,normal,0
2026-07-20 13:00:00,user_02,admin,13,0,3,1,0,15,3,45.46,32,1,12,normal,0
2026-07-23 13:00:00,user_08,analyst,13,0,1,1,0,21,5,72.53,42,0,19,normal,0
2026-07-23 10:00:00,user_23,employee,10,1,1,1,0,9,2,45.57,6,0,7,normal,0
2026-07-09 12:00:00,user_15,employee,12,1,1,1,0,6,1,48.47,7,0,4,normal,0
2026-07-25 13:00:00,user_15,employee,13,0,2,1,0,4,7,20.55,11,0,4,normal,0
2026-07-06 17:00:00,user_17,employee,17,0,2,1,0,10,5,39.7,9,0,7,normal,0
2026-07-21 14:00:00,user_17,employee,14,1,1,1,0,5,4,12.8,7,0,2,normal,0
2026-07-07 08:00:00,user_20,employee,8,0,1,1,1,8,5,12.59,11,0,7,normal,0
2026-07-16 10:00:00,user_06,analyst,10,0,1,1,0,11,5,73.12,36,0,10,normal,0
2026-07-10 11:00:00,user_12,analyst,11,0,4,1,1,18,7,14.87,43,0,13,normal,0
2026-07-25 16:00:00,user_12,analyst,16,0,3,1,0,9,9,46.79,33,0,8,normal,0
2026-07-20 11:00:00,user_30,employee,11,1,1,1,0,10,1,18.71,7,0,7,normal,0
2026-07-30 19:00:00,user_10,analyst,19,0,1,1,0,14,4,86.3,37,0,12,normal,0
2026-07-28 20:00:00,user_13,employee,20,0,2,1,0,0,2,35.22,11,0,1,normal,0
2026-07-25 12:00:00,user_14,employee,12,0,1,1,0,6,2,64.95,8,0,4,normal,0
2026-07-04 18:00:00,user_25,employee,18,0,6,1,0,8,4,50.86,332,19,39,privilege_misuse,1
2026-07-03 17:00:00,user_22,employee,17,1,1,1,0,12,3,40.06,16,0,10,normal,0
2026-07-25 09:00:00,user_20,employee,9,1,2,1,1,6,3,18.67,7,0,3,normal,0
2026-07-29 10:00:00,user_02,admin,10,0,2,1,0,12,3,26.42,27,1,9,normal,0
2026-07-23 16:00:00,user_26,employee,16,0,1,1,0,7,2,69.01,266,21,48,privilege_misuse,1
2026-07-20 08:00:00,user_03,admin,8,0,1,1,0,10,5,55.45,30,3,7,normal,0
2026-07-11 11:00:00,user_11,analyst,11,1,1,1,0,13,6,71.02,46,0,13,normal,0
2026-07-10 03:00:00,user_04,admin,3,13,1,7,1,13,120,1388.71,338,2,64,mixed_anomaly,1
2026-07-27 05:00:00,user_22,employee,5,5,1,5,1,5,3,24.16,5,0,3,suspicious_login,1
2026-07-25 15:00:00,user_10,analyst,15,0,1,1,0,17,6,43.81,32,0,12,normal,0
2026-07-16 13:00:00,user_09,analyst,13,0,1,1,0,16,8,55.54,40,0,15,normal,0
2026-07-23 12:00:00,user_24,employee,12,0,3,1,0,5,1,25.9,9,0,5,normal,0
2026-07-26 04:00:00,user_28,employee,4,15,1,6,1,5,120,5544.9,118,9,58,mixed_anomaly,1
2026-07-06 12:00:00,user_28,employee,12,0,2,1,0,5,2,23.96,6,0,3,normal,0
2026-07-21 13:00:00,user_05,analyst,13,0,3,1,0,10,4,29.74,35,0,8,normal,0
2026-07-19 14:00:00,user_11,analyst,14,0,1,2,0,10,5,44.98,39,0,8,normal,0
2026-07-01 09:00:00,user_03,admin,9,1,1,1,0,8,7,57.61,19,3,7,normal,0
2026-07-10 14:00:00,user_19,employee,14,0,1,1,0,8,3,31.11,6,0,5,normal,0
2026-07-26 09:00:00,user_22,employee,9,0,2,1,0,137,277,3487.56,12,0,72,data_exfiltration,1
2026-07-14 14:00:00,user_30,employee,14,0,2,1,0,13,6,23.58,8,0,8,normal,0
2026-07-02 11:00:00,user_12,analyst,11,0,2,1,0,18,5,170.59,37,0,17,normal,0
2026-07-05 04:00:00,user_10,analyst,4,3,1,6,1,14,12,9.79,40,0,12,suspicious_login,1
2026-07-01 17:00:00,user_05,analyst,17,1,2,1,0,20,8,98.05,41,0,16,normal,0
2026-07-28 07:00:00,user_20,employee,7,24,0,1,1,6,2,29.57,2,0,2,brute_force,1
2026-07-21 13:00:00,user_10,analyst,13,0,2,2,0,25,6,18.32,40,0,16,normal,0
2026-07-12 12:00:00,user_18,employee,12,0,1,1,0,8,4,13.7,4,0,6,normal,0
2026-07-13 15:00:00,user_13,employee,15,1,1,1,0,8,8,33.24,271,19,22,privilege_misuse,1
2026-07-27 09:00:00,user_27,employee,9,1,1,1,0,4,4,11.97,8,0,3,normal,0
2026-07-03 00:00:00,user_05,analyst,0,14,4,4,1,16,72,2627.27,368,2,90,mixed_anomaly,1
2026-07-27 12:00:00,user_03,admin,12,1,1,1,0,13,3,50.17,30,1,11,normal,0
2026-07-27 17:00:00,user_21,employee,17,0,1,1,0,9,6,14.59,10,0,4,normal,0
2026-07-02 13:00:00,user_22,employee,13,0,1,1,0,8,3,13.29,11,0,6,normal,0
2026-07-03 12:00:00,user_14,employee,12,0,1,1,0,7,6,57.7,6,0,3,normal,0
2026-07-03 12:00:00,user_17,employee,12,0,2,2,0,9,2,13.37,9,0,6,normal,0
2026-07-22 15:00:00,user_12,analyst,15,24,1,1,0,11,7,80.46,46,0,11,brute_force,1
2026-07-12 22:00:00,user_12,analyst,22,2,3,1,0,11,2,87.0,28,0,10,normal,0
2026-07-14 14:00:00,user_10,analyst,14,1,2,2,0,19,9,86.86,42,0,13,normal,0
2026-07-08 06:00:00,user_06,analyst,6,0,1,1,0,16,2,62.06,42,0,16,normal,0
2026-07-08 14:00:00,user_07,analyst,14,0,1,1,0,12,5,28.0,25,0,6,normal,0
2026-07-25 15:00:00,user_11,analyst,15,0,2,1,0,14,7,68.06,31,0,10,normal,0
2026-07-12 09:00:00,user_25,employee,9,0,1,1,0,10,2,29.67,10,0,6,normal,0
2026-07-02 13:00:00,user_16,employee,13,0,1,1,0,4,3,18.78,8,0,2,normal,0
2026-07-23 12:00:00,user_07,analyst,12,0,1,1,0,16,6,129.23,42,0,16,normal,0
2026-07-05 10:00:00,user_08,analyst,10,0,1,1,0,14,9,60.77,26,0,13,normal,0
2026-07-24 18:00:00,user_05,analyst,18,2,2,1,0,20,6,22.97,36,0,18,normal,0
2026-07-07 15:00:00,user_05,analyst,15,1,1,1,0,11,5,31.07,30,0,7,normal,0
2026-07-20 12:00:00,user_03,admin,12,0,1,1,0,18,3,17.11,22,2,9,normal,0
2026-07-30 13:00:00,user_10,analyst,13,0,1,1,0,15,11,66.59,31,0,8,normal,0
2026-07-28 14:00:00,user_28,employee,14,19,1,4,1,6,1,60.4,12,0,5,brute_force,1
2026-07-02 12:00:00,user_17,employee,12,1,3,1,0,14,4,89.38,9,0,9,normal,0
2026-07-14 04:00:00,user_25,employee,4,7,2,3,1,9,149,2966.11,392,3,85,mixed_anomaly,1
2026-07-12 11:00:00,user_27,employee,11,0,1,1,0,9,4,10.94,6,0,6,normal,0
2026-07-29 14:00:00,user_24,employee,14,0,1,1,0,8,2,53.91,6,0,3,normal,0
2026-07-04 12:00:00,user_29,employee,12,0,2,1,0,12,4,33.2,8,0,6,normal,0
2026-07-20 15:00:00,user_17,employee,15,0,1,1,0,8,4,151.64,7,0,5,normal,0
2026-07-10 14:00:00,user_02,admin,14,0,1,1,0,10,5,141.82,28,2,9,normal,0
2026-07-21 11:00:00,user_22,employee,11,0,3,1,0,3,2,71.89,13,0,3,normal,0
2026-07-08 14:00:00,user_11,analyst,14,0,1,1,0,19,5,96.41,38,0,18,normal,0
2026-07-04 13:00:00,user_29,employee,13,1,4,1,0,8,2,16.68,8,0,7,normal,0
2026-07-25 12:00:00,user_25,employee,12,0,1,1,1,8,2,20.56,11,0,6,normal,0
2026-07-15 20:00:00,user_20,employee,20,0,1,1,0,7,1,22.93,12,0,4,normal,0
2026-07-25 11:00:00,user_05,analyst,11,0,1,1,0,12,6,98.34,36,0,10,normal,0
2026-07-16 10:00:00,user_20,employee,10,4,1,1,0,8,5,45.77,8,0,4,normal,0
2026-07-20 13:00:00,user_13,employee,13,0,1,1,0,7,3,28.28,8,0,5,normal,0
2026-07-11 10:00:00,user_05,analyst,10,0,1,1,0,14,5,70.07,34,0,11,normal,0
2026-07-19 20:00:00,user_06,analyst,20,0,1,1,0,15,1,57.66,38,0,12,normal,0
2026-07-27 12:00:00,user_06,analyst,12,0,1,1,0,13,4,24.76,32,0,12,normal,0
2026-07-21 12:00:00,user_27,employee,12,0,2,1,0,11,3,25.92,14,0,7,normal,0
2026-07-19 10:00:00,user_23,employee,10,0,3,1,0,7,2,14.88,15,0,5,normal,0
2026-07-23 14:00:00,user_25,employee,14,0,4,1,0,14,2,62.94,9,0,6,normal,0
2026-07-14 10:00:00,user_20,employee,10,0,1,1,0,127,146,5720.19,10,0,117,data_exfiltration,1
2026-07-20 08:00:00,user_24,employee,8,0,1,1,0,7,2,72.69,3,0,3,normal,0
2026-07-22 15:00:00,user_15,employee,15,0,1,2,0,10,3,2.25,6,0,8,normal,0
2026-07-29 16:00:00,user_02,admin,16,0,1,1,0,11,2,18.41,27,1,9,normal,0
2026-07-10 14:00:00,user_14,employee,14,1,3,1,0,8,2,2.18,10,0,6,normal,0
2026-07-24 18:00:00,user_12,analyst,18,0,1,1,0,17,6,46.31,30,0,9,normal,0
2026-07-01 10:00:00,user_22,employee,10,0,2,1,0,314,249,6040.81,6,0,113,data_exfiltration,1
2026-07-21 12:00:00,user_15,employee,12,0,1,1,0,8,1,30.36,8,0,5,normal,0
2026-07-20 15:00:00,user_20,employee,15,0,1,1,0,8,2,70.29,8,0,7,normal,0
2026-07-05 02:00:00,user_10,analyst,2,3,1,7,1,14,7,104.92,44,0,14,suspicious_login,1
2026-07-18 14:00:00,user_08,analyst,14,1,3,1,0,14,5,45.95,37,0,10,normal,0
2026-07-11 10:00:00,user_18,employee,10,0,1,1,0,10,2,134.12,17,0,5,normal,0
2026-07-02 14:00:00,user_08,analyst,14,0,1,1,0,12,4,20.51,36,0,11,normal,0
2026-07-01 12:00:00,user_10,analyst,12,0,1,2,0,19,4,10.43,28,0,15,normal,0
2026-07-27 23:00:00,user_26,employee,23,4,2,3,1,8,4,20.08,9,0,4,suspicious_login,1
2026-07-16 14:00:00,user_29,employee,14,1,1,1,0,7,2,83.87,14,0,4,normal,0
2026-07-06 16:00:00,user_27,employee,16,0,1,1,0,3,3,88.76,14,0,3,normal,0
2026-07-02 06:00:00,user_07,analyst,6,0,1,1,0,5,3,108.53,28,0,5,normal,0
2026-07-16 17:00:00,user_12,analyst,17,2,2,1,0,15,5,16.58,31,0,10,normal,0
2026-07-07 12:00:00,user_22,employee,12,0,1,1,0,10,2,34.56,7,0,6,normal,0
2026-07-21 16:00:00,user_19,employee,16,1,1,1,0,5,5,9.86,11,0,3,normal,0
2026-07-26 12:00:00,user_15,employee,12,1,2,1,0,8,3,11.52,9,0,5,normal,0
2026-07-25 14:00:00,user_15,employee,14,0,1,1,0,10,3,25.88,13,0,5,normal,0
2026-07-16 17:00:00,user_25,employee,17,0,3,1,0,3,4,14.84,9,0,3,normal,0
2026-07-24 09:00:00,user_10,analyst,9,0,2,1,0,10,6,47.61,33,0,7,normal,0
2026-07-21 17:00:00,user_25,employee,17,0,1,1,0,9,3,53.29,9,0,4,normal,0
2026-07-06 17:00:00,user_13,employee,17,0,2,1,0,12,2,47.98,5,0,7,normal,0
2026-07-25 12:00:00,user_17,employee,12,0,1,1,0,7,5,18.29,9,0,4,normal,0
2026-07-25 04:00:00,user_17,employee,4,2,1,5,1,8,1,51.02,7,0,7,suspicious_login,1
2026-07-07 16:00:00,user_06,analyst,16,0,1,1,0,17,6,71.03,28,0,10,normal,0
2026-07-20 09:00:00,user_27,employee,9,1,2,1,0,14,3,7.02,8,0,11,normal,0
2026-07-09 11:00:00,user_07,analyst,11,0,1,1,0,19,5,45.94,31,0,16,normal,0
2026-07-03 12:00:00,user_26,employee,12,0,1,1,0,6,3,60.98,7,0,3,normal,0
2026-07-16 13:00:00,user_20,employee,13,0,2,1,0,9,9,29.1,6,0,8,normal,0
2026-07-22 17:00:00,user_05,analyst,17,1,1,1,0,19,5,119.78,39,0,12,normal,0
2026-07-23 10:00:00,user_28,employee,10,0,3,1,0,10,4,46.41,7,0,8,normal,0
2026-07-13 14:00:00,user_09,analyst,14,9,1,2,1,11,4,80.28,33,0,8,brute_force,1
2026-07-22 14:00:00,user_21,employee,14,0,4,1,0,6,4,69.88,8,0,4,normal,0
2026-07-18 13:00:00,user_16,employee,13,2,1,1,0,7,7,65.27,10,0,6,normal,0
2026-07-20 14:00:00,user_28,employee,14,0,2,1,0,10,3,92.83,9,0,4,normal,0
2026-07-23 14:00:00,user_12,analyst,14,0,2,1,0,9,8,30.94,33,0,9,normal,0
2026-07-29 08:00:00,user_18,employee,8,0,1,1,0,11,1,10.73,8,0,9,normal,0
2026-07-05 12:00:00,user_30,employee,12,0,1,1,0,5,4,79.29,7,0,3,normal,0
2026-07-04 09:00:00,user_04,admin,9,0,3,1,0,11,9,83.63,25,4,8,normal,0
2026-07-16 16:00:00,user_23,employee,16,1,1,1,0,10,6,39.9,4,0,7,normal,0
2026-07-22 02:00:00,user_28,employee,2,19,3,6,1,4,94,1104.68,459,9,107,mixed_anomaly,1
2026-07-10 09:00:00,user_28,employee,9,1,2,1,0,10,4,9.73,8,0,5,normal,0
2026-07-12 11:00:00,user_04,admin,11,1,1,1,0,12,9,117.3,20,1,8,normal,0
2026-07-29 08:00:00,user_10,analyst,8,0,1,1,0,6,5,145.7,43,0,8,normal,0
2026-07-13 07:00:00,user_03,admin,7,0,2,1,0,8,5,28.66,34,3,6,normal,0
2026-07-15 17:00:00,user_25,employee,17,1,2,1,0,6,7,50.9,5,0,3,normal,0
2026-07-01 11:00:00,user_06,analyst,11,1,1,1,0,10,6,70.08,34,0,10,normal,0
2026-07-22 08:00:00,user_09,analyst,8,0,2,1,0,10,6,75.61,27,0,10,normal,0
2026-07-30 11:00:00,user_15,employee,11,0,4,1,0,10,10,24.81,11,0,6,normal,0
2026-07-28 04:00:00,user_29,employee,4,15,1,9,1,4,113,3563.95,444,5,138,mixed_anomaly,1
2026-07-20 16:00:00,user_05,analyst,16,0,2,1,0,19,5,27.28,33,0,13,normal,0
2026-07-28 11:00:00,user_27,employee,11,2,1,2,0,11,5,20.06,7,0,5,normal,0
2026-07-08 09:00:00,user_14,employee,9,1,1,1,0,4,4,35.69,11,0,3,normal,0
2026-07-06 17:00:00,user_03,admin,17,1,1,2,0,14,5,5.75,29,3,11,normal,0
2026-07-29 08:00:00,user_30,employee,8,2,1,1,0,7,2,66.29,6,0,5,normal,0
2026-07-14 13:00:00,user_08,analyst,13,0,1,1,0,12,4,21.73,37,0,8,normal,0
2026-07-12 09:00:00,user_27,employee,9,1,1,1,0,10,4,71.42,7,0,8,normal,0
2026-07-30 15:00:00,user_15,employee,15,0,1,1,0,9,3,34.5,9,0,5,normal,0
2026-07-07 09:00:00,user_29,employee,9,0,3,1,0,7,4,71.88,9,0,6,normal,0
2026-07-03 17:00:00,user_12,analyst,17,0,2,1,0,11,1,72.35,27,0,10,normal,0
2026-07-30 10:00:00,user_30,employee,10,0,1,1,0,13,2,40.69,6,0,10,normal,0
2026-07-03 13:00:00,user_01,admin,13,1,2,1,0,9,6,36.34,22,1,7,normal,0
2026-07-29 15:00:00,user_14,employee,15,1,2,2,0,8,2,17.74,7,0,4,normal,0
2026-07-04 12:00:00,user_02,admin,12,1,2,1,1,13,5,7.71,30,1,10,normal,0
2026-07-05 07:00:00,user_13,employee,7,0,3,1,0,12,1,82.74,12,0,10,normal,0
2026-07-23 17:00:00,user_17,employee,17,1,2,1,0,11,1,19.63,7,0,9,normal,0
2026-07-20 08:00:00,user_12,analyst,8,1,1,1,0,15,6,56.3,41,0,12,normal,0
2026-07-07 10:00:00,user_08,analyst,10,1,2,1,0,16,4,133.66,46,0,12,normal,0
2026-07-10 13:00:00,user_13,employee,13,0,1,1,0,13,2,25.66,10,0,8,normal,0
2026-07-18 09:00:00,user_03,admin,9,0,1,2,0,9,5,70.6,27,1,7,normal,0
2026-07-15 07:00:00,user_12,analyst,7,1,2,1,0,12,1,64.8,34,0,10,normal,0
2026-07-14 11:00:00,user_08,analyst,11,0,1,1,0,14,5,47.43,34,0,8,normal,0
2026-07-18 11:00:00,user_01,admin,11,0,1,1,0,11,6,35.42,28,1,10,normal,0
2026-07-10 16:00:00,user_11,analyst,16,1,2,1,0,15,5,63.42,40,0,14,normal,0
2026-07-09 15:00:00,user_30,employee,15,0,1,1,0,5,4,53.74,12,0,5,normal,0
2026-07-13 15:00:00,user_04,admin,15,1,4,1,0,10,4,39.84,24,1,9,normal,0
2026-07-02 17:00:00,user_27,employee,17,0,1,1,0,7,2,16.23,281,20,61,privilege_misuse,1
2026-07-18 11:00:00,user_26,employee,11,0,1,2,0,7,3,30.26,4,0,5,normal,0
2026-07-11 13:00:00,user_05,analyst,13,0,1,1,0,10,3,35.48,43,0,11,normal,0
2026-07-19 15:00:00,user_05,analyst,15,0,1,1,0,16,8,89.16,27,0,10,normal,0
2026-07-09 08:00:00,user_02,admin,8,0,1,1,0,8,8,15.5,37,1,7,normal,0
2026-07-19 10:00:00,user_10,analyst,10,1,2,1,0,12,6,8.99,27,0,11,normal,0
2026-07-28 09:00:00,user_30,employee,9,0,1,1,0,2,0,27.58,9,0,2,normal,0
2026-07-20 08:00:00,user_27,employee,8,0,1,1,0,6,2,113.2,9,0,4,normal,0
2026-07-02 15:00:00,user_16,employee,15,0,1,2,0,6,3,24.0,7,0,3,normal,0
2026-07-14 09:00:00,user_23,employee,9,0,2,1,1,2,1,5.36,10,0,2,normal,0
2026-07-21 07:00:00,user_27,employee,7,0,6,1,0,8,4,67.84,7,0,4,normal,0
2026-07-27 16:00:00,user_05,analyst,16,2,1,1,0,17,6,41.27,31,0,13,normal,0
2026-07-23 01:00:00,user_25,employee,1,4,1,8,1,8,2,54.46,7,0,5,suspicious_login,1
2026-07-02 13:00:00,user_15,employee,13,0,2,2,0,8,4,47.68,5,0,6,normal,0
2026-07-05 09:00:00,user_20,employee,9,2,2,1,0,5,4,71.46,5,0,4,normal,0
2026-07-27 13:00:00,user_01,admin,13,1,1,1,0,18,2,40.15,17,1,16,normal,0
2026-07-07 11:00:00,user_29,employee,11,0,1,1,1,10,4,24.71,8,0,8,normal,0
2026-07-22 09:00:00,user_03,admin,9,14,1,1,1,7,2,32.89,33,1,5,brute_force,1
2026-07-16 10:00:00,user_09,analyst,10,0,1,1,0,10,6,7.03,28,0,9,normal,0
2026-07-22 14:00:00,user_07,analyst,14,0,1,1,0,17,2,44.15,42,0,12,normal,0
2026-07-13 10:00:00,user_27,employee,10,1,2,1,0,10,4,18.51,13,0,7,normal,0
2026-07-16 13:00:00,user_05,analyst,13,0,2,1,0,14,5,99.68,32,0,13,normal,0
2026-07-09 15:00:00,user_18,employee,15,0,4,1,0,10,1,6.68,8,0,8,normal,0
2026-07-17 12:00:00,user_24,employee,12,0,1,1,0,5,4,53.01,10,0,5,normal,0
2026-07-04 12:00:00,user_20,employee,12,1,1,1,0,7,7,41.51,7,0,3,normal,0
2026-07-16 14:00:00,user_17,employee,14,1,1,1,0,8,2,34.03,4,0,5,normal,0
2026-07-08 16:00:00,user_14,employee,16,0,2,1,0,11,3,9.8,9,0,5,normal,0
2026-07-30 14:00:00,user_04,admin,14,0,1,1,0,13,8,78.4,30,2,9,normal,0
2026-07-24 10:00:00,user_25,employee,10,0,4,1,0,6,2,32.72,15,0,5,normal,0
2026-07-09 13:00:00,user_10,analyst,13,0,5,1,0,357,317,7235.62,39,0,98,data_exfiltration,1
2026-07-17 13:00:00,user_10,analyst,13,1,1,1,0,9,5,74.97,37,0,10,normal,0
2026-07-30 19:00:00,user_04,admin,19,0,1,1,0,13,4,9.77,27,5,8,normal,0
2026-07-26 16:00:00,user_02,admin,16,0,2,1,0,9,4,29.35,35,2,7,normal,0
2026-07-06 13:00:00,user_08,analyst,13,1,3,1,0,19,3,175.79,31,0,14,normal,0
2026-07-18 00:00:00,user_14,employee,0,18,4,7,1,9,98,2055.89,248,10,77,mixed_anomaly,1
2026-07-18 11:00:00,user_15,employee,11,0,2,1,0,9,2,20.04,5,0,4,normal,0
2026-07-27 09:00:00,user_03,admin,9,13,1,1,1,8,1,64.03,22,3,5,brute_force,1
2026-07-02 10:00:00,user_27,employee,10,0,2,1,0,6,2,44.31,7,0,4,normal,0
2026-07-20 13:00:00,user_29,employee,13,1,1,1,0,6,2,45.86,7,0,3,normal,0
2026-07-26 10:00:00,user_16,employee,10,0,1,1,0,10,5,5.97,6,0,8,normal,0
2026-07-16 13:00:00,user_20,employee,13,1,1,2,0,9,2,70.21,5,0,5,normal,0
2026-07-19 11:00:00,user_18,employee,11,0,2,1,0,13,3,65.73,13,0,11,normal,0
2026-07-09 17:00:00,user_01,admin,17,0,1,1,0,11,5,25.82,25,1,6,normal,0
2026-07-09 16:00:00,user_21,employee,16,0,1,1,0,10,3,51.02,12,0,9,normal,0
2026-07-24 11:00:00,user_17,employee,11,0,1,1,0,5,0,68.38,7,0,4,normal,0
2026-07-05 09:00:00,user_19,employee,9,0,1,1,0,12,1,53.38,8,0,9,normal,0
2026-07-19 12:00:00,user_08,analyst,12,1,1,1,0,12,6,16.72,39,0,12,normal,0
2026-07-30 09:00:00,user_23,employee,9,0,1,1,0,9,3,36.97,10,0,7,normal,0
2026-07-25 10:00:00,user_05,analyst,10,0,3,1,0,18,5,120.82,37,0,9,normal,0
2026-07-29 17:00:00,user_10,analyst,17,0,1,1,0,16,2,28.52,34,0,13,normal,0
2026-07-24 07:00:00,user_14,employee,7,1,1,1,0,7,3,28.84,9,0,5,normal,0
2026-07-20 14:00:00,user_01,admin,14,0,1,1,0,18,5,36.94,19,2,13,normal,0
2026-07-29 12:00:00,user_20,employee,12,0,6,1,0,7,2,19.94,9,0,4,normal,0
2026-07-02 14:00:00,user_12,analyst,14,0,2,1,0,17,2,89.13,58,0,15,normal,0
2026-07-14 10:00:00,user_08,analyst,10,0,2,1,0,17,2,85.4,40,0,13,normal,0
2026-07-22 11:00:00,user_19,employee,11,0,1,1,1,7,1,35.99,8,0,5,normal,0
2026-07-14 11:00:00,user_14,employee,11,1,1,1,0,6,3,70.69,7,0,3,normal,0
2026-07-03 10:00:00,user_06,analyst,10,0,2,2,0,13,3,55.09,33,0,7,normal,0
2026-07-07 18:00:00,user_22,employee,18,0,1,1,0,5,3,28.15,5,0,4,normal,0
2026-07-01 13:00:00,user_22,employee,13,0,4,1,0,10,1,6.28,7,0,5,normal,0
2026-07-04 09:00:00,user_03,admin,9,0,2,1,0,11,4,60.69,23,2,6,normal,0
2026-07-29 14:00:00,user_17,employee,14,0,1,1,0,5,4,57.84,5,0,4,normal,0
2026-07-19 16:00:00,user_12,analyst,16,0,1,1,0,15,6,23.53,25,0,11,normal,0
2026-07-20 10:00:00,user_03,admin,10,0,1,1,1,10,8,24.33,18,2,9,normal,0
2026-07-29 03:00:00,user_17,employee,3,6,1,9,1,10,62,2832.95,260,9,110,mixed_anomaly,1
2026-07-04 13:00:00,user_17,employee,13,0,1,2,0,8,1,40.77,6,0,6,normal,0
2026-07-29 12:00:00,user_26,employee,12,0,1,2,0,3,0,61.85,6,0,2,normal,0
2026-07-28 04:00:00,user_17,employee,4,14,4,9,1,6,82,3000.41,294,9,120,mixed_anomaly,1
2026-07-07 12:00:00,user_01,admin,12,0,1,1,0,11,0,47.7,14,0,5,normal,0
2026-07-29 12:00:00,user_13,employee,12,1,1,1,0,8,3,8.77,3,0,5,normal,0
2026-07-05 14:00:00,user_28,employee,14,0,3,1,0,6,2,42.15,7,0,4,normal,0
2026-07-25 18:00:00,user_16,employee,18,0,4,1,0,6,2,27.02,9,0,4,normal,0
2026-07-03 14:00:00,user_02,admin,14,0,1,1,0,17,3,75.14,31,0,15,normal,0
2026-07-28 13:00:00,user_21,employee,13,0,1,1,0,10,2,18.0,6,0,6,normal,0
2026-07-08 15:00:00,user_13,employee,15,1,2,1,0,14,1,14.33,11,0,6,normal,0
2026-07-18 13:00:00,user_12,analyst,13,1,6,1,0,7,6,41.29,34,0,5,normal,0
2026-07-05 15:00:00,user_09,analyst,15,0,2,1,0,13,4,6.17,35,0,13,normal,0
2026-07-03 09:00:00,user_24,employee,9,0,1,1,0,9,3,23.86,12,0,6,normal,0
2026-07-14 11:00:00,user_01,admin,11,1,3,1,0,9,5,26.95,28,1,6,normal,0
2026-07-02 15:00:00,user_12,analyst,15,0,1,1,0,15,5,72.81,40,0,10,normal,0
2026-07-28 14:00:00,user_26,employee,14,0,1,1,0,7,3,29.61,5,0,5,normal,0
2026-07-29 15:00:00,user_03,admin,15,0,2,1,0,8,2,37.19,22,3,7,normal,0
2026-07-30 16:00:00,user_12,analyst,16,0,1,1,0,23,8,57.79,34,0,19,normal,0
2026-07-03 11:00:00,user_08,analyst,11,1,1,1,0,13,5,33.16,26,0,10,normal,0
2026-07-03 09:00:00,user_24,employee,9,0,1,1,0,11,4,12.34,11,0,9,normal,0
2026-07-16 09:00:00,user_22,employee,9,13,1,3,1,6,2,42.45,8,0,4,brute_force,1
2026-07-30 10:00:00,user_25,employee,10,0,4,1,0,10,3,73.9,9,0,8,normal,0
2026-07-20 14:00:00,user_19,employee,14,0,1,1,0,10,3,62.29,7,0,4,normal,0
2026-07-29 13:00:00,user_24,employee,13,0,1,1,0,10,1,30.09,6,0,7,normal,0
2026-07-03 15:00:00,user_25,employee,15,1,1,2,0,10,2,47.02,6,0,6,normal,0
2026-07-13 10:00:00,user_11,analyst,10,0,3,1,0,18,5,84.61,33,0,10,normal,0
2026-07-19 10:00:00,user_05,analyst,10,0,1,1,0,15,6,10.61,30,0,14,normal,0
2026-07-22 11:00:00,user_02,admin,11,0,2,2,0,8,6,49.62,32,1,8,normal,0
2026-07-04 15:00:00,user_12,analyst,15,0,1,1,0,10,4,51.62,40,0,7,normal,0
2026-07-01 09:00:00,user_18,employee,9,0,1,1,0,6,0,15.43,10,0,5,normal,0
2026-07-28 11:00:00,user_11,analyst,11,0,2,1,0,15,3,182.37,30,0,14,normal,0
2026-07-30 15:00:00,user_27,employee,15,1,1,1,0,7,0,53.42,7,0,5,normal,0
2026-07-18 14:00:00,user_21,employee,14,0,3,1,0,8,0,15.62,5,0,6,normal,0
2026-07-08 10:00:00,user_06,analyst,10,0,2,1,0,19,4,13.57,35,0,11,normal,0
2026-07-23 14:00:00,user_27,employee,14,0,1,1,0,4,3,119.33,11,0,4,normal,0
2026-07-29 10:00:00,user_25,employee,10,1,1,1,1,10,1,62.58,5,0,7,normal,0
2026-07-22 02:00:00,user_22,employee,2,2,1,7,1,9,3,38.56,6,0,7,suspicious_login,1
2026-07-16 15:00:00,user_23,employee,15,0,2,1,0,5,4,93.81,7,0,3,normal,0
2026-07-03 15:00:00,user_16,employee,15,0,1,1,0,7,2,33.11,6,0,5,normal,0
2026-07-17 16:00:00,user_21,employee,16,0,1,2,0,7,5,53.15,7,0,5,normal,0
2026-07-19 15:00:00,user_06,analyst,15,0,1,1,0,312,138,7545.46,43,0,101,data_exfiltration,1
2026-07-23 13:00:00,user_03,admin,13,1,1,1,0,8,9,35.38,25,3,8,normal,0
2026-07-28 19:00:00,user_23,employee,19,0,3,1,0,6,3,12.55,16,0,4,normal,0
2026-07-09 14:00:00,user_25,employee,14,0,1,1,0,5,2,58.7,14,0,4,normal,0
2026-07-28 06:00:00,user_15,employee,6,2,1,2,0,3,1,32.61,9,0,3,normal,0
2026-07-22 14:00:00,user_02,admin,14,1,1,1,0,10,4,94.36,24,2,7,normal,0
2026-07-01 07:00:00,user_10,analyst,7,0,1,1,0,18,4,43.32,39,0,14,normal,0
2026-07-20 12:00:00,user_07,analyst,12,1,2,1,0,16,8,31.81,37,0,12,normal,0
2026-07-22 12:00:00,user_02,admin,12,0,2,1,0,14,3,13.61,24,3,7,normal,0
2026-07-28 09:00:00,user_26,employee,9,0,3,1,0,11,4,37.04,5,0,6,normal,0
2026-07-26 12:00:00,user_07,analyst,12,0,3,1,0,13,6,50.4,42,0,12,normal,0
2026-07-15 12:00:00,user_29,employee,12,1,1,1,0,9,3,21.5,12,0,6,normal,0
2026-07-30 09:00:00,user_02,employee,9,0,1,1,0,10,5,41.54,89,19,51,privilege_misuse,1
2026-07-20 09:00:00,user_30,employee,9,0,2,1,0,8,4,27.75,10,0,7,normal,0
2026-07-13 01:00:00,user_10,analyst,1,16,2,7,1,15,178,1298.45,149,6,51,mixed_anomaly,1
2026-07-29 10:00:00,user_13,employee,10,0,4,1,0,14,4,84.79,6,0,5,normal,0
2026-07-06 11:00:00,user_27,employee,11,1,2,1,0,8,4,97.18,9,0,4,normal,0
2026-07-15 14:00:00,user_18,employee,14,0,1,1,0,8,3,40.58,8,0,6,normal,0
2026-07-17 12:00:00,user_16,employee,12,0,3,1,0,15,2,105.22,6,0,9,normal,0
2026-07-07 10:00:00,user_09,analyst,10,1,1,1,0,11,7,26.34,28,0,9,normal,0
2026-07-18 13:00:00,user_02,admin,13,0,2,1,0,16,2,32.88,27,1,11,normal,0
2026-07-29 10:00:00,user_25,employee,10,0,1,1,0,7,2,17.03,8,0,4,normal,0
2026-07-26 12:00:00,user_21,employee,12,1,2,1,1,3,2,53.99,11,0,2,normal,0
2026-07-11 15:00:00,user_07,analyst,15,0,2,1,0,17,3,18.29,41,0,14,normal,0
2026-07-09 15:00:00,user_10,analyst,15,1,2,1,0,9,7,65.34,32,0,6,normal,0
2026-07-13 16:00:00,user_12,analyst,16,0,1,2,0,18,2,73.36,25,0,13,normal,0
2026-07-02 10:00:00,user_28,employee,10,9,1,4,0,14,0,7.6,9,0,11,brute_force,1
2026-07-09 17:00:00,user_28,employee,17,0,1,1,1,9,0,117.87,140,22,23,privilege_misuse,1
2026-07-28 13:00:00,user_09,analyst,13,0,1,1,0,19,4,9.07,30,0,10,normal,0
2026-07-07 12:00:00,user_04,admin,12,0,1,1,0,14,3,34.65,27,2,11,normal,0
2026-07-07 12:00:00,user_26,employee,12,0,2,1,0,10,5,39.62,10,0,4,normal,0
2026-07-29 15:00:00,user_12,analyst,15,0,4,1,0,9,11,40.51,36,0,8,normal,0
2026-07-05 14:00:00,user_14,employee,14,1,1,1,0,11,4,51.53,9,0,6,normal,0
2026-07-13 06:00:00,user_29,employee,6,0,3,1,0,6,2,89.98,6,0,4,normal,0
2026-07-27 07:00:00,user_13,employee,7,0,2,1,0,9,2,23.09,7,0,5,normal,0
2026-07-09 10:00:00,user_24,employee,10,0,2,2,0,10,2,56.64,7,0,6,normal,0
2026-07-15 11:00:00,user_15,employee,11,0,1,1,0,8,6,119.94,9,0,5,normal,0
2026-07-19 14:00:00,user_29,employee,14,0,3,2,0,11,5,50.09,13,0,6,normal,0
2026-07-04 12:00:00,user_13,employee,12,0,3,1,0,12,4,6.64,6,0,7,normal,0
2026-07-22 14:00:00,user_11,analyst,14,1,1,1,0,289,223,7661.22,37,0,102,data_exfiltration,1
2026-07-09 07:00:00,user_16,employee,7,0,1,1,0,5,2,97.14,8,0,3,normal,0
2026-07-15 10:00:00,user_23,employee,10,0,1,1,0,3,2,31.54,11,0,2,normal,0
2026-07-28 08:00:00,user_16,employee,8,0,1,1,0,10,6,39.41,13,0,6,normal,0
2026-07-30 11:00:00,user_12,analyst,11,0,1,1,0,18,7,63.62,40,0,13,normal,0
2026-07-15 10:00:00,user_30,employee,10,0,2,2,0,8,3,44.51,11,0,5,normal,0
2026-07-26 07:00:00,user_26,employee,7,0,2,1,0,9,2,36.02,8,0,5,normal,0
2026-07-13 12:00:00,user_17,employee,12,1,3,2,0,6,1,8.63,10,0,4,normal,0
2026-07-07 14:00:00,user_09,analyst,14,0,1,1,0,20,10,49.0,36,0,11,normal,0
2026-07-25 17:00:00,user_26,employee,17,0,1,1,0,8,3,46.11,6,0,4,normal,0
2026-07-17 14:00:00,user_03,admin,14,0,2,2,0,12,6,22.46,30,1,10,normal,0
2026-07-14 04:00:00,user_24,employee,4,5,1,3,1,7,1,24.91,10,0,4,suspicious_login,1
2026-07-28 12:00:00,user_03,admin,12,0,1,1,0,9,3,73.73,25,3,7,normal,0
2026-07-11 09:00:00,user_14,employee,9,1,1,1,0,6,4,4.12,6,0,5,normal,0
2026-07-13 13:00:00,user_20,employee,13,0,1,1,0,213,289,6529.95,4,0,54,data_exfiltration,1
2026-07-16 13:00:00,user_18,employee,13,0,1,1,0,7,4,7.62,13,0,5,normal,0
2026-07-14 09:00:00,user_10,analyst,9,0,1,1,0,11,3,12.75,50,0,10,normal,0
2026-07-12 12:00:00,user_11,analyst,12,1,1,1,0,18,4,67.56,37,0,10,normal,0
2026-07-03 10:00:00,user_04,admin,10,0,1,1,0,10,3,32.44,22,2,10,normal,0
2026-07-18 12:00:00,user_03,admin,12,0,1,1,0,13,4,20.04,15,3,10,normal,0
2026-07-09 17:00:00,user_11,analyst,17,0,1,1,0,21,7,26.82,253,15,35,privilege_misuse,1
2026-07-30 15:00:00,user_10,analyst,15,0,2,1,0,15,3,102.03,43,0,14,normal,0
2026-07-12 12:00:00,user_15,employee,12,0,1,1,0,7,5,51.89,11,0,3,normal,0
2026-07-18 13:00:00,user_20,employee,13,0,2,2,0,9,0,18.8,5,0,7,normal,0
2026-07-13 15:00:00,user_23,employee,15,1,1,1,0,8,4,6.74,9,0,6,normal,0
2026-07-16 12:00:00,user_14,employee,12,0,3,1,0,5,6,31.31,5,0,4,normal,0
2026-07-10 03:00:00,user_06,analyst,3,1,3,5,1,15,5,27.76,25,0,10,suspicious_login,1
2026-07-07 14:00:00,user_12,analyst,14,1,1,1,0,8,4,42.06,40,0,10,normal,0
2026-07-19 13:00:00,user_15,employee,13,0,2,1,0,11,4,28.16,13,0,8,normal,0
2026-07-18 14:00:00,user_02,admin,14,0,4,1,0,10,1,1.51,27,4,6,normal,0
2026-07-15 16:00:00,user_24,employee,16,0,6,1,0,7,1,14.76,7,0,4,normal,0
2026-07-29 10:00:00,user_28,employee,10,0,2,1,0,8,5,16.03,4,0,6,normal,0
2026-07-07 15:00:00,user_30,employee,15,0,1,1,0,8,2,14.48,6,0,6,normal,0
2026-07-20 10:00:00,user_12,analyst,10,1,3,1,0,11,3,35.54,28,0,10,normal,0
2026-07-01 11:00:00,user_20,employee,11,0,1,1,0,8,2,62.65,6,0,7,normal,0
2026-07-28 12:00:00,user_14,employee,12,0,1,1,0,11,3,15.76,10,0,6,normal,0
2026-07-21 10:00:00,user_09,analyst,10,0,3,2,0,13,6,10.13,33,0,9,normal,0
2026-07-05 17:00:00,user_21,employee,17,13,0,3,0,4,3,40.74,9,0,2,brute_force,1
2026-07-30 15:00:00,user_03,admin,15,1,1,1,0,14,4,44.96,27,4,8,normal,0
2026-07-30 14:00:00,user_22,employee,14,0,3,1,0,9,3,25.51,5,0,7,normal,0
2026-07-24 14:00:00,user_21,employee,14,1,1,1,0,7,2,19.13,13,0,5,normal,0
2026-07-27 08:00:00,user_13,employee,8,0,3,1,0,7,7,73.71,8,0,6,normal,0
2026-07-19 08:00:00,user_12,analyst,8,0,1,1,0,19,4,102.16,39,0,16,normal,0
2026-07-17 10:00:00,user_17,employee,10,1,1,1,0,8,4,51.4,9,0,5,normal,0
2026-07-20 13:00:00,user_26,employee,13,0,1,1,0,4,2,36.84,13,0,4,normal,0
2026-07-17 11:00:00,user_24,employee,11,0,1,1,0,6,2,13.92,11,0,4,normal,0
2026-07-25 18:00:00,user_22,employee,18,0,1,1,0,9,2,50.46,10,0,5,normal,0
2026-07-12 14:00:00,user_06,analyst,14,1,1,1,0,14,8,19.46,35,0,9,normal,0
2026-07-12 09:00:00,user_01,admin,9,0,3,1,0,15,8,50.6,26,1,12,normal,0
2026-07-02 18:00:00,user_05,analyst,18,0,3,1,0,22,5,47.56,38,0,15,normal,0
2026-07-24 17:00:00,user_28,employee,17,0,3,2,0,6,2,25.06,8,0,5,normal,0
2026-07-30 12:00:00,user_20,employee,12,0,1,1,0,9,1,25.77,7,0,7,normal,0
2026-07-27 15:00:00,user_22,employee,15,0,1,1,0,8,2,0.73,5,0,4,normal,0
2026-07-22 05:00:00,user_26,employee,5,3,1,3,1,4,3,17.63,9,0,3,suspicious_login,1
2026-07-30 12:00:00,user_02,admin,12,0,1,1,0,136,113,5897.05,26,3,149,data_exfiltration,1
2026-07-30 18:00:00,user_03,admin,18,0,1,2,0,8,5,24.12,30,2,6,normal,0
2026-07-08 14:00:00,user_08,analyst,14,0,1,1,0,15,2,15.95,33,0,8,normal,0
2026-07-17 09:00:00,user_25,employee,9,0,4,1,0,6,3,36.19,317,6,20,privilege_misuse,1
2026-07-28 12:00:00,user_12,analyst,12,0,1,2,0,24,4,96.53,42,0,21,normal,0
2026-07-07 13:00:00,user_13,employee,13,0,2,1,0,5,3,12.12,9,0,5,normal,0
2026-07-16 13:00:00,user_19,employee,13,14,1,4,1,10,4,23.56,8,0,6,brute_force,1
2026-07-07 09:00:00,user_20,employee,9,2,2,2,0,7,3,22.27,9,0,4,normal,0
2026-07-12 15:00:00,user_05,analyst,15,0,1,1,0,11,7,57.33,38,0,11,normal,0
2026-07-20 11:00:00,user_22,employee,11,0,4,1,0,5,4,16.06,8,0,4,normal,0
2026-07-05 12:00:00,user_15,employee,12,0,1,1,0,7,3,15.08,5,0,5,normal,0
2026-07-29 08:00:00,user_12,analyst,8,0,1,1,0,13,4,88.6,122,10,71,privilege_misuse,1
2026-07-14 10:00:00,user_15,employee,10,0,1,1,0,8,2,2.67,2,0,5,normal,0
2026-07-24 12:00:00,user_25,employee,12,0,1,1,0,3,3,51.17,8,0,2,normal,0
2026-07-23 10:00:00,user_03,admin,10,0,4,1,1,8,3,38.03,22,0,6,normal,0
2026-07-10 14:00:00,user_19,employee,14,0,1,1,0,8,7,25.16,15,0,7,normal,0
2026-07-26 01:00:00,user_05,analyst,1,13,6,8,1,24,176,3416.94,300,8,111,mixed_anomaly,1
2026-07-10 11:00:00,user_12,analyst,11,1,1,1,0,9,9,49.91,41,0,9,normal,0
2026-07-14 10:00:00,user_13,employee,10,0,4,1,0,6,1,45.94,9,0,3,normal,0
2026-07-16 11:00:00,user_11,analyst,11,0,2,1,0,18,7,17.15,31,0,16,normal,0
2026-07-17 11:00:00,user_21,employee,11,0,1,1,0,8,5,58.99,4,0,4,normal,0
2026-07-17 14:00:00,user_09,analyst,14,0,1,1,0,296,236,7765.24,42,0,190,data_exfiltration,1
2026-07-08 19:00:00,user_04,admin,19,11,0,1,0,6,4,56.7,26,1,6,brute_force,1
2026-07-11 08:00:00,user_24,employee,8,0,1,1,0,14,3,27.29,5,0,10,normal,0
2026-07-28 10:00:00,user_06,analyst,10,0,1,1,0,11,7,66.66,34,0,9,normal,0
2026-07-08 08:00:00,user_16,employee,8,1,1,1,0,5,4,47.66,7,0,3,normal,0
2026-07-24 08:00:00,user_17,employee,8,0,3,1,1,11,3,12.4,7,0,4,normal,0
2026-07-28 04:00:00,user_13,employee,4,18,1,5,1,6,108,1617.89,208,10,105,mixed_anomaly,1
2026-07-27 07:00:00,user_04,admin,7,0,2,1,0,11,9,54.05,24,0,6,normal,0
2026-07-13 13:00:00,user_09,analyst,13,0,2,1,0,13,3,86.48,31,0,8,normal,0
2026-07-26 09:00:00,user_25,employee,9,1,1,1,0,13,3,15.52,306,6,86,privilege_misuse,1
2026-07-18 11:00:00,user_23,employee,11,0,1,1,0,7,2,16.17,7,0,5,normal,0
2026-07-17 13:00:00,user_15,employee,13,0,3,2,0,8,8,74.64,6,0,5,normal,0
2026-07-20 12:00:00,user_07,analyst,12,0,2,1,0,20,6,34.11,34,0,15,normal,0
2026-07-04 18:00:00,user_20,employee,18,0,1,1,0,8,4,109.38,5,0,5,normal,0
2026-07-22 12:00:00,user_10,analyst,12,1,1,1,0,12,3,56.87,36,0,12,normal,0
2026-07-29 16:00:00,user_23,employee,16,0,1,1,0,5,1,22.71,9,0,3,normal,0
2026-07-14 12:00:00,user_30,employee,12,0,2,1,0,7,0,19.2,4,0,3,normal,0
2026-07-15 11:00:00,user_16,employee,11,2,1,1,0,216,290,6931.96,11,0,132,data_exfiltration,1
2026-07-07 10:00:00,user_04,admin,10,0,4,1,0,173,185,4541.39,28,1,120,data_exfiltration,1
2026-07-10 06:00:00,user_28,employee,6,1,2,1,0,7,3,53.9,10,0,5,normal,0
2026-07-06 13:00:00,user_03,admin,13,0,1,1,0,9,2,33.1,27,4,7,normal,0
2026-07-16 14:00:00,user_15,employee,14,0,4,1,0,8,1,31.02,9,0,4,normal,0
2026-07-23 12:00:00,user_06,analyst,12,1,3,1,0,14,2,23.23,42,0,13,normal,0
2026-07-12 15:00:00,user_29,employee,15,0,2,2,0,10,4,24.07,9,0,8,normal,0
2026-07-29 08:00:00,user_23,employee,8,0,1,1,0,10,1,21.86,5,0,8,normal,0
2026-07-22 13:00:00,user_15,employee,13,26,0,4,1,4,2,6.93,10,0,3,brute_force,1
2026-07-13 13:00:00,user_26,employee,13,0,1,1,0,11,5,1.61,5,0,7,normal,0
2026-07-17 19:00:00,user_22,employee,19,2,2,1,0,10,4,18.71,10,0,9,normal,0
2026-07-18 18:00:00,user_28,employee,18,0,3,1,0,12,3,4.63,13,0,10,normal,0
2026-07-26 14:00:00,user_11,analyst,14,0,1,2,0,21,9,42.6,39,0,12,normal,0
2026-07-20 11:00:00,user_22,employee,11,1,1,1,0,12,2,5.17,10,0,10,normal,0
2026-07-22 11:00:00,user_12,analyst,11,1,1,1,0,20,3,58.67,32,0,13,normal,0
2026-07-11 13:00:00,user_23,employee,13,0,1,2,0,7,3,13.8,11,0,5,normal,0
2026-07-01 11:00:00,user_03,admin,11,0,1,1,0,11,3,28.06,21,3,8,normal,0
2026-07-18 16:00:00,user_18,employee,16,0,1,1,0,10,2,14.2,7,0,7,normal,0
2026-07-17 19:00:00,user_18,employee,19,0,1,1,0,7,6,13.09,3,0,4,normal,0
2026-07-03 14:00:00,user_10,analyst,14,1,1,1,0,13,5,7.97,202,21,54,privilege_misuse,1
2026-07-25 11:00:00,user_28,employee,11,1,1,1,0,7,2,17.35,11,0,5,normal,0
2026-07-12 12:00:00,user_06,analyst,12,1,1,1,0,23,7,114.7,29,0,11,normal,0
2026-07-29 13:00:00,user_23,employee,13,0,1,1,0,11,3,68.0,4,0,6,normal,0
2026-07-04 15:00:00,user_23,employee,15,2,1,1,0,6,7,20.7,8,0,3,normal,0
2026-07-14 11:00:00,user_30,employee,11,0,3,1,0,8,4,20.75,7,0,4,normal,0
2026-07-06 18:00:00,user_23,employee,18,1,4,1,0,9,4,12.35,9,0,4,normal,0
2026-07-08 09:00:00,user_21,employee,9,0,1,1,0,5,1,59.27,6,0,4,normal,0
2026-07-18 10:00:00,user_06,analyst,10,1,2,1,0,17,3,4.38,25,0,15,normal,0
2026-07-11 09:00:00,user_26,employee,9,0,2,1,0,9,6,41.83,8,0,6,normal,0
2026-07-23 10:00:00,user_12,analyst,10,0,1,1,0,15,7,53.3,27,0,11,normal,0
2026-07-15 14:00:00,user_17,employee,14,1,1,1,0,369,219,4213.77,10,0,121,data_exfiltration,1
2026-07-04 09:00:00,user_04,admin,9,0,2,1,0,15,4,27.23,27,2,9,normal,0
2026-07-01 12:00:00,user_07,analyst,12,0,1,2,0,21,6,64.54,36,0,18,normal,0
2026-07-29 11:00:00,user_26,employee,11,0,2,1,0,6,7,20.97,5,0,3,normal,0
2026-07-14 12:00:00,user_05,analyst,12,0,2,1,0,19,4,4.14,31,0,14,normal,0
2026-07-05 16:00:00,user_08,analyst,16,0,2,2,0,8,5,148.86,30,0,5,normal,0
2026-07-24 15:00:00,user_26,employee,15,2,1,1,0,9,1,50.75,6,0,4,normal,0
2026-07-15 13:00:00,user_16,employee,13,0,1,1,1,8,4,26.53,10,0,4,normal,0
2026-07-18 09:00:00,user_01,admin,9,0,1,1,0,16,4,35.32,27,1,11,normal,0
2026-07-24 11:00:00,user_12,analyst,11,1,2,1,0,16,3,119.2,41,0,13,normal,0
2026-07-18 15:00:00,user_18,employee,15,0,2,1,0,3,2,30.9,7,0,2,normal,0
2026-07-18 10:00:00,user_19,employee,10,1,2,1,0,9,3,20.71,8,0,4,normal,0
2026-07-14 15:00:00,user_12,analyst,15,0,1,1,0,19,3,80.38,26,0,13,normal,0
2026-07-03 16:00:00,user_15,employee,16,1,1,1,0,11,4,25.18,12,0,7,normal,0
2026-07-07 12:00:00,user_26,employee,12,1,1,1,0,7,3,7.49,10,0,5,normal,0
2026-07-13 12:00:00,user_18,employee,12,0,2,2,0,9,3,22.04,7,0,7,normal,0
2026-07-09 14:00:00,user_05,analyst,14,1,3,1,0,11,5,24.33,29,0,7,normal,0
2026-07-30 15:00:00,user_20,employee,15,0,3,1,0,10,7,80.38,11,0,8,normal,0
2026-07-07 08:00:00,user_29,employee,8,0,1,1,0,8,2,26.64,8,0,4,normal,0
2026-07-14 12:00:00,user_03,admin,12,1,1,2,0,11,4,13.65,23,1,8,normal,0
2026-07-23 07:00:00,user_03,employee,7,0,1,1,0,13,3,88.3,225,11,20,privilege_misuse,1
2026-07-04 11:00:00,user_13,employee,11,0,2,1,0,11,5,11.52,6,0,9,normal,0
2026-07-06 13:00:00,user_23,employee,13,0,1,1,1,10,5,33.04,10,0,5,normal,0
2026-07-23 12:00:00,user_24,employee,12,0,4,1,0,9,4,18.58,9,0,4,normal,0
2026-07-02 03:00:00,user_16,employee,3,11,3,5,1,8,155,4551.95,331,6,77,mixed_anomaly,1
2026-07-23 12:00:00,user_14,employee,12,0,1,1,0,12,3,47.41,7,0,7,normal,0
2026-07-29 13:00:00,user_25,employee,13,0,1,1,0,12,0,16.43,5,0,7,normal,0
2026-07-30 14:00:00,user_14,employee,14,0,4,1,0,14,6,8.42,11,0,8,normal,0
2026-07-14 14:00:00,user_27,employee,14,0,3,1,0,6,3,35.92,8,0,4,normal,0
2026-07-05 15:00:00,user_19,employee,15,0,2,1,0,7,4,46.85,5,0,3,normal,0
2026-07-07 12:00:00,user_03,admin,12,0,4,1,0,15,7,47.15,22,1,10,normal,0
2026-07-10 13:00:00,user_05,analyst,13,0,1,1,0,19,9,139.43,23,0,15,normal,0
2026-07-07 10:00:00,user_11,analyst,10,0,1,2,0,16,9,18.43,37,0,12,normal,0
2026-07-01 11:00:00,user_21,employee,11,2,1,1,0,7,0,6.55,10,0,5,normal,0
2026-07-02 12:00:00,user_03,admin,12,0,2,1,0,10,6,83.24,21,0,6,normal,0
2026-07-21 11:00:00,user_15,employee,11,1,2,1,0,7,2,77.03,11,0,4,normal,0
2026-07-01 10:00:00,user_15,employee,10,0,1,1,0,8,3,39.88,5,0,3,normal,0
2026-07-13 14:00:00,user_22,employee,14,1,2,2,0,12,1,24.65,10,0,9,normal,0
2026-07-19 13:00:00,user_17,employee,13,0,1,1,0,5,1,22.57,9,0,3,normal,0
2026-07-11 14:00:00,user_12,analyst,14,0,3,1,0,19,7,35.11,38,0,12,normal,0
2026-07-06 10:00:00,user_05,analyst,10,0,1,1,0,13,3,99.64,31,0,13,normal,0
2026-07-17 11:00:00,user_29,employee,11,1,2,1,0,8,8,4.67,5,0,5,normal,0
2026-07-28 15:00:00,user_27,employee,15,2,2,1,0,9,0,12.67,8,0,5,normal,0
2026-07-03 15:00:00,user_25,employee,15,0,1,1,0,5,0,95.08,7,0,4,normal,0
2026-07-10 16:00:00,user_18,employee,16,1,1,2,0,3,4,9.96,2,0,2,normal,0
2026-07-20 15:00:00,user_21,employee,15,1,2,2,0,4,1,25.44,12,0,4,normal,0
2026-07-03 13:00:00,user_19,employee,13,0,1,1,0,3,2,11.35,3,0,2,normal,0
2026-07-07 12:00:00,user_06,analyst,12,2,1,1,0,16,2,33.61,32,0,9,normal,0
2026-07-29 15:00:00,user_25,employee,15,1,3,1,0,12,1,63.34,8,0,10,normal,0
2026-07-16 11:00:00,user_05,analyst,11,1,1,1,0,15,8,39.47,39,0,12,normal,0
2026-07-17 13:00:00,user_14,employee,13,0,2,1,0,6,4,32.66,5,0,4,normal,0
2026-07-02 15:00:00,user_17,employee,15,0,1,1,0,6,2,26.09,7,0,3,normal,0
2026-07-28 12:00:00,user_30,employee,12,0,1,1,1,6,3,67.79,10,0,3,normal,0
2026-07-29 14:00:00,user_28,employee,14,0,1,1,0,10,2,64.75,8,0,8,normal,0
2026-07-30 08:00:00,user_02,admin,8,0,1,2,0,11,3,33.66,28,2,9,normal,0
2026-07-23 14:00:00,user_27,employee,14,0,1,1,0,8,5,34.18,9,0,4,normal,0
2026-07-08 15:00:00,user_04,admin,15,0,1,1,0,8,2,88.73,24,0,5,normal,0
2026-07-03 10:00:00,user_17,employee,10,0,2,1,0,14,3,74.74,6,0,11,normal,0
2026-07-15 16:00:00,user_05,analyst,16,1,1,1,0,12,7,52.85,40,0,11,normal,0
2026-07-15 14:00:00,user_10,analyst,14,0,1,1,0,17,6,39.06,37,0,10,normal,0
2026-07-09 11:00:00,user_06,analyst,11,0,1,1,0,287,201,4686.64,33,0,103,data_exfiltration,1
2026-07-07 12:00:00,user_11,analyst,12,1,2,1,0,399,234,7444.11,40,0,173,data_exfiltration,1
2026-07-09 15:00:00,user_12,analyst,15,0,6,1,0,19,4,70.39,30,0,10,normal,0
2026-07-14 12:00:00,user_17,employee,12,0,1,1,0,11,1,43.65,5,0,9,normal,0
2026-07-15 12:00:00,user_29,employee,12,0,3,1,0,4,2,40.28,252,24,86,privilege_misuse,1
2026-07-24 10:00:00,user_28,employee,10,0,1,1,0,4,3,5.16,8,0,3,normal,0
2026-07-19 14:00:00,user_03,admin,14,0,4,1,1,9,2,23.81,20,2,7,normal,0
2026-07-30 13:00:00,user_09,analyst,13,0,1,1,0,8,4,80.33,25,0,7,normal,0
2026-07-24 17:00:00,user_07,analyst,17,2,2,1,0,14,2,44.71,40,0,9,normal,0
2026-07-16 12:00:00,user_21,employee,12,1,3,1,0,10,0,15.06,5,0,8,normal,0
2026-07-29 09:00:00,user_18,employee,9,0,3,1,0,14,1,10.54,7,0,6,normal,0
2026-07-17 15:00:00,user_09,analyst,15,0,1,1,0,15,7,64.5,28,0,11,normal,0
2026-07-15 12:00:00,user_05,analyst,12,0,1,1,0,18,4,11.0,32,0,9,normal,0
2026-07-02 12:00:00,user_21,employee,12,0,2,1,0,10,7,14.78,9,0,4,normal,0
2026-07-28 03:00:00,user_10,analyst,3,12,2,8,1,16,104,3452.22,297,3,105,mixed_anomaly,1
2026-07-14 06:00:00,user_18,employee,6,1,1,1,0,9,7,24.21,4,0,7,normal,0
2026-07-02 10:00:00,user_03,admin,10,0,1,1,0,10,6,11.72,22,1,9,normal,0
2026-07-07 10:00:00,user_17,employee,10,0,1,1,0,6,2,29.89,11,0,4,normal,0
2026-07-06 14:00:00,user_21,employee,14,0,2,1,1,3,5,50.9,9,0,2,normal,0
2026-07-16 10:00:00,user_06,analyst,10,0,2,1,0,17,7,34.98,30,0,16,normal,0
2026-07-27 12:00:00,user_19,employee,12,1,1,1,0,3,3,7.07,7,0,3,normal,0
2026-07-06 09:00:00,user_19,employee,9,1,1,1,0,166,159,1531.69,6,0,160,data_exfiltration,1
2026-07-01 15:00:00,user_06,analyst,15,3,2,1,0,19,7,80.62,29,0,11,normal,0
2026-07-25 03:00:00,user_22,employee,3,12,1,7,1,9,136,4054.56,287,6,140,mixed_anomaly,1
2026-07-03 11:00:00,user_24,employee,11,0,3,1,0,7,5,30.64,11,0,6,normal,0
2026-07-02 10:00:00,user_29,employee,10,3,1,1,0,4,5,15.05,6,0,3,normal,0
2026-07-17 10:00:00,user_20,employee,10,0,2,1,1,9,1,16.14,132,6,31,privilege_misuse,1
2026-07-24 21:00:00,user_27,employee,21,0,1,2,0,8,3,4.41,10,0,5,normal,0
2026-07-19 15:00:00,user_30,employee,15,1,3,1,1,7,3,30.96,6,0,3,normal,0
2026-07-18 15:00:00,user_19,employee,15,0,1,1,0,7,5,49.59,4,0,4,normal,0
2026-07-26 09:00:00,user_02,admin,9,0,2,1,0,12,3,49.55,26,1,8,normal,0
2026-07-16 10:00:00,user_27,employee,10,1,1,1,0,9,1,15.19,13,0,5,normal,0
2026-07-22 14:00:00,user_28,employee,14,0,2,1,0,8,3,27.18,12,0,4,normal,0
2026-07-30 16:00:00,user_01,admin,16,0,2,1,0,12,3,25.47,19,0,7,normal,0
2026-07-28 12:00:00,user_03,admin,12,0,1,1,0,12,3,69.47,36,1,9,normal,0
2026-07-19 12:00:00,user_02,admin,12,0,1,1,0,16,7,97.29,22,5,9,normal,0
2026-07-23 13:00:00,user_21,employee,13,0,2,1,0,7,1,8.11,7,0,6,normal,0
2026-07-26 16:00:00,user_25,employee,16,0,1,1,0,10,3,19.94,9,0,6,normal,0
2026-07-23 14:00:00,user_19,employee,14,0,2,1,0,8,5,19.79,11,0,5,normal,0
2026-07-13 12:00:00,user_09,analyst,12,1,3,1,0,15,4,69.47,35,0,13,normal,0
2026-07-19 19:00:00,user_21,employee,19,0,1,1,0,11,3,58.27,5,0,7,normal,0
2026-07-17 13:00:00,user_07,analyst,13,0,1,1,0,14,3,37.39,45,0,10,normal,0
2026-07-09 12:00:00,user_25,employee,12,2,2,1,0,14,3,13.07,13,0,10,normal,0
2026-07-30 09:00:00,user_19,employee,9,0,1,1,0,6,1,92.26,8,0,5,normal,0
2026-07-25 14:00:00,user_14,employee,14,0,2,2,0,8,4,22.26,13,0,4,normal,0
2026-07-24 16:00:00,user_20,employee,16,26,0,1,1,11,0,24.51,8,0,8,brute_force,1
2026-07-18 06:00:00,user_16,employee,6,0,1,1,0,5,1,24.23,6,0,4,normal,0
2026-07-03 17:00:00,user_29,employee,17,0,3,1,0,7,3,67.38,7,0,4,normal,0
2026-07-07 11:00:00,user_21,employee,11,0,1,1,0,12,5,28.38,12,0,7,normal,0
2026-07-01 18:00:00,user_18,employee,18,0,3,1,0,8,4,14.55,11,0,5,normal,0
2026-07-30 12:00:00,user_10,analyst,12,0,1,1,0,20,3,73.79,44,0,18,normal,0
2026-07-25 14:00:00,user_21,employee,14,1,2,1,0,12,5,12.92,4,0,6,normal,0
2026-07-05 12:00:00,user_10,analyst,12,0,3,1,0,9,4,28.03,34,0,7,normal,0
2026-07-22 15:00:00,user_16,employee,15,0,1,1,0,9,6,34.91,6,0,6,normal,0
2026-07-07 13:00:00,user_08,analyst,13,0,1,1,0,14,2,94.71,29,0,13,normal,0
2026-07-10 17:00:00,user_26,employee,17,1,1,1,0,7,2,55.9,10,0,5,normal,0
2026-07-27 08:00:00,user_26,employee,8,0,1,1,0,6,3,15.17,7,0,4,normal,0
2026-07-24 12:00:00,user_22,employee,12,0,2,1,0,10,2,43.73,9,0,5,normal,0
2026-07-30 11:00:00,user_13,employee,11,0,1,2,0,6,7,50.15,9,0,4,normal,0
2026-07-16 11:00:00,user_10,analyst,11,0,2,1,0,5,10,33.54,39,0,6,normal,0
2026-07-12 11:00:00,user_15,employee,11,0,1,1,0,5,2,63.16,4,0,3,normal,0
2026-07-16 16:00:00,user_03,admin,16,1,1,1,0,10,4,45.85,30,1,7,normal,0
2026-07-26 12:00:00,user_23,employee,12,0,2,1,0,9,1,10.82,10,0,6,normal,0
2026-07-05 14:00:00,user_02,admin,14,0,1,1,0,13,3,18.59,26,4,9,normal,0
2026-07-23 09:00:00,user_06,analyst,9,0,3,1,0,13,6,44.66,36,0,13,normal,0
2026-07-08 16:00:00,user_15,employee,16,1,1,1,0,9,3,43.07,5,0,7,normal,0
2026-07-29 14:00:00,user_14,employee,14,1,3,1,1,10,3,119.74,9,0,6,normal,0
2026-07-30 12:00:00,user_16,employee,12,0,2,1,0,4,1,14.69,3,0,2,normal,0
2026-07-27 16:00:00,user_15,employee,16,1,1,1,0,5,0,47.3,8,0,3,normal,0
2026-07-01 08:00:00,user_07,analyst,8,1,3,1,0,16,4,105.43,30,0,15,normal,0
2026-07-02 18:00:00,user_11,analyst,18,1,2,1,0,26,4,105.47,36,0,12,normal,0
2026-07-23 13:00:00,user_20,employee,13,0,3,1,0,9,3,5.52,4,0,7,normal,0
2026-07-28 13:00:00,user_05,analyst,13,1,1,1,0,21,6,74.62,30,0,16,normal,0
2026-07-30 11:00:00,user_11,analyst,11,0,1,1,0,18,6,39.2,32,0,14,normal,0
2026-07-13 19:00:00,user_28,employee,19,0,1,1,0,6,5,28.82,8,0,5,normal,0
2026-07-27 11:00:00,user_23,employee,11,1,2,1,0,15,2,2.28,6,0,12,normal,0
2026-07-13 12:00:00,user_11,analyst,12,0,1,1,0,20,6,57.65,323,20,20,privilege_misuse,1
2026-07-02 13:00:00,user_13,employee,13,0,2,2,0,2,5,11.33,10,0,2,normal,0
2026-07-02 12:00:00,user_05,analyst,12,1,1,1,0,8,4,34.62,37,0,8,normal,0
2026-07-11 06:00:00,user_25,employee,6,1,1,2,0,7,3,41.43,4,0,5,normal,0
2026-07-02 15:00:00,user_12,analyst,15,1,1,1,0,16,6,33.43,39,0,12,normal,0
2026-07-02 15:00:00,user_17,employee,15,0,2,1,0,8,1,23.95,7,0,4,normal,0
2026-07-02 14:00:00,user_18,employee,14,1,3,1,0,6,2,40.79,2,0,3,normal,0
2026-07-23 15:00:00,user_04,admin,15,0,2,1,0,15,3,40.43,26,1,11,normal,0
2026-07-28 11:00:00,user_11,analyst,11,0,2,1,1,21,3,44.89,38,0,16,normal,0
2026-07-23 11:00:00,user_08,analyst,11,1,5,1,0,19,4,102.34,37,0,14,normal,0
2026-07-04 11:00:00,user_15,employee,11,0,2,1,0,5,1,10.33,6,0,3,normal,0
2026-07-03 06:00:00,user_04,admin,6,1,1,1,0,14,6,45.47,21,5,8,normal,0
2026-07-06 15:00:00,user_09,analyst,15,1,3,1,0,12,3,80.12,45,0,13,normal,0
2026-07-01 10:00:00,user_15,employee,10,0,1,1,0,5,8,76.34,10,0,4,normal,0
2026-07-27 10:00:00,user_08,analyst,10,2,1,1,0,13,4,46.62,44,0,11,normal,0
2026-07-15 14:00:00,user_05,analyst,14,0,4,1,0,11,5,93.6,36,0,9,normal,0
2026-07-06 10:00:00,user_04,admin,10,0,3,1,0,14,4,53.54,26,2,10,normal,0
2026-07-16 13:00:00,user_02,admin,13,0,1,1,0,20,3,42.42,21,4,18,normal,0
2026-07-01 13:00:00,user_10,analyst,13,0,1,1,0,17,3,43.92,35,0,13,normal,0
2026-07-02 17:00:00,user_13,employee,17,0,1,1,1,13,1,35.98,12,0,10,normal,0
2026-07-22 02:00:00,user_28,employee,2,7,1,4,1,10,172,1306.0,270,7,135,mixed_anomaly,1
2026-07-10 12:00:00,user_14,employee,12,1,1,1,0,4,4,24.6,8,0,2,normal,0
2026-07-13 15:00:00,user_08,analyst,15,0,1,1,0,16,10,29.74,25,0,11,normal,0
2026-07-06 10:00:00,user_28,employee,10,1,2,1,0,7,5,49.05,5,0,4,normal,0
2026-07-29 16:00:00,user_29,employee,16,0,2,1,0,6,4,24.96,9,0,5,normal,0
2026-07-06 16:00:00,user_06,analyst,16,0,1,1,0,21,4,128.98,32,0,13,normal,0
2026-07-25 13:00:00,user_27,employee,13,0,1,1,0,7,7,29.43,7,0,3,normal,0
2026-07-27 11:00:00,user_11,analyst,11,0,2,1,0,19,4,46.92,32,0,12,normal,0
2026-07-21 07:00:00,user_30,employee,7,0,2,1,0,9,2,120.61,7,0,5,normal,0
2026-07-29 10:00:00,user_19,employee,10,0,1,2,0,10,3,9.21,6,0,6,normal,0
2026-07-26 19:00:00,user_24,employee,19,0,1,1,0,9,1,13.99,9,0,5,normal,0
2026-07-14 07:00:00,user_11,analyst,7,1,1,1,0,14,2,160.46,35,0,13,normal,0
2026-07-06 11:00:00,user_07,analyst,11,0,1,1,1,10,5,33.58,41,0,9,normal,0
2026-07-12 15:00:00,user_25,employee,15,1,2,1,0,4,5,18.01,8,0,3,normal,0
2026-07-27 14:00:00,user_06,analyst,14,0,2,1,0,11,4,28.37,34,0,11,normal,0
2026-07-23 01:00:00,user_16,employee,1,11,4,5,1,8,88,4478.49,487,2,131,mixed_anomaly,1
2026-07-01 12:00:00,user_15,employee,12,0,1,1,0,7,1,16.83,8,0,4,normal,0
2026-07-24 15:00:00,user_16,employee,15,0,1,1,0,12,2,9.2,7,0,6,normal,0
2026-07-20 14:00:00,user_29,employee,14,0,3,1,0,8,1,49.57,297,19,29,privilege_misuse,1
2026-07-28 16:00:00,user_16,employee,16,0,1,1,0,10,2,45.63,9,0,4,normal,0
2026-07-16 12:00:00,user_01,admin,12,0,1,1,0,19,4,80.54,28,3,17,normal,0
2026-07-07 12:00:00,user_03,admin,12,1,1,1,0,11,4,40.51,26,2,6,normal,0
2026-07-02 13:00:00,user_13,employee,13,0,2,1,0,10,4,62.99,7,0,6,normal,0
2026-07-07 14:00:00,user_17,employee,14,2,1,1,0,10,6,41.59,9,0,4,normal,0
2026-07-26 15:00:00,user_15,employee,15,2,1,1,0,5,5,14.13,4,0,4,normal,0
2026-07-02 13:00:00,user_08,analyst,13,0,3,2,0,14,6,65.67,44,0,11,normal,0
2026-07-03 13:00:00,user_07,analyst,13,0,1,1,0,15,5,112.8,26,0,10,normal,0
2026-07-08 10:00:00,user_19,employee,10,0,3,1,0,11,2,44.21,4,0,8,normal,0
2026-07-11 14:00:00,user_12,analyst,14,0,3,1,0,9,4,71.46,43,0,9,normal,0
2026-07-17 10:00:00,user_02,admin,10,0,1,1,0,14,7,10.78,25,7,12,normal,0
2026-07-04 13:00:00,user_02,admin,13,0,1,1,0,14,4,17.53,29,2,10,normal,0
2026-07-26 13:00:00,user_10,analyst,13,0,1,2,0,16,7,52.16,38,0,13,normal,0
2026-07-05 06:00:00,user_16,employee,6,0,3,1,0,13,5,55.54,9,0,9,normal,0
2026-07-17 18:00:00,user_20,employee,18,1,1,1,0,2,3,21.37,9,0,2,normal,0
2026-07-11 10:00:00,user_29,employee,10,0,1,1,0,7,1,24.42,10,0,6,normal,0
2026-07-02 13:00:00,user_27,employee,13,2,1,1,0,11,3,46.03,11,0,7,normal,0
2026-07-21 02:00:00,user_21,employee,2,3,4,8,1,11,2,5.92,5,0,8,suspicious_login,1
2026-07-12 14:00:00,user_10,analyst,14,0,3,1,0,15,8,49.43,34,0,9,normal,0
2026-07-01 11:00:00,user_18,employee,11,0,1,2,0,10,4,2.08,5,0,7,normal,0
2026-07-01 13:00:00,user_01,admin,13,30,1,3,0,12,4,5.36,20,2,9,brute_force,1
2026-07-02 11:00:00,user_14,employee,11,0,1,1,0,6,3,8.56,15,0,4,normal,0
2026-07-04 16:00:00,user_05,analyst,16,0,2,1,0,14,14,69.85,28,0,13,normal,0
2026-07-19 11:00:00,user_29,employee,11,0,1,2,0,8,4,42.64,11,0,5,normal,0
2026-07-14 11:00:00,user_09,analyst,11,0,1,1,0,9,7,32.67,30,0,8,normal,0
2026-07-06 11:00:00,user_24,employee,11,3,1,1,0,10,1,22.89,5,0,6,normal,0
2026-07-21 12:00:00,user_12,analyst,12,0,1,1,0,8,5,35.5,36,0,9,normal,0
2026-07-07 10:00:00,user_25,employee,10,1,1,1,0,9,2,63.21,12,0,5,normal,0
2026-07-07 10:00:00,user_13,employee,10,1,1,2,0,14,1,16.94,10,0,11,normal,0
2026-07-15 10:00:00,user_12,analyst,10,0,2,1,0,11,7,39.7,26,0,6,normal,0
2026-07-15 10:00:00,user_02,admin,10,0,2,2,0,12,6,41.11,21,3,11,normal,0
2026-07-28 14:00:00,user_13,employee,14,26,1,1,1,9,2,98.99,15,0,4,brute_force,1
2026-07-28 11:00:00,user_19,employee,11,0,4,2,0,10,3,33.83,9,0,9,normal,0
2026-07-02 09:00:00,user_18,employee,9,0,3,1,0,6,4,44.79,10,0,4,normal,0
2026-07-07 11:00:00,user_07,analyst,11,0,1,1,0,18,3,59.15,173,23,60,privilege_misuse,1
2026-07-09 11:00:00,user_18,employee,11,0,1,1,0,8,4,26.87,12,0,6,normal,0
2026-07-29 12:00:00,user_10,analyst,12,1,1,1,0,14,5,54.64,32,0,8,normal,0
2026-07-14 13:00:00,user_03,admin,13,0,1,1,0,13,5,54.32,23,0,8,normal,0
2026-07-21 04:00:00,user_13,employee,4,14,1,6,1,5,59,2225.34,257,8,94,mixed_anomaly,1
2026-07-04 08:00:00,user_15,employee,8,0,1,1,0,4,2,31.1,12,0,3,normal,0
2026-07-07 11:00:00,user_25,employee,11,0,1,1,0,5,5,10.61,5,0,2,normal,0
2026-07-30 13:00:00,user_18,employee,13,0,1,1,0,17,1,17.25,12,0,11,normal,0
2026-07-19 10:00:00,user_09,analyst,10,0,1,1,0,13,3,68.42,31,0,9,normal,0
2026-07-15 14:00:00,user_27,employee,14,1,1,1,0,6,4,22.93,5,0,3,normal,0
2026-07-27 15:00:00,user_20,employee,15,0,1,1,1,9,4,12.3,17,0,7,normal,0
2026-07-09 08:00:00,user_22,employee,8,1,3,1,0,11,5,50.12,13,0,7,normal,0
2026-07-18 16:00:00,user_20,employee,16,0,1,1,1,14,5,27.96,10,0,10,normal,0
2026-07-22 15:00:00,user_04,admin,15,0,2,1,0,10,9,38.76,18,4,9,normal,0
2026-07-25 08:00:00,user_05,analyst,8,0,1,1,0,14,4,121.53,30,0,11,normal,0
2026-07-01 11:00:00,user_04,admin,11,0,4,1,0,8,1,42.11,27,0,6,normal,0
2026-07-07 08:00:00,user_13,employee,8,0,1,1,0,6,2,20.2,13,0,3,normal,0
2026-07-29 10:00:00,user_12,analyst,10,1,1,1,0,15,9,125.96,26,0,9,normal,0
2026-07-04 12:00:00,user_26,employee,12,0,1,1,0,6,0,27.37,9,0,3,normal,0
2026-07-18 15:00:00,user_11,analyst,15,0,1,1,0,23,2,36.67,31,0,20,normal,0
2026-07-27 08:00:00,user_18,employee,8,0,2,1,0,9,4,42.6,8,0,5,normal,0
2026-07-03 12:00:00,user_12,analyst,12,0,1,1,0,16,9,45.85,34,0,9,normal,0
2026-07-30 12:00:00,user_25,employee,12,0,1,1,0,11,2,18.64,10,0,5,normal,0
2026-07-24 15:00:00,user_05,analyst,15,0,2,1,0,15,7,41.03,25,0,8,normal,0
2026-07-18 09:00:00,user_07,analyst,9,0,2,1,0,14,4,81.42,35,0,11,normal,0
2026-07-23 20:00:00,user_20,employee,20,0,2,1,0,5,1,65.37,11,0,5,normal,0
2026-07-07 12:00:00,user_17,employee,12,0,1,1,0,8,4,22.53,5,0,6,normal,0
2026-07-10 10:00:00,user_13,employee,10,0,1,1,0,7,5,38.57,10,0,4,normal,0
2026-07-08 12:00:00,user_17,employee,12,1,1,1,0,7,6,62.06,6,0,4,normal,0
2026-07-10 14:00:00,user_02,admin,14,0,1,1,0,8,2,54.29,20,2,7,normal,0
2026-07-12 14:00:00,user_02,admin,14,0,3,1,0,7,7,41.06,28,2,5,normal,0
2026-07-07 13:00:00,user_02,admin,13,2,1,1,0,8,4,67.44,17,3,5,normal,0
2026-07-30 14:00:00,user_05,analyst,14,0,1,1,0,11,4,60.38,30,0,10,normal,0
2026-07-24 18:00:00,user_23,employee,18,0,2,1,0,6,4,15.67,12,0,5,normal,0
2026-07-20 14:00:00,user_11,analyst,14,0,1,1,0,15,4,61.83,18,0,11,normal,0
2026-07-21 23:00:00,user_26,employee,23,5,1,6,1,6,4,55.04,8,0,3,suspicious_login,1
2026-07-16 14:00:00,user_17,employee,14,0,2,1,0,11,5,17.6,5,0,5,normal,0
2026-07-30 18:00:00,user_15,employee,18,0,1,1,0,407,279,7442.4,13,0,199,data_exfiltration,1
2026-07-01 08:00:00,user_20,employee,8,0,2,1,0,6,4,76.38,5,0,3,normal,0
2026-07-09 13:00:00,user_29,employee,13,0,2,1,0,9,4,8.29,9,0,5,normal,0
2026-07-25 12:00:00,user_17,employee,12,1,2,1,0,192,159,4872.7,4,0,207,data_exfiltration,1
2026-07-23 11:00:00,user_11,analyst,11,0,2,1,0,14,3,24.35,34,0,12,normal,0
2026-07-10 16:00:00,user_30,employee,16,0,1,1,0,9,5,20.43,6,0,6,normal,0
2026-07-22 18:00:00,user_20,employee,18,0,1,1,0,5,6,77.88,5,0,4,normal,0
2026-07-22 14:00:00,user_11,analyst,14,0,1,1,0,6,7,46.1,29,0,5,normal,0
2026-07-03 11:00:00,user_06,analyst,11,0,2,1,0,15,6,23.56,38,0,11,normal,0
2026-07-30 10:00:00,user_13,employee,10,1,1,1,0,13,5,15.9,6,0,11,normal,0
2026-07-29 12:00:00,user_20,employee,12,0,1,1,0,9,3,33.85,7,0,4,normal,0
2026-07-08 14:00:00,user_24,employee,14,0,1,1,0,11,4,17.91,10,0,7,normal,0
2026-07-13 15:00:00,user_27,employee,15,1,1,1,0,11,1,49.26,9,0,9,normal,0
2026-07-10 14:00:00,user_10,analyst,14,0,1,1,0,14,2,35.03,37,0,14,normal,0
2026-07-27 12:00:00,user_19,employee,12,0,1,1,0,9,5,30.26,5,0,6,normal,0
2026-07-07 13:00:00,user_11,analyst,13,0,5,1,0,16,5,29.96,35,0,15,normal,0
2026-07-18 12:00:00,user_17,employee,12,0,2,1,0,11,2,50.97,6,0,7,normal,0
2026-07-28 08:00:00,user_27,employee,8,0,1,1,0,9,2,74.72,8,0,5,normal,0
2026-07-19 00:00:00,user_17,employee,0,18,2,4,1,8,160,5787.55,219,10,102,mixed_anomaly,1
2026-07-09 18:00:00,user_16,employee,18,0,3,1,0,11,5,24.47,10,0,8,normal,0
2026-07-05 13:00:00,user_23,employee,13,0,1,1,0,6,3,33.94,5,0,5,normal,0
2026-07-08 09:00:00,user_19,employee,9,0,2,1,0,10,3,38.6,9,0,5,normal,0
2026-07-19 11:00:00,user_10,analyst,11,0,1,2,1,20,7,91.02,26,0,12,normal,0
2026-07-03 15:00:00,user_16,employee,15,1,3,2,0,4,5,52.04,6,0,3,normal,0
2026-07-21 10:00:00,user_27,employee,10,1,1,1,0,11,0,4.75,10,0,6,normal,0
2026-07-25 07:00:00,user_01,admin,7,1,3,1,0,10,3,7.65,24,4,7,normal,0
2026-07-10 16:00:00,user_12,analyst,16,1,4,1,0,19,8,35.43,120,6,22,privilege_misuse,1
2026-07-13 15:00:00,user_22,employee,15,0,2,1,0,7,1,46.32,11,0,4,normal,0
2026-07-05 14:00:00,user_04,admin,14,0,2,1,0,7,5,25.93,26,1,7,normal,0
2026-07-15 12:00:00,user_14,employee,12,2,1,1,0,7,3,56.46,11,0,4,normal,0
2026-07-20 09:00:00,user_19,employee,9,1,3,1,0,11,3,23.13,6,0,7,normal,0
2026-07-11 15:00:00,user_10,analyst,15,0,1,1,0,16,3,101.71,36,0,12,normal,0
2026-07-23 13:00:00,user_26,employee,13,12,0,4,0,10,4,10.9,6,0,4,brute_force,1
2026-07-17 12:00:00,user_20,employee,12,0,1,1,0,6,3,12.37,6,0,3,normal,0
2026-07-06 09:00:00,user_16,employee,9,1,1,1,0,9,2,7.39,11,0,5,normal,0
2026-07-05 18:00:00,user_09,analyst,18,0,1,1,0,24,11,20.35,37,0,20,normal,0
2026-07-19 11:00:00,user_21,employee,11,1,1,1,0,7,4,11.39,4,0,4,normal,0
2026-07-17 14:00:00,user_26,employee,14,1,1,1,0,5,3,33.88,13,0,4,normal,0
2026-07-27 17:00:00,user_25,employee,17,1,2,1,0,11,4,16.28,10,0,6,normal,0
2026-07-05 13:00:00,user_19,employee,13,0,1,1,0,11,3,14.34,7,0,7,normal,0
2026-07-06 06:00:00,user_19,employee,6,0,1,1,0,10,2,16.41,5,0,4,normal,0
2026-07-20 11:00:00,user_08,analyst,11,0,1,2,0,18,5,31.57,28,0,13,normal,0
2026-07-04 10:00:00,user_24,employee,10,1,3,1,0,10,4,13.33,15,0,8,normal,0
2026-07-28 12:00:00,user_02,admin,12,0,1,1,0,16,3,24.35,29,1,14,normal,0
2026-07-14 12:00:00,user_19,employee,12,0,1,1,0,8,3,40.9,6,0,5,normal,0
2026-07-22 17:00:00,user_16,employee,17,0,3,1,0,5,4,52.83,13,0,5,normal,0
2026-07-16 13:00:00,user_06,analyst,13,1,1,1,0,19,11,62.71,33,0,15,normal,0
2026-07-29 08:00:00,user_17,employee,8,1,2,2,0,6,4,13.21,8,0,3,normal,0
2026-07-23 14:00:00,user_21,employee,14,1,2,1,0,8,5,36.36,12,0,4,normal,0
2026-07-29 04:00:00,user_24,employee,4,8,1,6,1,9,82,2399.37,198,8,103,mixed_anomaly,1
2026-07-29 07:00:00,user_25,employee,7,0,1,1,0,10,2,8.49,9,0,6,normal,0
2026-07-13 12:00:00,user_27,employee,12,0,1,2,0,6,4,57.68,13,0,3,normal,0
2026-07-23 08:00:00,user_13,employee,8,0,1,1,0,7,2,51.42,6,0,6,normal,0
2026-07-20 14:00:00,user_05,analyst,14,0,4,1,0,16,6,87.14,47,0,15,normal,0
2026-07-18 12:00:00,user_27,employee,12,0,2,1,0,9,1,3.22,6,0,4,normal,0
2026-07-25 14:00:00,user_22,employee,14,0,1,1,0,13,2,23.58,12,0,11,normal,0
2026-07-30 14:00:00,user_08,analyst,14,0,1,1,0,10,3,36.91,35,0,9,normal,0
2026-07-30 08:00:00,user_02,admin,8,0,1,1,0,15,5,21.85,17,1,9,normal,0
2026-07-14 08:00:00,user_19,employee,8,0,1,1,0,5,4,52.02,11,0,3,normal,0
2026-07-04 15:00:00,user_23,employee,15,0,1,1,0,9,5,6.81,10,0,5,normal,0
2026-07-23 10:00:00,user_04,admin,10,0,1,1,0,8,3,74.62,20,3,6,normal,0
2026-07-10 09:00:00,user_07,analyst,9,0,1,1,0,16,6,19.02,29,0,10,normal,0
2026-07-13 14:00:00,user_01,admin,14,0,1,1,1,16,4,40.07,32,2,8,normal,0
2026-07-16 08:00:00,user_15,employee,8,0,1,1,0,5,3,24.83,5,0,4,normal,0
2026-07-24 21:00:00,user_11,analyst,21,0,1,2,0,13,4,30.93,38,0,10,normal,0
2026-07-14 12:00:00,user_14,employee,12,1,2,1,0,3,3,52.9,7,0,2,normal,0
2026-07-24 16:00:00,user_05,analyst,16,0,1,1,0,22,8,30.03,32,0,14,normal,0
2026-07-21 13:00:00,user_14,employee,13,0,1,1,0,9,3,39.05,5,0,4,normal,0
2026-07-06 17:00:00,user_23,employee,17,0,1,1,1,13,2,12.96,8,0,11,normal,0
2026-07-17 11:00:00,user_07,analyst,11,1,3,1,0,13,4,109.34,38,0,12,normal,0
2026-07-26 15:00:00,user_14,employee,15,0,1,1,0,9,6,14.77,11,0,6,normal,0
2026-07-06 06:00:00,user_17,employee,6,0,2,1,0,12,3,49.93,7,0,7,normal,0
2026-07-24 10:00:00,user_25,employee,10,0,3,1,0,4,3,30.55,5,0,3,normal,0
2026-07-19 17:00:00,user_20,employee,17,1,2,1,0,10,3,17.93,9,0,6,normal,0
2026-07-05 15:00:00,user_30,employee,15,0,2,1,0,9,4,80.85,5,0,4,normal,0
2026-07-30 13:00:00,user_16,employee,13,0,3,1,0,11,2,38.23,9,0,7,normal,0
2026-07-13 13:00:00,user_28,employee,13,27,1,3,1,5,1,40.15,5,0,4,brute_force,1
2026-07-24 12:00:00,user_23,employee,12,0,1,1,0,11,2,91.02,8,0,7,normal,0
2026-07-16 12:00:00,user_05,analyst,12,1,2,1,0,13,5,150.83,28,0,8,normal,0
2026-07-15 06:00:00,user_17,employee,6,3,1,1,0,13,1,81.94,8,0,8,normal,0
2026-07-05 17:00:00,user_07,analyst,17,0,2,2,0,8,6,121.77,32,0,6,normal,0
2026-07-22 07:00:00,user_18,employee,7,0,1,1,0,11,8,39.99,15,0,7,normal,0
2026-07-01 11:00:00,user_11,analyst,11,0,1,1,0,13,2,57.64,42,0,9,normal,0
2026-07-05 14:00:00,user_22,employee,14,0,3,1,0,7,4,43.43,7,0,4,normal,0
2026-07-25 14:00:00,user_16,employee,14,1,1,2,0,6,2,57.62,7,0,3,normal,0
2026-07-21 16:00:00,user_17,employee,16,0,2,1,0,7,8,11.77,6,0,6,normal,0
2026-07-05 10:00:00,user_13,employee,10,0,1,1,1,13,2,8.42,8,0,8,normal,0
2026-07-09 12:00:00,user_11,analyst,12,0,2,1,0,287,309,3099.91,37,0,56,data_exfiltration,1
2026-07-04 10:00:00,user_15,employee,10,0,2,1,1,8,1,12.71,4,0,6,normal,0
2026-07-17 15:00:00,user_30,employee,15,0,1,1,0,8,2,22.22,9,0,5,normal,0
2026-07-19 12:00:00,user_18,employee,12,1,1,1,0,8,2,61.82,5,0,4,normal,0
2026-07-02 14:00:00,user_11,analyst,14,1,1,1,0,8,8,51.81,38,0,8,normal,0
2026-07-15 13:00:00,user_18,employee,13,0,1,2,0,7,4,40.73,6,0,5,normal,0
2026-07-03 09:00:00,user_12,analyst,9,0,2,1,0,26,2,185.24,37,0,23,normal,0
2026-07-22 14:00:00,user_22,employee,14,1,2,1,0,6,2,2.64,254,18,75,privilege_misuse,1
2026-07-05 08:00:00,user_20,employee,8,1,1,1,0,8,3,16.18,12,0,6,normal,0
2026-07-23 13:00:00,user_16,employee,13,0,1,2,0,9,2,7.83,17,0,7,normal,0
2026-07-22 15:00:00,user_07,analyst,15,0,1,1,0,14,4,138.18,27,0,9,normal,0
2026-07-12 14:00:00,user_08,analyst,14,1,2,1,0,18,6,23.35,36,0,10,normal,0
2026-07-17 14:00:00,user_09,analyst,14,0,1,1,0,22,3,75.62,35,0,12,normal,0
2026-07-19 13:00:00,user_18,employee,13,0,1,1,0,7,2,28.5,8,0,4,normal,0
2026-07-19 11:00:00,user_10,analyst,11,0,1,2,0,11,3,32.01,26,0,7,normal,0
2026-07-04 13:00:00,user_08,analyst,13,0,2,1,0,13,4,57.9,33,0,12,normal,0
2026-07-28 11:00:00,user_10,analyst,11,0,1,2,0,14,3,31.72,37,0,9,normal,0
2026-07-18 10:00:00,user_25,employee,10,1,4,1,0,8,3,8.69,257,19,85,privilege_misuse,1
2026-07-16 12:00:00,user_23,employee,12,0,1,2,1,13,4,7.18,10,0,9,normal,0
2026-07-14 13:00:00,user_07,analyst,13,0,1,1,0,15,4,91.84,29,0,9,normal,0
2026-07-27 00:00:00,user_23,employee,0,2,2,5,1,7,2,9.76,6,0,3,suspicious_login,1
2026-07-26 12:00:00,user_11,analyst,12,1,1,1,0,14,6,41.82,29,0,8,normal,0
2026-07-18 13:00:00,user_16,employee,13,0,4,1,0,5,2,25.04,3,0,3,normal,0
2026-07-03 14:00:00,user_12,analyst,14,0,2,1,0,15,6,72.11,47,0,12,normal,0
2026-07-08 18:00:00,user_18,employee,18,1,4,1,1,13,5,36.49,6,0,6,normal,0
2026-07-13 15:00:00,user_30,employee,15,1,4,1,0,6,1,8.18,4,0,4,normal,0
2026-07-29 08:00:00,user_30,employee,8,0,2,1,0,9,6,8.52,14,0,8,normal,0
2026-07-12 10:00:00,user_26,employee,10,0,1,1,0,2,1,13.29,10,0,2,normal,0
2026-07-15 11:00:00,user_24,employee,11,0,2,1,0,6,0,20.98,11,0,5,normal,0
2026-07-28 13:00:00,user_09,analyst,13,0,1,1,0,18,8,55.56,39,0,13,normal,0
2026-07-25 07:00:00,user_10,analyst,7,0,1,1,0,21,4,18.2,40,0,14,normal,0
2026-07-08 12:00:00,user_04,admin,12,0,3,1,0,10,5,24.58,24,6,7,normal,0
2026-07-20 13:00:00,user_19,employee,13,0,1,1,0,8,9,10.62,7,0,5,normal,0
2026-07-22 14:00:00,user_22,employee,14,0,2,2,0,9,4,43.02,4,0,6,normal,0
2026-07-01 09:00:00,user_18,employee,9,0,1,1,1,17,3,15.79,11,0,10,normal,0
2026-07-11 23:00:00,user_13,employee,23,2,1,5,1,5,4,7.07,6,0,4,suspicious_login,1
2026-07-14 10:00:00,user_27,employee,10,0,1,1,0,4,3,59.88,10,0,2,normal,0
2026-07-19 15:00:00,user_12,analyst,15,0,1,1,0,17,5,39.08,46,0,15,normal,0
2026-07-25 13:00:00,user_25,employee,13,0,2,1,0,6,2,13.62,6,0,5,normal,0
2026-07-02 13:00:00,user_26,employee,13,1,2,1,0,5,2,49.09,8,0,5,normal,0
2026-07-02 12:00:00,user_05,analyst,12,2,3,1,0,11,6,60.41,44,0,11,normal,0
2026-07-02 11:00:00,user_10,analyst,11,1,2,1,0,13,5,98.33,36,0,8,normal,0
2026-07-26 06:00:00,user_02,admin,6,0,1,1,0,9,4,39.55,25,3,5,normal,0
2026-07-29 13:00:00,user_10,analyst,13,0,1,1,0,19,6,122.7,36,0,17,normal,0
2026-07-29 17:00:00,user_23,employee,17,0,4,1,0,17,2,31.45,13,0,10,normal,0
2026-07-20 15:00:00,user_03,admin,15,0,1,1,0,13,6,34.76,23,1,7,normal,0
2026-07-21 10:00:00,user_12,analyst,10,0,4,1,0,17,5,29.16,30,0,14,normal,0
2026-07-12 14:00:00,user_30,employee,14,0,1,1,0,9,4,2.47,5,0,7,normal,0
2026-07-30 09:00:00,user_15,employee,9,0,1,2,0,10,4,30.19,6,0,7,normal,0
2026-07-04 09:00:00,user_21,employee,9,0,1,1,0,7,2,86.12,7,0,5,normal,0
2026-07-02 13:00:00,user_09,analyst,13,0,1,1,0,12,5,29.64,42,0,10,normal,0
2026-07-05 18:00:00,user_24,employee,18,0,1,1,0,10,3,22.58,8,0,7,normal,0
2026-07-29 12:00:00,user_16,employee,12,0,2,1,0,9,2,62.48,10,0,7,normal,0
2026-07-25 11:00:00,user_07,analyst,11,1,3,1,0,15,4,36.56,30,0,13,normal,0
2026-07-10 15:00:00,user_07,analyst,15,0,1,1,0,19,2,74.52,24,0,10,normal,0
2026-07-10 12:00:00,user_27,employee,12,0,1,1,0,6,2,46.95,8,0,4,normal,0
2026-07-21 12:00:00,user_18,employee,12,0,1,1,0,14,2,10.35,5,0,6,normal,0
2026-07-03 13:00:00,user_09,analyst,13,1,1,1,0,11,6,133.93,30,0,8,normal,0
2026-07-20 15:00:00,user_30,employee,15,0,1,1,0,9,5,41.03,4,0,4,normal,0
2026-07-10 14:00:00,user_18,employee,14,2,1,1,0,11,4,55.02,8,0,8,normal,0
2026-07-03 15:00:00,user_23,employee,15,0,1,1,0,5,3,25.71,6,0,2,normal,0
2026-07-15 14:00:00,user_09,analyst,14,1,2,1,0,20,5,37.99,22,0,17,normal,0
2026-07-23 09:00:00,user_05,analyst,9,0,1,1,0,14,1,48.73,39,0,8,normal,0
2026-07-10 11:00:00,user_04,admin,11,0,2,1,0,10,8,30.63,29,2,10,normal,0
2026-07-07 18:00:00,user_20,employee,18,0,1,1,0,10,2,22.17,6,0,6,normal,0
2026-07-21 11:00:00,user_24,employee,11,0,1,2,0,11,6,47.82,3,0,4,normal,0
2026-07-25 12:00:00,user_19,employee,12,0,2,1,0,8,2,44.54,9,0,6,normal,0
2026-07-22 06:00:00,user_08,analyst,6,0,3,1,0,12,6,52.75,37,0,12,normal,0
2026-07-02 16:00:00,user_08,analyst,16,0,2,2,0,12,4,45.28,18,0,8,normal,0
2026-07-19 15:00:00,user_02,admin,15,0,1,1,0,15,4,56.33,26,3,13,normal,0
2026-07-06 13:00:00,user_22,employee,13,0,4,1,0,8,1,5.32,8,0,4,normal,0
2026-07-29 08:00:00,user_29,employee,8,0,1,1,0,12,2,50.62,9,0,8,normal,0
2026-07-26 11:00:00,user_17,employee,11,1,3,1,0,3,4,67.93,6,0,3,normal,0
2026-07-26 13:00:00,user_08,analyst,13,0,2,1,0,14,5,42.0,27,0,13,normal,0
2026-07-27 12:00:00,user_21,employee,12,0,2,1,0,8,5,22.81,15,0,6,normal,0
2026-07-25 13:00:00,user_08,analyst,13,0,2,1,0,15,9,39.23,29,0,11,normal,0
2026-07-02 12:00:00,user_02,admin,12,1,1,2,0,10,3,12.83,30,2,9,normal,0
2026-07-12 13:00:00,user_04,admin,13,1,1,1,0,9,4,20.03,23,1,9,normal,0
2026-07-17 12:00:00,user_14,employee,12,1,1,1,0,5,3,20.12,10,0,4,normal,0
2026-07-09 12:00:00,user_11,analyst,12,0,2,1,0,13,4,20.72,40,0,11,normal,0
2026-07-20 11:00:00,user_23,employee,11,0,1,1,0,8,3,45.34,14,0,6,normal,0
2026-07-20 13:00:00,user_16,employee,13,1,2,1,0,2,3,24.07,7,0,1,normal,0
2026-07-26 14:00:00,user_04,admin,14,0,1,1,0,18,3,50.52,30,1,13,normal,0
2026-07-14 09:00:00,user_22,employee,9,1,2,1,0,13,6,52.05,6,0,8,normal,0
2026-07-29 14:00:00,user_25,employee,14,0,1,2,0,8,3,13.54,7,0,6,normal,0
2026-07-30 12:00:00,user_05,analyst,12,0,1,1,0,20,6,26.4,41,0,16,normal,0
2026-07-09 11:00:00,user_01,admin,11,0,1,1,0,11,2,70.61,27,0,8,normal,0
2026-07-19 14:00:00,user_18,employee,14,0,1,1,0,7,3,34.83,9,0,4,normal,0
2026-07-21 13:00:00,user_30,employee,13,1,1,1,0,10,4,1.13,6,0,6,normal,0
2026-07-19 15:00:00,user_06,analyst,15,1,2,2,0,13,4,94.73,41,0,10,normal,0
2026-07-08 08:00:00,user_14,employee,8,0,1,1,0,11,2,41.32,6,0,6,normal,0
2026-07-06 05:00:00,user_21,employee,5,3,1,7,1,13,3,12.97,12,0,8,suspicious_login,1
2026-07-05 09:00:00,user_16,employee,9,0,1,1,0,7,5,68.59,14,0,6,normal,0
2026-07-09 13:00:00,user_21,employee,13,0,3,1,0,6,2,15.05,7,0,3,normal,0
2026-07-30 12:00:00,user_07,analyst,12,0,1,1,0,20,7,61.04,33,0,10,normal,0
2026-07-04 15:00:00,user_25,employee,15,0,1,1,0,4,3,29.02,5,0,2,normal,0
2026-07-18 12:00:00,user_10,analyst,12,0,2,1,0,16,7,88.89,32,0,14,normal,0
2026-07-03 13:00:00,user_11,analyst,13,0,1,1,0,17,4,35.79,32,0,11,normal,0
2026-07-24 17:00:00,user_10,analyst,17,0,3,1,0,16,9,39.94,32,0,15,normal,0
2026-07-01 06:00:00,user_21,employee,6,0,1,1,0,5,7,16.89,8,0,4,normal,0
2026-07-19 13:00:00,user_02,admin,13,1,2,1,0,11,2,6.59,26,3,11,normal,0
2026-07-13 11:00:00,user_30,employee,11,0,2,1,0,5,4,10.32,5,0,4,normal,0
2026-07-28 10:00:00,user_25,employee,10,0,1,1,0,10,2,13.9,5,0,8,normal,0
2026-07-05 13:00:00,user_03,admin,13,0,1,1,0,9,3,25.69,23,3,7,normal,0
2026-07-15 18:00:00,user_21,employee,18,0,1,1,0,11,2,26.05,10,0,8,normal,0
2026-07-21 10:00:00,user_19,employee,10,1,2,1,0,7,3,12.34,8,0,6,normal,0
2026-07-10 09:00:00,user_08,analyst,9,0,1,1,0,15,5,65.09,27,0,9,normal,0
2026-07-11 12:00:00,user_18,employee,12,0,1,2,0,16,3,35.87,6,0,10,normal,0
2026-07-18 12:00:00,user_24,employee,12,0,2,1,0,8,6,21.17,4,0,4,normal,0
2026-07-25 16:00:00,user_24,employee,16,0,1,1,0,11,2,10.54,7,0,5,normal,0
2026-07-12 09:00:00,user_28,employee,9,2,3,1,0,4,4,13.73,16,0,4,normal,0
2026-07-11 14:00:00,user_30,employee,14,2,3,1,0,6,2,47.05,12,0,5,normal,0
2026-07-27 14:00:00,user_02,admin,14,0,1,1,0,7,2,69.85,14,1,4,normal,0
2026-07-03 15:00:00,user_30,employee,15,0,1,1,0,12,3,70.44,12,0,6,normal,0
2026-07-23 12:00:00,user_30,employee,12,0,2,1,0,10,3,50.22,13,0,6,normal,0
2026-07-10 23:00:00,user_06,analyst,23,4,2,5,1,22,5,5.29,32,0,15,suspicious_login,1
2026-07-01 13:00:00,user_29,employee,13,0,2,1,0,5,4,110.7,3,0,3,normal,0
2026-07-14 12:00:00,user_27,employee,12,0,1,1,0,6,3,72.32,2,0,4,normal,0
2026-07-17 12:00:00,user_06,analyst,12,0,1,1,0,12,4,11.56,36,0,8,normal,0
2026-07-07 14:00:00,user_30,employee,14,1,1,1,0,11,2,79.38,8,0,6,normal,0
2026-07-30 11:00:00,user_30,employee,11,0,1,2,0,9,4,37.11,4,0,5,normal,0
2026-07-09 06:00:00,user_02,admin,6,1,1,1,0,12,4,39.16,20,3,9,normal,0
2026-07-16 13:00:00,user_27,employee,13,0,1,1,0,5,0,21.56,9,0,4,normal,0
2026-07-06 14:00:00,user_13,employee,14,0,2,1,0,5,5,7.71,9,0,4,normal,0
2026-07-17 14:00:00,user_26,employee,14,0,1,1,0,7,3,60.68,14,0,5,normal,0
2026-07-29 12:00:00,user_16,employee,12,1,1,1,0,3,3,12.9,12,0,2,normal,0
2026-07-06 07:00:00,user_06,analyst,7,0,1,1,0,18,9,126.54,133,5,65,privilege_misuse,1
2026-07-18 12:00:00,user_29,employee,12,1,1,1,0,11,3,125.99,9,0,7,normal,0
2026-07-30 12:00:00,user_02,admin,12,0,3,1,0,9,3,25.68,23,1,7,normal,0
2026-07-10 14:00:00,user_01,admin,14,0,1,1,0,9,1,18.28,22,1,9,normal,0
2026-07-21 10:00:00,user_10,analyst,10,1,1,1,0,11,7,73.72,31,0,7,normal,0
2026-07-20 07:00:00,user_19,employee,7,0,1,1,0,4,5,48.43,5,0,3,normal,0
2026-07-21 14:00:00,user_20,employee,14,0,1,1,0,6,2,29.15,10,0,4,normal,0
2026-07-25 12:00:00,user_04,admin,12,1,1,1,0,7,4,61.56,36,3,6,normal,0
2026-07-19 14:00:00,user_30,employee,14,0,1,1,0,7,3,71.92,10,0,3,normal,0
2026-07-13 10:00:00,user_11,analyst,10,0,1,1,0,12,6,97.99,38,0,12,normal,0
2026-07-13 13:00:00,user_10,analyst,13,0,1,1,0,15,6,16.77,30,0,10,normal,0
2026-07-27 06:00:00,user_15,employee,6,0,1,1,0,7,2,10.54,2,0,5,normal,0
2026-07-03 16:00:00,user_21,employee,16,1,2,1,0,6,1,31.67,7,0,5,normal,0
2026-07-12 14:00:00,user_18,employee,14,0,3,1,0,7,2,39.72,5,0,4,normal,0
2026-07-28 12:00:00,user_17,employee,12,0,1,1,0,7,1,10.13,12,0,6,normal,0
2026-07-25 08:00:00,user_16,employee,8,0,2,1,0,11,3,21.72,6,0,7,normal,0
2026-07-16 09:00:00,user_29,employee,9,1,1,1,0,4,3,101.42,6,0,4,normal,0
2026-07-22 12:00:00,user_05,analyst,12,0,3,1,0,9,5,73.66,33,0,8,normal,0
2026-07-04 11:00:00,user_28,employee,11,0,3,1,1,6,5,12.09,2,0,4,normal,0
2026-07-13 16:00:00,user_17,employee,16,0,3,1,0,5,3,32.67,6,0,2,normal,0
2026-07-30 13:00:00,user_15,employee,13,0,2,1,0,10,3,30.91,5,0,6,normal,0
2026-07-10 08:00:00,user_09,analyst,8,0,1,1,0,166,230,4695.9,27,0,81,data_exfiltration,1
2026-07-16 13:00:00,user_26,employee,13,0,1,1,0,4,2,23.86,8,0,3,normal,0
2026-07-25 14:00:00,user_04,admin,14,0,1,1,0,18,11,54.92,29,2,16,normal,0
2026-07-12 11:00:00,user_11,analyst,11,0,1,1,0,15,9,49.35,41,0,9,normal,0
2026-07-07 14:00:00,user_06,analyst,14,0,1,1,0,14,4,94.77,35,0,14,normal,0
2026-07-08 17:00:00,user_24,employee,17,1,1,1,0,6,2,23.08,5,0,4,normal,0
2026-07-07 10:00:00,user_15,employee,10,0,1,1,0,10,2,18.58,11,0,5,normal,0
2026-07-17 06:00:00,user_21,employee,6,0,1,1,0,6,3,104.7,8,0,4,normal,0
2026-07-27 07:00:00,user_09,analyst,7,1,1,1,0,14,1,187.38,42,0,14,normal,0
2026-07-10 08:00:00,user_23,employee,8,1,5,1,0,5,0,33.3,10,0,3,normal,0
2026-07-19 16:00:00,user_06,analyst,16,1,2,1,0,12,4,37.71,32,0,12,normal,0
2026-07-19 18:00:00,user_01,admin,18,0,2,1,0,9,5,22.21,31,3,7,normal,0
2026-07-14 12:00:00,user_24,employee,12,0,1,1,0,6,3,51.66,5,0,4,normal,0
2026-07-08 10:00:00,user_11,analyst,10,0,1,1,0,22,6,78.48,40,0,13,normal,0
2026-07-02 16:00:00,user_26,employee,16,0,3,1,0,8,3,41.11,14,0,5,normal,0
2026-07-22 19:00:00,user_10,analyst,19,1,1,1,0,19,7,24.22,44,0,13,normal,0
2026-07-07 09:00:00,user_19,employee,9,0,2,1,0,13,2,32.76,8,0,5,normal,0
2026-07-18 12:00:00,user_22,employee,12,0,1,1,0,5,3,31.85,4,0,3,normal,0
2026-07-17 09:00:00,user_25,employee,9,0,2,1,0,157,315,5289.93,11,0,210,data_exfiltration,1
2026-07-05 19:00:00,user_06,analyst,19,0,1,1,0,17,3,16.86,32,0,14,normal,0
2026-07-16 08:00:00,user_20,employee,8,0,2,1,0,8,3,40.89,13,0,6,normal,0
2026-07-13 10:00:00,user_28,employee,10,0,1,1,0,6,6,7.88,8,0,4,normal,0
2026-07-02 13:00:00,user_21,employee,13,0,2,1,0,4,7,9.75,11,0,3,normal,0
2026-07-27 07:00:00,user_29,employee,7,0,1,1,0,12,2,17.23,9,0,7,normal,0
2026-07-05 12:00:00,user_13,employee,12,0,1,1,0,10,6,12.46,5,0,4,normal,0
2026-07-02 11:00:00,user_27,employee,11,1,1,1,0,9,3,58.29,11,0,7,normal,0
2026-07-06 13:00:00,user_14,employee,13,0,1,1,0,10,1,57.37,9,0,5,normal,0
2026-07-08 08:00:00,user_17,employee,8,0,2,1,0,8,5,58.31,7,0,4,normal,0
2026-07-11 13:00:00,user_11,analyst,13,0,1,1,0,11,5,27.6,30,0,7,normal,0
2026-07-12 13:00:00,user_03,admin,13,1,1,1,0,6,4,97.98,27,2,5,normal,0
2026-07-21 13:00:00,user_13,employee,13,0,3,1,0,9,0,25.18,7,0,7,normal,0
2026-07-26 12:00:00,user_22,employee,12,2,2,1,0,9,1,34.19,10,0,5,normal,0
2026-07-16 12:00:00,user_04,admin,12,1,1,1,0,8,7,13.05,34,1,7,normal,0
2026-07-19 15:00:00,user_06,analyst,15,0,1,1,0,13,3,52.46,37,0,8,normal,0
2026-07-22 10:00:00,user_05,analyst,10,0,2,1,0,12,7,51.27,45,0,13,normal,0
2026-07-28 13:00:00,user_16,employee,13,0,1,2,0,12,1,33.83,4,0,8,normal,0
2026-07-13 12:00:00,user_11,analyst,12,0,1,1,0,14,5,37.31,41,0,14,normal,0
2026-07-14 07:00:00,user_30,employee,7,0,2,1,0,7,5,32.24,4,0,5,normal,0
2026-07-22 15:00:00,user_08,analyst,15,1,1,1,0,13,5,21.9,34,0,10,normal,0
2026-07-04 14:00:00,user_01,admin,14,0,3,1,0,10,3,19.48,23,1,8,normal,0
2026-07-09 16:00:00,user_09,analyst,16,0,1,2,1,10,2,32.61,29,0,10,normal,0
2026-07-02 10:00:00,user_13,employee,10,1,3,2,0,9,3,66.06,6,0,7,normal,0
2026-07-05 16:00:00,user_08,analyst,16,0,4,1,0,11,7,39.42,39,0,11,normal,0
2026-07-14 11:00:00,user_15,employee,11,0,2,1,0,11,2,19.94,7,0,8,normal,0
2026-07-12 08:00:00,user_25,employee,8,0,1,1,0,8,3,62.42,6,0,6,normal,0
2026-07-18 11:00:00,user_09,analyst,11,0,1,1,0,6,5,39.83,37,0,7,normal,0
2026-07-28 15:00:00,user_11,analyst,15,0,1,1,0,9,4,69.51,25,0,6,normal,0
2026-07-11 13:00:00,user_10,analyst,13,0,1,1,0,12,5,133.22,39,0,12,normal,0
2026-07-17 12:00:00,user_19,employee,12,1,3,1,0,10,1,9.23,7,0,6,normal,0
2026-07-22 15:00:00,user_24,employee,15,1,1,1,0,7,3,9.01,12,0,4,normal,0
2026-07-29 09:00:00,user_19,employee,9,0,2,1,0,6,3,17.93,6,0,3,normal,0
2026-07-23 15:00:00,user_01,admin,15,0,1,1,0,15,8,159.21,25,2,11,normal,0
2026-07-05 08:00:00,user_09,analyst,8,0,1,1,0,11,4,53.3,30,0,8,normal,0
2026-07-14 15:00:00,user_21,employee,15,0,1,1,0,7,4,30.17,2,0,5,normal,0
2026-07-02 16:00:00,user_12,analyst,16,0,1,1,0,24,5,39.64,39,0,20,normal,0
2026-07-16 15:00:00,user_23,employee,15,1,4,1,0,10,4,12.44,8,0,5,normal,0
2026-07-01 06:00:00,user_08,analyst,6,0,3,1,0,14,2,57.29,35,0,13,normal,0
2026-07-18 15:00:00,user_02,admin,15,2,2,1,0,8,3,46.46,17,3,6,normal,0
2026-07-17 17:00:00,user_22,employee,17,0,1,1,0,9,2,51.81,5,0,5,normal,0
2026-07-01 15:00:00,user_04,admin,15,1,3,1,0,7,3,14.89,29,2,5,normal,0
2026-07-27 10:00:00,user_15,employee,10,1,2,2,0,3,6,84.23,8,0,2,normal,0
2026-07-14 07:00:00,user_10,analyst,7,0,1,1,0,17,5,36.49,30,0,11,normal,0
2026-07-14 10:00:00,user_06,analyst,10,0,2,1,0,26,6,39.93,36,0,21,normal,0
2026-07-17 09:00:00,user_13,employee,9,0,1,1,0,9,4,60.66,11,0,7,normal,0
2026-07-21 10:00:00,user_22,employee,10,2,1,1,0,5,1,27.76,8,0,4,normal,0
2026-07-07 16:00:00,user_17,employee,16,0,2,1,0,10,1,39.41,6,0,8,normal,0
2026-07-12 07:00:00,user_30,employee,7,1,2,1,0,4,3,33.42,10,0,4,normal,0
2026-07-24 08:00:00,user_29,employee,8,0,1,1,0,7,0,29.08,6,0,5,normal,0
2026-07-23 07:00:00,user_29,employee,7,0,1,1,0,8,2,4.99,9,0,7,normal,0
2026-07-16 08:00:00,user_23,employee,8,0,1,1,0,7,5,18.2,6,0,4,normal,0
2026-07-11 12:00:00,user_25,employee,12,0,1,1,0,9,2,33.3,10,0,5,normal,0
2026-07-04 13:00:00,user_10,analyst,13,0,3,2,0,23,6,112.79,31,0,12,normal,0
2026-07-24 13:00:00,user_23,employee,13,0,2,1,0,10,4,5.45,9,0,8,normal,0
2026-07-13 08:00:00,user_04,admin,8,0,1,1,0,10,2,25.28,27,1,7,normal,0
2026-07-03 17:00:00,user_21,employee,17,0,3,1,0,8,6,27.5,10,0,4,normal,0
2026-07-28 14:00:00,user_30,employee,14,0,2,1,0,5,2,15.24,8,0,3,normal,0
2026-07-15 10:00:00,user_10,analyst,10,0,1,1,0,12,5,10.05,29,0,12,normal,0
2026-07-10 12:00:00,user_12,analyst,12,1,5,1,0,14,6,55.35,30,0,12,normal,0
2026-07-18 19:00:00,user_20,employee,19,0,2,1,0,150,292,6169.59,11,0,104,data_exfiltration,1
2026-07-14 09:00:00,user_08,analyst,9,0,1,2,0,21,1,64.28,38,0,14,normal,0
2026-07-09 18:00:00,user_05,analyst,18,0,1,2,0,19,4,27.82,40,0,13,normal,0
2026-07-15 12:00:00,user_16,employee,12,0,1,2,0,15,3,4.74,4,0,9,normal,0
2026-07-05 15:00:00,user_05,analyst,15,0,1,1,0,10,6,41.42,40,0,9,normal,0
2026-07-20 10:00:00,user_15,employee,10,0,1,1,0,12,2,55.6,13,0,8,normal,0
2026-07-30 11:00:00,user_24,employee,11,0,1,2,0,10,3,5.1,10,0,8,normal,0
2026-07-27 10:00:00,user_20,employee,10,0,1,1,0,10,2,44.96,5,0,8,normal,0
2026-07-19 12:00:00,user_12,analyst,12,0,4,1,0,18,13,39.58,42,0,18,normal,0
2026-07-16 11:00:00,user_14,employee,11,0,1,1,0,10,3,14.0,8,0,6,normal,0
2026-07-22 12:00:00,user_23,employee,12,1,1,1,0,13,5,95.25,9,0,7,normal,0
2026-07-14 14:00:00,user_18,employee,14,2,1,1,0,7,1,26.14,9,0,5,normal,0
2026-07-08 17:00:00,user_30,employee,17,0,3,1,0,10,5,116.98,5,0,7,normal,0
2026-07-30 09:00:00,user_16,employee,9,0,3,1,1,6,4,50.96,5,0,3,normal,0
2026-07-05 09:00:00,user_25,employee,9,0,1,1,0,8,3,41.84,8,0,6,normal,0
2026-07-24 14:00:00,user_18,employee,14,0,1,1,0,8,3,61.15,8,0,4,normal,0
2026-07-02 15:00:00,user_26,employee,15,0,1,1,1,6,3,48.14,5,0,3,normal,0
2026-07-29 15:00:00,user_22,employee,15,0,1,1,0,12,2,52.74,7,0,8,normal,0
2026-07-16 17:00:00,user_27,employee,17,0,4,1,0,10,2,32.03,12,0,5,normal,0
2026-07-03 12:00:00,user_07,analyst,12,0,2,1,0,17,6,55.26,47,0,12,normal,0
2026-07-20 16:00:00,user_25,employee,16,0,1,2,0,8,1,55.34,9,0,7,normal,0
2026-07-21 10:00:00,user_08,analyst,10,0,1,1,0,17,4,79.07,27,0,16,normal,0
2026-07-21 12:00:00,user_22,employee,12,0,1,1,0,5,2,22.76,12,0,4,normal,0
2026-07-12 12:00:00,user_25,employee,12,1,3,1,0,6,2,47.04,9,0,4,normal,0
2026-07-14 12:00:00,user_20,employee,12,1,1,1,0,8,3,15.93,13,0,6,normal,0
2026-07-27 12:00:00,user_28,employee,12,1,2,1,0,6,2,45.72,5,0,4,normal,0
2026-07-10 16:00:00,user_26,employee,16,2,1,1,0,9,3,64.5,5,0,4,normal,0
2026-07-02 15:00:00,user_03,admin,15,0,1,1,0,15,3,40.69,23,0,10,normal,0
2026-07-25 12:00:00,user_17,employee,12,0,2,1,0,10,3,42.36,12,0,5,normal,0
2026-07-11 13:00:00,user_15,employee,13,1,1,2,0,6,3,9.96,8,0,4,normal,0
2026-07-27 12:00:00,user_17,employee,12,0,2,1,1,5,2,26.86,7,0,3,normal,0
2026-07-25 10:00:00,user_23,employee,10,0,1,1,0,10,4,24.0,242,24,34,privilege_misuse,1
2026-07-16 14:00:00,user_03,admin,14,0,1,1,0,15,7,85.46,19,4,9,normal,0
2026-07-30 09:00:00,user_30,employee,9,0,2,1,0,10,3,62.76,8,0,6,normal,0
2026-07-09 18:00:00,user_19,employee,18,0,1,1,0,7,3,49.89,8,0,4,normal,0
2026-07-27 17:00:00,user_04,admin,17,0,2,1,0,14,4,112.29,25,2,9,normal,0
2026-07-26 12:00:00,user_02,admin,12,0,2,1,0,12,5,49.72,19,3,7,normal,0
2026-07-08 11:00:00,user_27,employee,11,0,1,1,0,5,5,19.33,6,0,4,normal,0
2026-07-21 17:00:00,user_18,employee,17,2,1,1,0,12,0,8.92,9,0,5,normal,0
2026-07-17 11:00:00,user_29,employee,11,1,1,1,0,7,2,77.38,6,0,4,normal,0
2026-07-17 18:00:00,user_17,employee,18,0,2,1,0,5,4,39.29,8,0,3,normal,0
2026-07-08 13:00:00,user_07,analyst,13,0,1,1,0,11,8,198.96,33,0,10,normal,0
2026-07-28 11:00:00,user_19,employee,11,0,4,1,0,8,2,36.88,4,0,6,normal,0
2026-07-09 15:00:00,user_18,employee,15,0,2,1,0,8,2,44.76,9,0,5,normal,0
2026-07-13 17:00:00,user_05,analyst,17,0,1,1,1,16,2,50.95,37,0,15,normal,0
2026-07-05 12:00:00,user_06,analyst,12,0,1,1,0,22,2,53.17,29,0,19,normal,0
2026-07-14 22:00:00,user_11,analyst,22,0,1,1,0,14,3,18.96,31,0,13,normal,0
2026-07-18 16:00:00,user_28,employee,16,1,1,1,0,12,2,40.34,9,0,7,normal,0
2026-07-10 15:00:00,user_17,employee,15,0,1,1,0,8,0,11.32,10,0,4,normal,0
2026-07-23 11:00:00,user_15,employee,11,1,5,1,0,16,3,67.01,5,0,8,normal,0
2026-07-27 17:00:00,user_04,admin,17,1,2,1,0,10,3,31.97,25,2,6,normal,0
2026-07-27 11:00:00,user_22,employee,11,1,2,1,0,8,1,76.89,4,0,5,normal,0
2026-07-16 09:00:00,user_07,analyst,9,2,1,1,0,19,4,38.48,25,0,12,normal,0
2026-07-04 17:00:00,user_23,employee,17,0,1,1,0,4,3,17.74,13,0,3,normal,0
2026-07-18 09:00:00,user_19,employee,9,0,1,1,0,9,3,105.02,8,0,6,normal,0
2026-07-24 13:00:00,user_16,employee,13,1,1,1,0,2,3,79.73,5,0,1,normal,0
2026-07-17 11:00:00,user_03,admin,11,0,2,1,0,19,4,47.72,19,5,9,normal,0
2026-07-07 10:00:00,user_29,employee,10,1,1,1,0,7,5,38.84,10,0,5,normal,0
2026-07-08 08:00:00,user_17,employee,8,1,2,1,0,7,3,7.8,11,0,4,normal,0
2026-07-25 09:00:00,user_15,employee,9,0,4,1,0,9,4,37.21,6,0,5,normal,0
2026-07-22 11:00:00,user_26,employee,11,1,1,1,0,8,4,31.35,5,0,3,normal,0
2026-07-12 12:00:00,user_02,admin,12,0,2,1,0,16,7,13.75,24,4,9,normal,0
2026-07-28 10:00:00,user_15,employee,10,1,1,1,0,4,7,69.29,8,0,4,normal,0
2026-07-30 11:00:00,user_05,analyst,11,0,2,1,0,22,3,57.52,38,0,17,normal,0
2026-07-29 12:00:00,user_17,employee,12,0,4,2,0,15,6,18.25,11,0,11,normal,0
2026-07-11 09:00:00,user_14,employee,9,0,2,1,0,3,1,20.28,4,0,2,normal,0
2026-07-06 11:00:00,user_15,employee,11,0,1,1,0,6,3,44.4,11,0,4,normal,0
2026-07-05 15:00:00,user_19,employee,15,0,3,1,0,7,5,155.18,6,0,5,normal,0
2026-07-04 10:00:00,user_02,admin,10,1,1,1,0,13,7,86.84,29,2,8,normal,0
2026-07-12 16:00:00,user_18,employee,16,0,1,1,1,4,1,56.61,9,0,4,normal,0
2026-07-12 17:00:00,user_15,employee,17,1,3,1,0,9,1,76.29,6,0,5,normal,0
2026-07-16 16:00:00,user_22,employee,16,0,1,1,0,11,0,75.7,11,0,5,normal,0
2026-07-18 11:00:00,user_26,employee,11,0,1,1,0,9,2,9.18,138,16,25,privilege_misuse,1
2026-07-20 09:00:00,user_24,employee,9,0,3,1,0,5,5,28.18,6,0,4,normal,0
2026-07-07 16:00:00,user_01,admin,16,1,1,1,0,12,2,59.29,24,3,7,normal,0
2026-07-09 10:00:00,user_13,employee,10,0,1,1,0,11,2,13.12,9,0,8,normal,0
2026-07-16 15:00:00,user_09,analyst,15,0,1,1,0,13,8,20.29,46,0,9,normal,0
2026-07-28 17:00:00,user_27,employee,17,0,3,1,0,2,5,54.05,3,0,1,normal,0
2026-07-20 19:00:00,user_01,admin,19,0,1,1,0,405,185,1718.31,24,1,65,data_exfiltration,1
2026-07-02 12:00:00,user_19,employee,12,1,2,1,0,8,3,28.98,11,0,7,normal,0
2026-07-14 11:00:00,user_03,admin,11,0,1,1,0,20,3,68.73,26,1,13,normal,0
2026-07-07 15:00:00,user_02,admin,15,0,1,1,0,13,1,32.68,32,1,12,normal,0
2026-07-09 13:00:00,user_14,employee,13,0,4,1,0,7,5,11.78,188,8,75,privilege_misuse,1
2026-07-15 14:00:00,user_23,employee,14,1,2,1,0,11,1,36.69,15,0,9,normal,0
2026-07-03 12:00:00,user_03,admin,12,0,1,1,0,16,3,24.37,20,0,10,normal,0
2026-07-29 11:00:00,user_18,employee,11,0,3,1,0,9,2,28.34,5,0,7,normal,0
2026-07-03 10:00:00,user_02,admin,10,0,3,1,0,15,3,17.36,21,2,10,normal,0
2026-07-21 14:00:00,user_30,employee,14,1,2,1,0,8,1,20.52,7,0,7,normal,0
2026-07-08 08:00:00,user_29,employee,8,0,3,1,1,9,4,58.54,17,0,8,normal,0
2026-07-09 15:00:00,user_03,admin,15,0,2,1,0,11,2,48.69,31,1,8,normal,0
2026-07-19 11:00:00,user_30,employee,11,2,1,1,0,6,0,20.12,7,0,3,normal,0
2026-07-10 12:00:00,user_16,employee,12,0,1,1,0,10,4,46.06,7,0,7,normal,0
2026-07-27 14:00:00,user_02,admin,14,1,2,1,0,7,5,47.39,23,1,7,normal,0
2026-07-01 10:00:00,user_10,analyst,10,0,1,1,0,15,8,40.1,49,0,9,normal,0
2026-07-10 10:00:00,user_14,employee,10,1,4,1,0,11,4,48.46,7,0,5,normal,0
2026-07-30 13:00:00,user_06,analyst,13,0,2,1,0,13,4,119.99,25,0,10,normal,0
2026-07-01 16:00:00,user_25,employee,16,0,1,1,0,9,2,39.12,6,0,4,normal,0
2026-07-05 08:00:00,user_05,analyst,8,0,1,1,0,11,7,43.95,36,0,11,normal,0
2026-07-21 13:00:00,user_25,employee,13,0,3,1,0,15,1,28.67,5,0,6,normal,0
2026-07-03 17:00:00,user_21,employee,17,0,1,1,0,12,4,3.79,7,0,6,normal,0
2026-07-26 10:00:00,user_24,employee,10,1,2,1,0,14,3,55.73,6,0,10,normal,0
2026-07-10 13:00:00,user_21,employee,13,1,1,1,0,5,3,3.97,9,0,3,normal,0
2026-07-21 15:00:00,user_14,employee,15,0,1,1,0,12,5,43.26,124,19,68,privilege_misuse,1
2026-07-20 16:00:00,user_29,employee,16,0,2,1,0,8,2,29.56,13,0,5,normal,0
2026-07-10 14:00:00,user_13,employee,14,0,4,1,0,10,1,54.06,4,0,6,normal,0
2026-07-13 14:00:00,user_15,employee,14,0,1,1,1,8,4,21.42,5,0,4,normal,0
2026-07-29 12:00:00,user_28,employee,12,0,3,1,0,9,1,67.32,10,0,5,normal,0
2026-07-26 04:00:00,user_30,employee,4,3,2,4,1,9,3,20.38,7,0,6,suspicious_login,1
2026-07-07 14:00:00,user_13,employee,14,0,1,1,0,14,2,70.6,6,0,9,normal,0
2026-07-25 02:00:00,user_03,admin,2,12,1,5,1,13,62,2728.33,132,1,73,mixed_anomaly,1
2026-07-08 18:00:00,user_05,analyst,18,0,1,2,0,14,2,68.64,29,0,12,normal,0
2026-07-28 13:00:00,user_21,employee,13,0,1,1,0,10,3,41.75,9,0,5,normal,0
2026-07-20 11:00:00,user_28,employee,11,1,1,1,0,11,4,20.49,6,0,9,normal,0
2026-07-01 17:00:00,user_12,analyst,17,0,1,1,0,16,3,63.45,35,0,15,normal,0
2026-07-26 13:00:00,user_04,admin,13,0,1,1,0,11,8,24.13,21,2,9,normal,0
2026-07-13 12:00:00,user_06,analyst,12,0,2,1,0,14,3,90.58,27,0,11,normal,0
2026-07-01 13:00:00,user_18,employee,13,1,3,2,0,9,7,23.04,5,0,4,normal,0
2026-07-15 11:00:00,user_13,employee,11,1,2,1,0,11,5,31.3,6,0,4,normal,0
2026-07-06 09:00:00,user_17,employee,9,0,1,1,0,14,2,11.66,9,0,11,normal,0
2026-07-14 12:00:00,user_05,analyst,12,0,1,1,0,16,2,25.75,30,0,13,normal,0
2026-07-28 09:00:00,user_24,employee,9,1,1,1,0,6,2,62.85,4,0,3,normal,0
2026-07-24 18:00:00,user_08,analyst,18,0,1,1,0,11,6,44.09,30,0,11,normal,0
2026-07-01 07:00:00,user_27,employee,7,0,1,1,0,13,2,25.78,3,0,6,normal,0
2026-07-21 08:00:00,user_01,admin,8,1,1,1,0,7,7,104.77,28,1,7,normal,0
2026-07-09 10:00:00,user_25,employee,10,0,1,1,0,8,5,21.26,10,0,5,normal,0
2026-07-26 10:00:00,user_01,admin,10,0,1,1,0,13,5,24.48,19,0,8,normal,0
2026-07-26 14:00:00,user_10,analyst,14,1,1,1,0,18,1,148.53,29,0,13,normal,0
2026-07-27 11:00:00,user_15,employee,11,1,1,1,0,10,4,51.4,5,0,7,normal,0
2026-07-07 04:00:00,user_22,employee,4,13,1,4,1,6,58,2859.77,170,7,103,mixed_anomaly,1
2026-07-03 15:00:00,user_14,employee,15,0,1,1,0,7,4,24.44,11,0,6,normal,0
2026-07-29 12:00:00,user_18,employee,12,0,3,1,0,5,6,111.2,10,0,5,normal,0
2026-07-09 14:00:00,user_13,employee,14,1,1,1,0,6,4,12.42,9,0,5,normal,0
2026-07-20 16:00:00,user_27,employee,16,0,1,1,0,5,1,40.68,14,0,5,normal,0
2026-07-24 09:00:00,user_08,analyst,9,1,1,1,0,5,3,76.88,38,0,6,normal,0
2026-07-17 09:00:00,user_08,analyst,9,0,1,1,0,19,1,166.28,38,0,16,normal,0
2026-07-18 13:00:00,user_15,employee,13,2,1,1,0,15,5,13.65,183,14,78,privilege_misuse,1
2026-07-16 14:00:00,user_05,analyst,14,0,1,2,0,16,6,13.64,29,0,10,normal,0
2026-07-29 10:00:00,user_09,analyst,10,0,1,1,0,19,6,56.96,32,0,13,normal,0
2026-07-06 14:00:00,user_07,analyst,14,0,1,1,0,11,8,109.61,28,0,7,normal,0
2026-07-18 10:00:00,user_30,employee,10,9,0,3,0,10,2,17.67,6,0,7,brute_force,1
2026-07-25 01:00:00,user_02,admin,1,2,2,4,1,16,3,59.3,22,5,13,suspicious_login,1
2026-07-21 16:00:00,user_20,employee,16,2,2,1,1,5,2,11.63,11,0,4,normal,0
2026-07-12 11:00:00,user_25,employee,11,0,3,2,0,10,9,59.82,10,0,9,normal,0
2026-07-02 11:00:00,user_30,employee,11,0,1,1,0,4,4,28.36,6,0,3,normal,0
2026-07-14 10:00:00,user_29,employee,10,0,3,1,0,4,2,119.11,7,0,3,normal,0
2026-07-28 15:00:00,user_29,employee,15,14,1,4,1,8,1,28.91,3,0,4,brute_force,1
2026-07-16 16:00:00,user_08,analyst,16,0,2,1,0,16,3,56.88,28,0,9,normal,0
2026-07-25 13:00:00,user_07,analyst,13,1,1,1,0,15,4,80.15,31,0,14,normal,0
2026-07-23 07:00:00,user_03,admin,7,0,1,1,0,17,2,19.93,33,2,11,normal,0
2026-07-16 11:00:00,user_04,admin,11,0,1,1,0,13,4,24.19,27,0,10,normal,0
2026-07-10 10:00:00,user_20,employee,10,0,1,1,0,14,3,32.5,9,0,6,normal,0
2026-07-26 11:00:00,user_02,admin,11,0,4,1,0,16,3,22.25,19,3,8,normal,0
2026-07-26 11:00:00,user_15,employee,11,0,1,2,0,4,2,4.89,9,0,3,normal,0
2026-07-27 17:00:00,user_20,employee,17,1,6,1,0,9,0,36.23,6,0,4,normal,0
2026-07-30 12:00:00,user_22,employee,12,1,1,1,0,9,2,31.11,9,0,5,normal,0
2026-07-06 17:00:00,user_23,employee,17,0,1,1,1,11,3,43.76,11,0,5,normal,0
2026-07-03 14:00:00,user_28,employee,14,18,0,4,1,9,1,9.72,6,0,4,brute_force,1
2026-07-03 10:00:00,user_08,analyst,10,1,3,1,0,20,2,49.07,39,0,14,normal,0
2026-07-03 13:00:00,user_24,employee,13,0,2,1,0,8,2,20.18,7,0,5,normal,0
2026-07-30 14:00:00,user_02,admin,14,0,2,1,0,12,6,20.56,17,2,9,normal,0
2026-07-11 13:00:00,user_13,employee,13,3,1,2,0,7,3,27.23,7,0,4,normal,0
2026-07-22 11:00:00,user_15,employee,11,0,1,1,0,13,1,10.55,4,0,8,normal,0
2026-07-13 10:00:00,user_08,analyst,10,1,2,1,1,17,6,62.03,34,0,11,normal,0
2026-07-23 14:00:00,user_18,employee,14,0,1,1,0,10,4,9.82,7,0,6,normal,0
2026-07-11 13:00:00,user_07,analyst,13,0,1,1,0,13,9,48.45,30,0,11,normal,0
2026-07-16 12:00:00,user_25,employee,12,0,1,1,0,3,6,17.94,11,0,3,normal,0
2026-07-01 14:00:00,user_28,employee,14,0,1,1,0,8,2,20.81,12,0,6,normal,0
2026-07-07 13:00:00,user_25,employee,13,0,1,1,0,3,3,31.73,9,0,3,normal,0
2026-07-02 15:00:00,user_02,admin,15,0,1,1,0,12,2,35.84,30,2,11,normal,0
2026-07-24 16:00:00,user_05,analyst,16,0,2,2,0,12,7,45.31,24,0,6,normal,0
2026-07-14 15:00:00,user_17,employee,15,1,3,1,0,8,4,31.9,8,0,5,normal,0
2026-07-28 11:00:00,user_10,analyst,11,1,1,1,0,19,2,137.14,35,0,10,normal,0
2026-07-10 17:00:00,user_08,analyst,17,0,1,2,0,16,8,28.1,30,0,12,normal,0
2026-07-13 07:00:00,user_27,employee,7,1,2,1,0,8,2,42.63,5,0,6,normal,0
2026-07-16 04:00:00,user_30,employee,4,16,2,8,1,12,72,2421.21,108,7,88,mixed_anomaly,1
2026-07-06 13:00:00,user_11,analyst,13,0,1,1,0,17,6,11.64,39,0,12,normal,0
2026-07-05 11:00:00,user_19,employee,11,1,2,1,0,2,4,34.2,5,0,2,normal,0
2026-07-30 08:00:00,user_20,employee,8,0,2,2,0,4,4,39.22,8,0,3,normal,0
2026-07-22 14:00:00,user_25,employee,14,0,1,1,0,13,1,34.49,305,11,37,privilege_misuse,1
2026-07-05 09:00:00,user_08,analyst,9,0,1,1,0,13,3,32.58,302,8,73,privilege_misuse,1
2026-07-17 14:00:00,user_29,employee,14,1,1,1,0,10,3,25.54,13,0,5,normal,0
2026-07-04 11:00:00,user_05,analyst,11,0,4,1,1,16,6,19.24,39,0,11,normal,0
2026-07-07 08:00:00,user_22,employee,8,0,1,1,0,9,2,22.51,8,0,5,normal,0
2026-07-06 07:00:00,user_17,employee,7,0,5,1,0,7,5,11.91,9,0,6,normal,0
2026-07-09 12:00:00,user_08,analyst,12,0,1,1,0,14,3,72.91,28,0,8,normal,0
2026-07-12 10:00:00,user_14,employee,10,1,3,1,0,5,3,19.78,8,0,3,normal,0
2026-07-12 15:00:00,user_10,analyst,15,1,4,1,0,9,9,42.28,31,0,9,normal,0
2026-07-26 19:00:00,user_09,analyst,19,0,1,1,0,15,3,66.4,46,0,15,normal,0
2026-07-03 09:00:00,user_02,admin,9,1,1,1,0,9,2,106.59,27,1,8,normal,0
2026-07-08 10:00:00,user_18,employee,10,0,1,1,1,12,4,83.81,6,0,5,normal,0
2026-07-03 09:00:00,user_19,employee,9,1,3,1,0,10,2,57.67,10,0,5,normal,0
2026-07-03 11:00:00,user_29,employee,11,1,2,1,0,7,1,7.79,11,0,5,normal,0
2026-07-07 12:00:00,user_24,employee,12,0,1,1,0,9,4,11.55,14,0,8,normal,0
2026-07-09 06:00:00,user_30,employee,6,0,1,2,0,7,0,29.21,12,0,4,normal,0
2026-07-25 15:00:00,user_06,analyst,15,0,2,1,0,23,2,6.56,40,0,21,normal,0
2026-07-27 14:00:00,user_21,employee,14,0,1,1,0,7,1,17.69,6,0,6,normal,0
2026-07-07 09:00:00,user_22,employee,9,0,1,1,0,5,1,53.65,11,0,4,normal,0
2026-07-19 07:00:00,user_14,employee,7,0,1,2,0,7,1,15.85,7,0,4,normal,0
2026-07-27 16:00:00,user_18,employee,16,1,6,1,0,8,1,36.65,2,0,6,normal,0
2026-07-15 15:00:00,user_16,employee,15,0,1,1,0,9,4,6.87,10,0,6,normal,0
2026-07-19 10:00:00,user_02,employee,10,0,2,1,0,11,5,51.14,213,21,39,privilege_misuse,1
2026-07-27 17:00:00,user_21,employee,17,0,2,1,0,5,2,20.92,9,0,3,normal,0
2026-07-30 11:00:00,user_22,employee,11,1,2,1,0,6,2,12.95,9,0,4,normal,0
2026-07-17 12:00:00,user_13,employee,12,0,2,1,0,13,3,62.47,6,0,5,normal,0
2026-07-19 11:00:00,user_26,employee,11,0,4,1,0,11,2,21.74,8,0,7,normal,0
2026-07-18 09:00:00,user_17,employee,9,0,1,1,0,5,2,103.88,13,0,4,normal,0
2026-07-25 12:00:00,user_11,analyst,12,0,1,1,0,14,5,50.19,33,0,9,normal,0
2026-07-17 23:00:00,user_23,employee,23,5,1,4,1,9,2,72.38,8,0,6,suspicious_login,1
2026-07-30 11:00:00,user_14,employee,11,1,2,1,0,9,2,33.1,5,0,4,normal,0
2026-07-08 11:00:00,user_05,analyst,11,0,1,1,0,15,7,49.45,33,0,9,normal,0
2026-07-24 02:00:00,user_10,analyst,2,3,2,7,1,19,6,22.04,35,0,11,suspicious_login,1
2026-07-30 13:00:00,user_06,analyst,13,0,2,2,0,23,4,35.95,43,0,18,normal,0
2026-07-09 06:00:00,user_25,employee,6,1,1,1,0,9,6,58.96,6,0,5,normal,0
2026-07-30 14:00:00,user_18,employee,14,0,2,1,0,9,3,35.44,5,0,4,normal,0
2026-07-29 12:00:00,user_16,employee,12,0,1,1,0,13,2,32.75,15,0,6,normal,0
2026-07-17 11:00:00,user_08,analyst,11,0,2,1,0,13,6,52.83,35,0,8,normal,0
2026-07-15 12:00:00,user_28,employee,12,0,1,1,0,9,6,41.25,10,0,5,normal,0
2026-07-14 14:00:00,user_08,analyst,14,0,1,1,0,14,9,53.2,31,0,14,normal,0
2026-07-19 17:00:00,user_10,analyst,17,0,1,1,0,202,193,2646.38,31,0,72,data_exfiltration,1
2026-07-04 10:00:00,user_26,employee,10,1,1,1,0,5,3,5.9,2,0,3,normal,0
2026-07-12 09:00:00,user_15,employee,9,0,4,1,0,9,2,18.27,10,0,5,normal,0
2026-07-15 14:00:00,user_30,employee,14,0,2,1,0,9,2,46.14,8,0,7,normal,0
2026-07-22 08:00:00,user_02,admin,8,0,3,1,0,10,2,73.78,29,1,9,normal,0
2026-07-01 14:00:00,user_18,employee,14,1,2,1,0,8,5,42.99,8,0,5,normal,0
2026-07-22 15:00:00,user_14,employee,15,0,3,1,0,6,2,32.23,9,0,5,normal,0
2026-07-30 14:00:00,user_14,employee,14,0,2,1,0,11,6,40.56,10,0,9,normal,0
2026-07-19 15:00:00,user_18,employee,15,0,1,1,0,12,2,44.28,8,0,9,normal,0
2026-07-14 09:00:00,user_17,employee,9,0,1,1,0,7,1,33.65,10,0,3,normal,0
2026-07-15 13:00:00,user_05,analyst,13,0,2,1,0,20,6,28.04,33,0,13,normal,0
2026-07-11 06:00:00,user_13,employee,6,0,4,1,0,8,3,18.32,5,0,4,normal,0
2026-07-12 11:00:00,user_08,analyst,11,0,3,1,0,18,4,85.51,37,0,16,normal,0
2026-07-25 10:00:00,user_09,analyst,10,0,5,1,0,15,2,27.94,32,0,10,normal,0
2026-07-11 17:00:00,user_07,analyst,17,0,2,2,0,11,7,81.44,29,0,7,normal,0
2026-07-23 14:00:00,user_11,analyst,14,1,1,1,0,15,5,54.2,36,0,14,normal,0
2026-07-10 07:00:00,user_21,employee,7,0,3,1,0,7,4,79.85,6,0,3,normal,0
2026-07-12 01:00:00,user_03,admin,1,2,1,6,1,13,6,37.22,28,0,7,suspicious_login,1
2026-07-24 18:00:00,user_28,employee,18,0,3,1,0,9,3,44.34,13,0,8,normal,0
2026-07-30 06:00:00,user_12,analyst,6,0,1,1,0,11,2,50.78,45,0,8,normal,0
2026-07-19 02:00:00,user_03,admin,2,6,1,4,1,10,113,4506.97,351,5,106,mixed_anomaly,1
2026-07-24 16:00:00,user_24,employee,16,0,3,1,0,9,6,37.71,9,0,4,normal,0
2026-07-01 13:00:00,user_27,employee,13,1,1,1,0,8,3,20.08,6,0,5,normal,0
2026-07-21 12:00:00,user_07,analyst,12,8,0,2,0,11,5,39.99,34,0,10,brute_force,1
2026-07-13 12:00:00,user_09,analyst,12,0,1,1,0,17,5,31.95,49,0,13,normal,0
2026-07-30 09:00:00,user_13,employee,9,3,2,1,0,5,3,27.64,12,0,4,normal,0
2026-07-06 16:00:00,user_22,employee,16,0,2,1,0,8,3,15.68,4,0,5,normal,0
2026-07-21 10:00:00,user_20,employee,10,1,1,1,0,8,2,48.45,8,0,6,normal,0
2026-07-12 18:00:00,user_20,employee,18,0,1,1,0,7,7,20.33,9,0,4,normal,0
2026-07-18 15:00:00,user_02,admin,15,0,1,1,0,10,2,28.15,24,4,9,normal,0
2026-07-24 12:00:00,user_28,employee,12,1,1,1,0,12,5,70.46,4,0,10,normal,0
2026-07-19 12:00:00,user_03,admin,12,0,2,1,0,6,3,73.32,29,4,5,normal,0
2026-07-10 16:00:00,user_07,analyst,16,0,1,1,0,22,8,84.82,37,0,18,normal,0
2026-07-26 13:00:00,user_26,employee,13,0,1,1,0,14,4,4.85,7,0,9,normal,0
2026-07-03 14:00:00,user_25,employee,14,0,3,2,0,8,4,22.21,13,0,4,normal,0
2026-07-03 06:00:00,user_19,employee,6,0,2,1,0,4,3,45.48,5,0,3,normal,0
2026-07-15 16:00:00,user_24,employee,16,0,2,1,0,9,3,42.37,11,0,7,normal,0
2026-07-26 16:00:00,user_22,employee,16,1,1,1,0,9,2,43.33,10,0,7,normal,0
2026-07-29 10:00:00,user_18,employee,10,0,1,1,1,6,2,53.12,7,0,4,normal,0
2026-07-25 10:00:00,user_07,analyst,10,0,1,1,0,10,7,29.84,40,0,7,normal,0
2026-07-06 15:00:00,user_16,employee,15,1,1,1,0,11,4,101.78,11,0,6,normal,0
2026-07-07 06:00:00,user_07,analyst,6,0,2,2,0,16,3,65.44,41,0,10,normal,0
2026-07-03 14:00:00,user_28,employee,14,1,3,1,0,4,1,4.39,166,23,20,privilege_misuse,1
2026-07-18 10:00:00,user_10,analyst,10,19,1,2,0,15,4,225.99,23,0,14,brute_force,1
2026-07-28 09:00:00,user_07,analyst,9,0,1,1,0,16,7,7.0,49,0,10,normal,0
2026-07-25 14:00:00,user_30,employee,14,0,1,2,0,4,2,29.97,8,0,3,normal,0
2026-07-16 17:00:00,user_07,analyst,17,0,3,1,0,12,2,47.21,33,0,11,normal,0
2026-07-06 14:00:00,user_24,employee,14,0,2,1,0,8,4,23.88,15,0,6,normal,0
2026-07-03 12:00:00,user_04,admin,12,0,1,1,0,12,3,109.54,22,1,8,normal,0
2026-07-05 19:00:00,user_24,employee,19,0,2,1,0,5,5,9.08,10,0,3,normal,0
2026-07-02 04:00:00,user_25,employee,4,2,1,8,1,6,3,44.63,3,0,4,suspicious_login,1
2026-07-17 09:00:00,user_30,employee,9,0,2,2,0,9,5,64.56,10,0,7,normal,0
2026-07-22 12:00:00,user_08,analyst,12,1,2,1,0,8,5,19.23,25,0,7,normal,0
2026-07-02 17:00:00,user_23,employee,17,0,3,1,0,5,4,76.01,5,0,3,normal,0
2026-07-07 11:00:00,user_20,employee,11,0,1,2,0,7,4,33.27,8,0,5,normal,0
2026-07-01 14:00:00,user_23,employee,14,1,1,1,0,8,1,25.75,9,0,5,normal,0
2026-07-08 12:00:00,user_07,analyst,12,0,1,1,0,18,6,42.9,36,0,11,normal,0
2026-07-09 14:00:00,user_13,employee,14,0,1,1,1,430,137,2134.36,7,0,51,data_exfiltration,1
2026-07-10 17:00:00,user_18,employee,17,1,1,1,0,4,2,67.26,5,0,3,normal,0
2026-07-24 12:00:00,user_11,analyst,12,0,1,1,0,19,6,47.03,35,0,14,normal,0
2026-07-23 16:00:00,user_25,employee,16,0,1,1,0,9,3,76.38,9,0,5,normal,0
2026-07-28 15:00:00,user_10,analyst,15,1,2,1,0,14,6,101.65,27,0,8,normal,0
2026-07-13 06:00:00,user_13,employee,6,0,4,1,0,5,4,6.87,7,0,4,normal,0
2026-07-01 15:00:00,user_15,employee,15,0,1,1,0,7,4,34.31,4,0,5,normal,0
2026-07-03 10:00:00,user_18,employee,10,0,2,1,0,7,4,4.82,7,0,3,normal,0
2026-07-13 15:00:00,user_21,employee,15,0,3,1,0,9,2,11.98,7,0,7,normal,0
2026-07-17 11:00:00,user_12,analyst,11,0,1,1,0,17,6,53.89,31,0,12,normal,0
2026-07-11 10:00:00,user_10,analyst,10,0,2,1,0,15,8,17.97,43,0,11,normal,0
2026-07-04 16:00:00,user_09,analyst,16,0,3,1,0,11,6,34.36,33,0,9,normal,0
2026-07-09 08:00:00,user_12,analyst,8,1,3,2,0,14,3,25.13,34,0,9,normal,0
2026-07-08 02:00:00,user_17,employee,2,1,1,6,1,8,2,25.0,8,0,4,suspicious_login,1
2026-07-24 10:00:00,user_15,employee,10,0,1,1,0,10,5,38.62,9,0,8,normal,0
2026-07-22 09:00:00,user_04,admin,9,1,2,1,0,20,3,24.88,28,2,16,normal,0
2026-07-10 18:00:00,user_26,employee,18,1,3,2,0,8,3,36.53,7,0,6,normal,0
2026-07-10 09:00:00,user_24,employee,9,0,2,1,0,12,2,21.32,6,0,5,normal,0
2026-07-24 15:00:00,user_16,employee,15,2,1,1,0,7,3,61.68,5,0,3,normal,0
2026-07-20 10:00:00,user_25,employee,10,0,1,2,0,12,4,6.24,5,0,6,normal,0
2026-07-16 13:00:00,user_27,employee,13,0,3,1,0,7,2,50.72,11,0,4,normal,0
2026-07-20 11:00:00,user_11,analyst,11,0,1,1,0,22,5,40.23,32,0,12,normal,0
2026-07-01 14:00:00,user_30,employee,14,1,4,2,0,7,1,26.8,4,0,5,normal,0
2026-07-29 06:00:00,user_07,analyst,6,1,1,1,0,15,2,54.86,40,0,14,normal,0
2026-07-14 15:00:00,user_12,analyst,15,0,4,1,0,12,8,137.29,30,0,10,normal,0
2026-07-15 14:00:00,user_11,analyst,14,0,1,2,0,12,3,7.94,44,0,11,normal,0
2026-07-20 14:00:00,user_14,employee,14,1,1,1,0,7,3,30.8,8,0,4,normal,0
2026-07-20 16:00:00,user_02,admin,16,0,2,1,0,10,5,68.36,31,0,6,normal,0
2026-07-19 16:00:00,user_19,employee,16,0,1,2,0,9,2,9.6,11,0,6,normal,0
2026-07-20 12:00:00,user_28,employee,12,0,2,1,1,6,5,69.8,6,0,5,normal,0
2026-07-14 16:00:00,user_08,analyst,16,0,1,1,0,12,3,109.03,35,0,11,normal,0
2026-07-09 16:00:00,user_24,employee,16,1,1,1,0,4,2,32.84,13,0,3,normal,0
2026-07-17 11:00:00,user_05,analyst,11,0,1,1,0,13,7,57.72,29,0,9,normal,0
2026-07-05 16:00:00,user_01,admin,16,0,1,1,0,9,5,84.83,37,2,8,normal,0
2026-07-16 11:00:00,user_09,analyst,11,0,3,1,0,22,1,72.06,36,0,16,normal,0
2026-07-17 16:00:00,user_18,employee,16,1,1,1,0,9,8,53.58,9,0,7,normal,0
2026-07-24 12:00:00,user_30,employee,12,2,1,1,0,5,3,10.39,13,0,5,normal,0
2026-07-21 13:00:00,user_19,employee,13,2,1,1,0,6,7,8.9,13,0,4,normal,0
2026-07-27 08:00:00,user_19,employee,8,0,4,2,0,16,3,12.63,4,0,7,normal,0
2026-07-10 09:00:00,user_24,employee,9,0,2,1,0,1,2,82.29,16,0,2,normal,0
2026-07-22 14:00:00,user_14,employee,14,0,1,2,0,8,4,6.34,10,0,6,normal,0
2026-07-24 10:00:00,user_10,analyst,10,2,4,1,0,15,8,93.85,41,0,13,normal,0
2026-07-30 09:00:00,user_05,analyst,9,1,1,1,0,17,5,82.42,20,0,13,normal,0
2026-07-30 07:00:00,user_07,analyst,7,1,1,1,0,20,3,81.27,33,0,12,normal,0
2026-07-12 11:00:00,user_11,analyst,11,0,1,1,1,13,3,90.56,39,0,13,normal,0
2026-07-27 19:00:00,user_08,analyst,19,0,3,1,0,9,6,62.65,42,0,8,normal,0
2026-07-28 14:00:00,user_13,employee,14,0,3,1,0,8,4,41.99,7,0,5,normal,0
2026-07-29 13:00:00,user_19,employee,13,0,3,2,0,6,0,21.95,3,0,5,normal,0
2026-07-17 17:00:00,user_27,employee,17,1,1,1,0,7,2,12.94,6,0,6,normal,0
2026-07-13 15:00:00,user_08,analyst,15,0,2,1,0,13,1,54.42,33,0,12,normal,0
2026-07-03 16:00:00,user_16,employee,16,1,1,1,0,8,2,53.19,9,0,4,normal,0
2026-07-16 09:00:00,user_18,employee,9,0,1,1,0,5,3,35.18,6,0,4,normal,0
2026-07-27 10:00:00,user_21,employee,10,0,2,2,0,12,2,43.52,6,0,9,normal,0
2026-07-12 12:00:00,user_22,employee,12,0,1,2,0,8,1,46.31,12,0,7,normal,0
2026-07-13 12:00:00,user_11,analyst,12,0,2,1,0,16,8,19.18,39,0,12,normal,0
2026-07-28 17:00:00,user_09,analyst,17,1,1,1,0,18,10,114.6,29,0,16,normal,0
2026-07-16 16:00:00,user_25,employee,16,0,1,1,0,7,2,18.75,13,0,6,normal,0
2026-07-20 07:00:00,user_27,employee,7,0,4,1,0,4,3,92.28,5,0,3,normal,0
2026-07-19 12:00:00,user_16,employee,12,0,2,1,0,9,5,3.83,13,0,7,normal,0
2026-07-19 12:00:00,user_24,employee,12,1,1,1,0,8,2,32.55,6,0,5,normal,0
2026-07-29 10:00:00,user_21,employee,10,0,4,1,0,12,2,33.81,9,0,6,normal,0
2026-07-29 17:00:00,user_24,employee,17,0,1,1,0,7,6,8.18,11,0,4,normal,0
2026-07-11 12:00:00,user_16,employee,12,0,2,1,0,12,5,69.17,9,0,8,normal,0
2026-07-30 12:00:00,user_15,employee,12,0,2,1,0,10,4,28.98,9,0,8,normal,0
2026-07-17 15:00:00,user_06,analyst,15,2,1,2,0,21,6,36.39,36,0,13,normal,0
2026-07-16 11:00:00,user_24,employee,11,0,1,2,0,15,1,43.35,7,0,9,normal,0
2026-07-05 11:00:00,user_26,employee,11,0,3,2,0,12,0,34.09,11,0,10,normal,0
2026-07-19 08:00:00,user_12,analyst,8,2,1,1,0,16,6,53.49,40,0,9,normal,0
2026-07-26 14:00:00,user_06,analyst,14,0,2,1,0,18,5,252.38,39,0,12,normal,0
2026-07-09 14:00:00,user_05,analyst,14,0,1,2,0,17,2,47.62,46,0,12,normal,0
2026-07-25 03:00:00,user_24,employee,3,11,1,6,1,7,107,4514.4,345,8,85,mixed_anomaly,1
2026-07-23 12:00:00,user_16,employee,12,2,1,1,0,5,2,45.22,10,0,3,normal,0
2026-07-11 15:00:00,user_06,analyst,15,0,2,1,0,14,11,11.34,25,0,9,normal,0
2026-07-18 08:00:00,user_30,employee,8,1,3,1,0,8,1,25.82,9,0,7,normal,0
2026-07-30 07:00:00,user_29,employee,7,0,1,1,0,8,2,5.21,8,0,7,normal,0
2026-07-07 10:00:00,user_18,employee,10,0,3,1,0,8,4,55.11,10,0,7,normal,0
2026-07-09 09:00:00,user_21,employee,9,0,2,1,0,9,3,11.38,9,0,5,normal,0
2026-07-14 16:00:00,user_02,admin,16,0,1,1,0,11,8,25.9,28,0,9,normal,0
2026-07-03 10:00:00,user_17,employee,10,0,2,1,0,10,3,72.21,10,0,7,normal,0
2026-07-13 14:00:00,user_02,admin,14,0,3,1,0,17,1,30.64,25,3,12,normal,0
2026-07-30 14:00:00,user_27,employee,14,0,4,1,0,10,2,16.72,6,0,7,normal,0
2026-07-04 15:00:00,user_28,employee,15,0,1,1,0,8,2,7.52,8,0,4,normal,0
2026-07-01 11:00:00,user_03,admin,11,0,2,1,0,16,4,35.16,22,1,11,normal,0
2026-07-20 09:00:00,user_27,employee,9,0,2,1,0,12,5,26.22,11,0,10,normal,0
2026-07-28 13:00:00,user_22,employee,13,0,1,1,0,7,3,92.03,7,0,4,normal,0
2026-07-06 09:00:00,user_02,admin,9,0,1,2,0,10,6,117.01,30,0,10,normal,0
2026-07-20 13:00:00,user_25,employee,13,13,0,1,0,9,6,61.45,7,0,7,brute_force,1
2026-07-04 11:00:00,user_14,employee,11,1,2,1,0,5,2,15.24,8,0,3,normal,0
2026-07-16 10:00:00,user_05,analyst,10,1,1,2,0,16,3,98.1,41,0,12,normal,0
2026-07-03 13:00:00,user_27,employee,13,1,1,1,1,15,2,14.26,10,0,10,normal,0
2026-07-26 17:00:00,user_21,employee,17,0,2,1,0,7,3,42.29,9,0,5,normal,0
2026-07-04 13:00:00,user_08,analyst,13,0,5,1,0,20,4,58.57,33,0,16,normal,0
2026-07-27 15:00:00,user_03,admin,15,0,3,1,0,12,4,22.41,19,1,11,normal,0
2026-07-14 11:00:00,user_23,employee,11,0,1,1,0,4,5,17.51,9,0,3,normal,0
2026-07-06 18:00:00,user_05,analyst,18,0,3,1,0,12,5,47.04,35,0,12,normal,0
2026-07-27 15:00:00,user_01,admin,15,1,1,1,0,11,3,109.1,28,0,10,normal,0
2026-07-06 15:00:00,user_07,analyst,15,0,1,1,0,16,4,55.17,30,0,13,normal,0
2026-07-18 08:00:00,user_17,employee,8,1,2,1,0,5,3,23.8,14,0,3,normal,0
2026-07-06 11:00:00,user_15,employee,11,0,1,1,0,11,4,30.64,10,0,7,normal,0
2026-07-24 13:00:00,user_12,analyst,13,0,1,2,0,17,2,25.64,36,0,12,normal,0
2026-07-13 17:00:00,user_02,admin,17,0,1,1,0,13,4,12.5,29,3,10,normal,0
2026-07-07 08:00:00,user_20,employee,8,0,2,1,0,13,2,10.55,11,0,8,normal,0
2026-07-23 15:00:00,user_21,employee,15,0,2,1,0,6,3,63.61,8,0,4,normal,0
2026-07-06 12:00:00,user_22,employee,12,0,2,1,0,5,6,83.38,13,0,3,normal,0
2026-07-01 10:00:00,user_30,employee,10,0,3,1,0,5,3,4.06,4,0,3,normal,0
2026-07-06 12:00:00,user_20,employee,12,1,1,1,0,10,4,19.0,8,0,8,normal,0
2026-07-24 14:00:00,user_30,employee,14,0,2,1,0,8,0,41.25,4,0,6,normal,0
2026-07-03 09:00:00,user_16,employee,9,0,3,1,0,3,5,41.48,6,0,3,normal,0
2026-07-24 09:00:00,user_22,employee,9,0,2,1,0,5,1,62.83,5,0,3,normal,0
2026-07-26 08:00:00,user_16,employee,8,1,2,1,0,11,2,28.89,13,0,8,normal,0
2026-07-12 13:00:00,user_01,admin,13,1,1,1,0,10,3,53.12,22,2,9,normal,0
2026-07-09 15:00:00,user_01,admin,15,0,1,1,0,11,3,29.62,32,2,10,normal,0
2026-07-08 13:00:00,user_18,employee,13,0,1,1,0,2,1,17.18,9,0,2,normal,0
2026-07-11 16:00:00,user_18,employee,16,0,1,1,0,11,5,27.39,7,0,6,normal,0
2026-07-15 13:00:00,user_14,employee,13,0,1,1,0,14,4,10.62,3,0,9,normal,0
2026-07-08 16:00:00,user_01,admin,16,0,1,1,0,10,5,34.51,23,2,9,normal,0
2026-07-23 12:00:00,user_01,admin,12,0,1,1,0,15,4,174.61,23,3,8,normal,0
2026-07-29 15:00:00,user_17,employee,15,0,2,1,0,3,2,10.27,10,0,2,normal,0
2026-07-11 08:00:00,user_24,employee,8,1,1,1,0,5,4,23.55,9,0,4,normal,0
2026-07-20 10:00:00,user_09,analyst,10,2,1,1,0,17,2,45.21,29,0,9,normal,0
2026-07-04 12:00:00,user_18,employee,12,1,2,1,0,12,3,26.61,5,0,6,normal,0
2026-07-10 10:00:00,user_10,analyst,10,0,3,2,0,17,2,66.97,37,0,13,normal,0
2026-07-20 14:00:00,user_01,admin,14,2,1,1,0,11,8,56.56,33,1,10,normal,0
2026-07-12 12:00:00,user_17,employee,12,0,2,1,0,8,6,19.77,15,0,5,normal,0
2026-07-01 00:00:00,user_27,employee,0,5,1,4,1,8,1,69.5,6,0,6,suspicious_login,1
2026-07-22 13:00:00,user_26,employee,13,0,2,1,0,8,3,18.99,6,0,4,normal,0
2026-07-08 08:00:00,user_30,employee,8,1,1,1,0,14,3,15.23,10,0,9,normal,0
2026-07-03 22:00:00,user_06,analyst,22,0,1,1,1,13,1,92.47,40,0,9,normal,0
2026-07-14 09:00:00,user_04,admin,9,0,1,1,0,13,7,40.13,28,3,12,normal,0
2026-07-04 10:00:00,user_30,employee,10,0,3,1,0,11,3,19.24,7,0,9,normal,0
2026-07-18 13:00:00,user_04,admin,13,0,1,2,0,19,5,14.97,29,2,15,normal,0
2026-07-29 11:00:00,user_17,employee,11,0,3,1,0,8,1,14.04,4,0,5,normal,0
2026-07-19 13:00:00,user_05,analyst,13,1,1,1,0,18,4,64.8,32,0,14,normal,0
2026-07-23 18:00:00,user_08,analyst,18,0,1,1,0,27,4,49.21,44,0,18,normal,0
2026-07-25 01:00:00,user_07,analyst,1,13,1,7,1,17,160,5286.4,224,6,176,mixed_anomaly,1
2026-07-06 08:00:00,user_17,employee,8,1,1,1,0,15,2,10.02,6,0,8,normal,0
2026-07-04 13:00:00,user_09,analyst,13,1,1,1,0,15,6,53.86,36,0,9,normal,0
2026-07-27 11:00:00,user_27,employee,11,0,1,1,0,9,2,56.15,8,0,7,normal,0
2026-07-11 16:00:00,user_12,analyst,16,0,3,1,0,19,4,43.05,45,0,16,normal,0
2026-07-29 13:00:00,user_09,analyst,13,0,2,1,0,21,6,76.4,33,0,15,normal,0
2026-07-12 14:00:00,user_26,employee,14,0,1,1,0,10,1,3.89,8,0,7,normal,0
2026-07-07 11:00:00,user_13,employee,11,0,1,1,0,7,2,27.06,10,0,6,normal,0
2026-07-28 08:00:00,user_03,admin,8,0,4,1,0,12,3,23.41,26,1,11,normal,0
2026-07-10 14:00:00,user_12,analyst,14,0,1,1,0,14,5,131.16,22,0,8,normal,0
2026-07-11 11:00:00,user_13,employee,11,1,1,1,0,6,4,103.44,12,0,4,normal,0
2026-07-30 13:00:00,user_15,employee,13,0,1,1,0,12,4,18.14,7,0,8,normal,0
2026-07-08 12:00:00,user_19,employee,12,1,2,1,0,5,2,14.56,4,0,3,normal,0
2026-07-16 13:00:00,user_08,analyst,13,0,2,1,0,22,10,86.22,29,0,17,normal,0
2026-07-21 13:00:00,user_23,employee,13,1,2,1,1,435,112,2243.47,8,0,71,data_exfiltration,1
2026-07-14 11:00:00,user_10,analyst,11,0,1,1,0,19,8,43.85,38,0,17,normal,0
2026-07-07 10:00:00,user_22,employee,10,0,1,1,0,10,4,55.98,6,0,8,normal,0
2026-07-11 16:00:00,user_27,employee,16,0,4,1,0,12,2,7.02,7,0,10,normal,0
2026-07-17 17:00:00,user_28,employee,17,0,2,2,0,8,4,35.89,6,0,4,normal,0
2026-07-21 17:00:00,user_03,admin,17,0,2,1,0,15,5,45.85,26,1,14,normal,0
2026-07-27 06:00:00,user_21,employee,6,1,1,1,0,11,0,55.66,11,0,10,normal,0
2026-07-05 09:00:00,user_28,employee,9,1,1,1,0,6,2,5.78,5,0,4,normal,0
2026-07-17 09:00:00,user_21,employee,9,0,1,1,0,6,1,23.64,5,0,4,normal,0
2026-07-19 12:00:00,user_25,employee,12,1,1,1,0,7,1,44.86,8,0,3,normal,0
2026-07-27 13:00:00,user_02,admin,13,8,0,4,0,9,4,11.71,19,1,6,brute_force,1
2026-07-02 11:00:00,user_13,employee,11,0,2,1,0,6,6,11.67,5,0,5,normal,0
2026-07-08 13:00:00,user_13,employee,13,0,1,1,0,14,2,28.88,11,0,6,normal,0
2026-07-05 11:00:00,user_13,employee,11,1,2,1,0,6,5,44.59,4,0,3,normal,0
2026-07-02 15:00:00,user_18,employee,15,0,1,1,0,9,1,116.47,7,0,5,normal,0
2026-07-18 15:00:00,user_16,employee,15,0,1,1,0,8,1,22.13,9,0,4,normal,0
2026-07-11 08:00:00,user_02,admin,8,1,1,1,0,8,5,35.62,25,2,8,normal,0
2026-07-11 15:00:00,user_21,employee,15,0,3,1,0,5,5,20.01,8,0,4,normal,0
2026-07-01 12:00:00,user_01,admin,12,1,2,1,0,17,1,63.47,26,1,15,normal,0
2026-07-13 07:00:00,user_23,employee,7,1,1,1,0,8,4,41.82,4,0,6,normal,0
2026-07-21 12:00:00,user_06,analyst,12,0,1,1,0,16,9,108.76,37,0,14,normal,0
2026-07-01 12:00:00,user_03,admin,12,0,1,1,0,9,2,7.47,20,1,7,normal,0
2026-07-03 15:00:00,user_16,employee,15,1,1,1,0,9,1,78.9,7,0,4,normal,0
2026-07-09 13:00:00,user_28,employee,13,1,2,1,0,9,4,32.07,9,0,6,normal,0
2026-07-07 15:00:00,user_14,employee,15,1,1,1,0,6,4,22.62,11,0,3,normal,0
2026-07-12 12:00:00,user_21,employee,12,0,3,1,0,15,0,22.93,8,0,11,normal,0
2026-07-18 14:00:00,user_26,employee,14,0,1,1,0,8,2,29.79,6,0,5,normal,0
2026-07-17 08:00:00,user_11,analyst,8,1,1,1,0,18,8,39.99,40,0,14,normal,0
2026-07-30 17:00:00,user_19,employee,17,0,5,2,0,11,1,40.07,6,0,4,normal,0
2026-07-13 13:00:00,user_28,employee,13,1,1,1,0,8,2,17.05,3,0,4,normal,0
2026-07-20 17:00:00,user_04,admin,17,0,1,1,0,10,7,41.88,33,3,7,normal,0
2026-07-01 15:00:00,user_29,employee,15,0,1,1,0,4,4,36.48,13,0,3,normal,0
2026-07-26 12:00:00,user_17,employee,12,0,2,2,0,7,1,35.93,8,0,5,normal,0
2026-07-12 16:00:00,user_30,employee,16,0,1,1,0,5,2,77.32,10,0,4,normal,0
2026-07-09 10:00:00,user_02,admin,10,0,2,1,0,10,3,25.23,23,2,6,normal,0
2026-07-10 11:00:00,user_08,analyst,11,0,1,1,0,26,7,45.89,41,0,18,normal,0
2026-07-15 12:00:00,user_07,analyst,12,0,3,1,0,16,4,9.76,37,0,12,normal,0
2026-07-20 15:00:00,user_29,employee,15,1,1,1,0,11,6,36.8,6,0,5,normal,0
2026-07-17 13:00:00,user_28,employee,13,0,3,1,0,8,5,11.91,6,0,4,normal,0
2026-07-30 12:00:00,user_23,employee,12,0,1,1,0,12,1,49.92,5,0,6,normal,0
2026-07-21 15:00:00,user_29,employee,15,1,2,1,0,5,0,20.38,4,0,3,normal,0
2026-07-06 10:00:00,user_19,employee,10,2,1,1,0,7,3,7.91,10,0,5,normal,0
2026-07-23 13:00:00,user_16,employee,13,0,1,1,0,9,3,48.08,348,14,35,privilege_misuse,1
2026-07-16 12:00:00,user_02,admin,12,1,1,1,0,12,3,17.01,24,3,11,normal,0
2026-07-06 13:00:00,user_30,employee,13,0,2,1,0,9,0,8.73,4,0,7,normal,0
2026-07-26 14:00:00,user_03,admin,14,0,6,1,0,11,5,15.46,15,0,8,normal,0
2026-07-06 15:00:00,user_22,employee,15,0,3,1,0,12,5,36.0,7,0,9,normal,0
2026-07-22 13:00:00,user_30,employee,13,0,1,1,1,13,2,48.28,196,9,46,privilege_misuse,1
2026-07-24 16:00:00,user_29,employee,16,0,1,1,0,20,4,29.99,11,0,15,normal,0
2026-07-26 07:00:00,user_18,employee,7,0,1,1,0,10,2,80.62,3,0,4,normal,0
2026-07-08 12:00:00,user_19,employee,12,0,1,1,0,11,2,49.24,9,0,8,normal,0
2026-07-03 12:00:00,user_22,employee,12,0,2,1,0,8,5,33.08,9,0,5,normal,0
2026-07-22 12:00:00,user_02,admin,12,1,1,1,0,9,2,31.16,31,0,9,normal,0
2026-07-18 14:00:00,user_06,analyst,14,1,1,1,0,16,4,114.11,34,0,12,normal,0
2026-07-30 16:00:00,user_30,employee,16,0,3,1,0,6,2,40.64,6,0,4,normal,0
2026-07-04 11:00:00,user_28,employee,11,1,1,1,0,6,4,23.35,222,7,72,privilege_misuse,1
2026-07-29 07:00:00,user_01,admin,7,0,3,1,0,12,5,30.75,20,0,7,normal,0
2026-07-23 11:00:00,user_07,analyst,11,0,2,2,0,11,7,61.66,32,0,9,normal,0
2026-07-20 11:00:00,user_19,employee,11,0,1,1,0,9,6,19.48,11,0,7,normal,0
2026-07-23 01:00:00,user_05,analyst,1,3,2,7,1,10,7,102.34,37,0,10,suspicious_login,1
2026-07-04 12:00:00,user_30,employee,12,0,1,1,0,6,2,24.14,12,0,6,normal,0
2026-07-02 13:00:00,user_03,admin,13,0,2,1,0,26,4,21.02,21,1,20,normal,0
2026-07-20 16:00:00,user_10,analyst,16,0,2,1,0,12,7,46.95,32,0,7,normal,0
2026-07-02 06:00:00,user_06,analyst,6,0,4,1,0,23,5,62.05,36,0,21,normal,0
2026-07-06 17:00:00,user_19,employee,17,1,2,2,0,9,4,67.17,4,0,4,normal,0
2026-07-28 10:00:00,user_08,analyst,10,0,1,1,0,15,1,91.4,32,0,8,normal,0
2026-07-10 00:00:00,user_19,employee,0,3,1,4,1,7,6,92.91,13,0,6,suspicious_login,1
2026-07-24 10:00:00,user_22,employee,10,0,3,1,0,7,2,55.21,7,0,4,normal,0
2026-07-22 10:00:00,user_29,employee,10,0,1,1,0,7,3,14.49,12,0,5,normal,0
2026-07-28 08:00:00,user_18,employee,8,0,1,1,0,9,5,20.69,307,20,61,privilege_misuse,1
2026-07-03 19:00:00,user_13,employee,19,0,2,2,0,11,4,66.41,7,0,8,normal,0
2026-07-30 13:00:00,user_25,employee,13,1,3,1,0,7,2,30.76,8,0,6,normal,0
2026-07-28 12:00:00,user_24,employee,12,1,1,1,0,9,1,35.73,8,0,5,normal,0
2026-07-29 12:00:00,user_05,analyst,12,1,1,1,0,20,7,35.87,38,0,17,normal,0
2026-07-06 17:00:00,user_26,employee,17,2,1,1,1,8,3,31.67,6,0,4,normal,0
2026-07-21 14:00:00,user_23,employee,14,1,3,1,0,6,3,55.83,12,0,5,normal,0
2026-07-04 15:00:00,user_24,employee,15,0,1,1,0,4,5,28.41,6,0,4,normal,0
2026-07-13 15:00:00,user_03,admin,15,0,2,1,0,17,5,13.43,26,1,9,normal,0
2026-07-18 14:00:00,user_17,employee,14,0,1,2,0,8,1,25.59,4,0,5,normal,0
2026-07-19 13:00:00,user_24,employee,13,0,1,1,0,7,2,20.27,6,0,5,normal,0
2026-07-08 15:00:00,user_12,analyst,15,0,1,1,0,16,8,57.58,36,0,10,normal,0
2026-07-17 11:00:00,user_02,admin,11,0,1,1,0,6,5,63.65,23,1,5,normal,0
2026-07-13 02:00:00,user_04,admin,2,2,1,6,1,10,4,89.64,26,0,9,suspicious_login,1
2026-07-01 10:00:00,user_08,analyst,10,0,2,1,0,8,7,63.86,45,0,6,normal,0
2026-07-12 10:00:00,user_27,employee,10,2,1,1,0,6,4,9.11,8,0,5,normal,0
2026-07-23 13:00:00,user_03,admin,13,0,3,1,0,13,5,94.92,24,0,11,normal,0
2026-07-20 13:00:00,user_11,analyst,13,0,2,1,0,9,7,18.46,36,0,7,normal,0
2026-07-24 13:00:00,user_20,employee,13,2,1,1,0,4,1,10.76,8,0,3,normal,0
2026-07-11 14:00:00,user_25,employee,14,2,1,1,0,13,4,8.26,6,0,8,normal,0
2026-07-20 13:00:00,user_20,employee,13,1,1,1,0,8,4,28.58,7,0,6,normal,0
2026-07-01 09:00:00,user_20,employee,9,1,1,1,0,12,0,20.94,5,0,9,normal,0
2026-07-08 08:00:00,user_13,employee,8,0,2,1,0,8,1,32.28,7,0,5,normal,0
2026-07-06 14:00:00,user_25,employee,14,0,1,1,0,5,4,4.88,10,0,4,normal,0
2026-07-17 15:00:00,user_11,analyst,15,2,1,1,0,18,4,45.46,33,0,16,normal,0
2026-07-16 10:00:00,user_01,admin,10,0,1,1,0,16,6,21.94,23,2,12,normal,0
2026-07-23 11:00:00,user_21,employee,11,2,1,1,0,8,3,17.18,10,0,7,normal,0
2026-07-08 15:00:00,user_09,analyst,15,0,3,1,0,18,6,9.42,34,0,14,normal,0
2026-07-21 11:00:00,user_26,employee,11,0,1,1,0,11,0,5.83,7,0,5,normal,0
2026-07-28 10:00:00,user_15,employee,10,0,1,1,0,9,2,16.33,4,0,6,normal,0
2026-07-16 12:00:00,user_16,employee,12,0,1,1,0,9,4,18.66,10,0,7,normal,0
2026-07-09 15:00:00,user_08,analyst,15,1,2,1,0,8,4,13.91,26,0,8,normal,0
2026-07-29 12:00:00,user_12,analyst,12,0,1,1,0,14,3,56.89,33,0,12,normal,0
2026-07-25 14:00:00,user_18,employee,14,0,1,1,0,12,4,3.7,11,0,9,normal,0
2026-07-19 07:00:00,user_13,employee,7,0,2,1,0,7,0,45.0,2,0,5,normal,0
2026-07-26 13:00:00,user_14,employee,13,1,1,1,0,8,3,18.12,11,0,7,normal,0
2026-07-28 15:00:00,user_06,analyst,15,0,2,1,0,17,7,105.25,36,0,13,normal,0
2026-07-28 12:00:00,user_22,employee,12,1,2,1,0,9,5,20.43,11,0,5,normal,0
2026-07-01 17:00:00,user_19,employee,17,0,1,1,0,6,2,12.7,3,0,4,normal,0
2026-07-29 10:00:00,user_22,employee,10,2,1,1,0,4,1,46.84,5,0,3,normal,0
2026-07-22 13:00:00,user_13,employee,13,1,2,1,0,7,4,34.29,5,0,5,normal,0
2026-07-08 14:00:00,user_03,admin,14,0,1,1,0,22,2,36.08,14,3,13,normal,0
2026-07-09 08:00:00,user_25,employee,8,0,1,1,0,11,3,32.9,1,0,6,normal,0
2026-07-13 13:00:00,user_20,employee,13,0,1,1,0,5,5,31.72,8,0,3,normal,0
2026-07-02 13:00:00,user_10,analyst,13,0,4,2,0,13,5,61.58,40,0,10,normal,0
2026-07-11 12:00:00,user_26,employee,12,2,2,1,0,10,3,28.53,12,0,7,normal,0
2026-07-24 14:00:00,user_08,analyst,14,0,1,1,0,23,8,39.02,41,0,15,normal,0
2026-07-30 09:00:00,user_23,employee,9,0,1,1,1,5,3,24.85,6,0,4,normal,0
2026-07-14 12:00:00,user_03,admin,12,1,1,1,0,14,3,25.71,25,4,9,normal,0
2026-07-06 06:00:00,user_03,employee,6,1,1,1,0,15,1,44.23,130,10,40,privilege_misuse,1
2026-07-14 13:00:00,user_05,analyst,13,0,1,1,0,18,4,56.32,39,0,11,normal,0
2026-07-07 12:00:00,user_13,employee,12,1,1,1,0,244,187,5608.78,6,0,108,data_exfiltration,1
2026-07-19 08:00:00,user_24,employee,8,0,1,1,0,10,3,8.62,10,0,6,normal,0
2026-07-30 14:00:00,user_13,employee,14,1,1,1,0,7,1,12.38,278,9,65,privilege_misuse,1
2026-07-25 13:00:00,user_12,analyst,13,1,1,1,0,18,5,32.86,39,0,9,normal,0
2026-07-01 08:00:00,user_04,admin,8,0,3,1,0,12,4,62.75,30,2,10,normal,0
2026-07-16 13:00:00,user_03,admin,13,0,1,1,1,13,4,92.17,19,4,8,normal,0
2026-07-17 12:00:00,user_01,admin,12,1,1,1,0,10,1,36.12,35,2,11,normal,0
2026-07-26 13:00:00,user_10,analyst,13,0,1,1,0,14,4,92.02,24,0,9,normal,0
2026-07-16 14:00:00,user_15,employee,14,0,3,1,0,7,4,42.8,7,0,3,normal,0
2026-07-25 15:00:00,user_12,analyst,15,1,2,1,0,14,6,56.57,34,0,10,normal,0
2026-07-30 16:00:00,user_25,employee,16,2,3,1,0,8,4,38.97,245,22,77,privilege_misuse,1
2026-07-05 09:00:00,user_04,admin,9,0,4,1,0,8,6,15.79,25,1,5,normal,0
2026-07-08 11:00:00,user_05,analyst,11,0,4,1,0,11,8,38.19,42,0,10,normal,0
2026-07-20 09:00:00,user_03,admin,9,0,3,1,0,12,6,112.81,24,5,10,normal,0
2026-07-19 15:00:00,user_06,analyst,15,1,2,1,0,13,9,125.28,34,0,12,normal,0
2026-07-08 15:00:00,user_14,employee,15,0,1,1,0,5,2,83.09,10,0,3,normal,0
2026-07-07 12:00:00,user_15,employee,12,0,2,1,0,12,4,28.71,13,0,9,normal,0
2026-07-03 16:00:00,user_18,employee,16,0,2,1,0,4,5,15.22,9,0,3,normal,0
2026-07-27 08:00:00,user_18,employee,8,0,1,1,0,5,1,28.44,5,0,3,normal,0
2026-07-25 09:00:00,user_17,employee,9,0,1,1,0,11,2,9.2,5,0,5,normal,0
2026-07-26 11:00:00,user_14,employee,11,0,2,1,0,12,1,15.45,7,0,7,normal,0
2026-07-18 10:00:00,user_04,admin,10,1,1,1,0,12,6,41.07,33,5,7,normal,0
2026-07-02 15:00:00,user_01,admin,15,0,3,1,0,11,7,15.49,16,1,9,normal,0
2026-07-23 10:00:00,user_03,admin,10,0,2,1,0,7,4,27.06,27,1,7,normal,0
2026-07-08 11:00:00,user_12,analyst,11,0,1,1,0,17,2,23.26,36,0,16,normal,0
2026-07-17 10:00:00,user_18,employee,10,0,1,1,0,10,7,38.64,10,0,8,normal,0
2026-07-25 11:00:00,user_03,admin,11,1,1,1,0,12,4,45.62,25,0,8,normal,0
2026-07-14 07:00:00,user_20,employee,7,1,2,1,0,9,1,19.06,4,0,6,normal,0
2026-07-11 15:00:00,user_20,employee,15,0,1,1,0,7,2,42.01,8,0,6,normal,0
2026-07-03 12:00:00,user_26,employee,12,0,3,2,0,10,4,45.45,2,0,6,normal,0
2026-07-11 08:00:00,user_11,analyst,8,0,1,1,0,23,5,53.04,27,0,15,normal,0
2026-07-23 06:00:00,user_28,employee,6,0,2,2,0,6,6,48.49,11,0,5,normal,0
2026-07-19 11:00:00,user_13,employee,11,0,1,1,0,8,7,56.16,16,0,6,normal,0
2026-07-15 14:00:00,user_01,admin,14,0,2,1,0,17,3,7.3,21,5,14,normal,0
2026-07-18 15:00:00,user_10,analyst,15,0,1,1,0,18,7,87.29,30,0,15,normal,0
2026-07-20 11:00:00,user_14,employee,11,0,1,2,0,5,5,59.94,9,0,3,normal,0
2026-07-04 10:00:00,user_13,employee,10,1,1,1,0,3,4,57.63,8,0,2,normal,0
2026-07-12 15:00:00,user_25,employee,15,0,2,1,0,12,1,85.19,5,0,6,normal,0
2026-07-29 19:00:00,user_03,admin,19,1,2,1,0,10,4,3.29,19,3,7,normal,0
2026-07-28 09:00:00,user_24,employee,9,0,1,1,0,6,3,44.56,9,0,4,normal,0
2026-07-03 17:00:00,user_29,employee,17,1,1,2,1,5,2,5.97,7,0,2,normal,0
2026-07-28 15:00:00,user_18,employee,15,1,1,1,0,5,5,11.7,9,0,4,normal,0
2026-07-27 18:00:00,user_29,employee,18,0,1,1,0,15,4,17.82,8,0,7,normal,0
2026-07-06 18:00:00,user_08,analyst,18,0,2,2,1,16,5,6.79,38,0,9,normal,0
2026-07-19 14:00:00,user_19,employee,14,0,2,1,0,8,4,22.71,5,0,7,normal,0
2026-07-03 06:00:00,user_17,employee,6,0,1,1,0,8,6,20.92,12,0,7,normal,0
2026-07-20 10:00:00,user_06,analyst,10,0,1,1,0,10,1,68.88,29,0,7,normal,0
2026-07-05 11:00:00,user_22,employee,11,0,1,1,0,6,3,85.69,9,0,4,normal,0
2026-07-20 14:00:00,user_13,employee,14,0,1,1,0,10,7,7.8,6,0,8,normal,0
2026-07-28 12:00:00,user_06,analyst,12,1,1,1,0,17,3,46.98,37,0,12,normal,0
2026-07-29 08:00:00,user_05,analyst,8,0,1,1,0,16,10,37.81,198,13,66,privilege_misuse,1
2026-07-17 09:00:00,user_10,analyst,9,0,2,1,0,15,4,26.51,33,0,9,normal,0
2026-07-28 09:00:00,user_09,analyst,9,0,1,1,0,13,6,3.24,41,0,8,normal,0
2026-07-01 11:00:00,user_16,employee,11,0,2,1,0,11,3,31.79,5,0,6,normal,0
2026-07-21 11:00:00,user_05,analyst,11,0,2,1,0,13,4,68.15,35,0,9,normal,0
2026-07-19 10:00:00,user_03,admin,10,0,1,1,0,13,0,53.33,20,1,7,normal,0
2026-07-09 13:00:00,user_06,analyst,13,1,1,1,0,15,8,33.53,43,0,9,normal,0
2026-07-14 09:00:00,user_14,employee,9,0,1,1,0,8,1,64.48,6,0,4,normal,0
2026-07-14 09:00:00,user_09,analyst,9,1,1,1,0,15,2,38.31,47,0,12,normal,0
2026-07-04 12:00:00,user_14,employee,12,0,1,1,0,6,2,29.1,9,0,5,normal,0
2026-07-19 10:00:00,user_10,analyst,10,0,1,1,0,19,4,39.74,48,0,14,normal,0
2026-07-28 11:00:00,user_16,employee,11,1,2,1,1,5,3,87.21,10,0,4,normal,0
2026-07-06 12:00:00,user_26,employee,12,0,1,2,0,3,4,11.76,6,0,2,normal,0
2026-07-29 07:00:00,user_03,admin,7,0,1,1,0,13,3,61.34,26,1,10,normal,0
2026-07-01 09:00:00,user_12,analyst,9,0,1,1,0,13,8,126.05,32,0,9,normal,0
2026-07-12 13:00:00,user_09,analyst,13,0,2,1,0,17,3,14.19,45,0,11,normal,0
2026-07-01 15:00:00,user_08,analyst,15,1,4,1,0,15,5,53.66,45,0,9,normal,0
2026-07-22 17:00:00,user_24,employee,17,0,1,1,0,14,2,43.9,7,0,6,normal,0
2026-07-16 14:00:00,user_21,employee,14,0,1,1,0,8,4,28.07,6,0,6,normal,0
2026-07-06 13:00:00,user_16,employee,13,0,1,2,0,11,3,38.25,5,0,9,normal,0
2026-07-20 10:00:00,user_20,employee,10,0,1,1,0,9,2,32.05,6,0,5,normal,0
2026-07-01 12:00:00,user_20,employee,12,0,1,1,0,7,3,20.99,9,0,5,normal,0
2026-07-05 08:00:00,user_07,analyst,8,0,1,1,0,20,3,23.79,36,0,12,normal,0
2026-07-28 18:00:00,user_15,employee,18,0,1,1,0,14,3,62.5,8,0,10,normal,0
2026-07-23 13:00:00,user_04,admin,13,0,1,1,0,8,2,32.69,27,3,8,normal,0
2026-07-24 11:00:00,user_05,analyst,11,0,1,1,0,13,4,17.34,22,0,8,normal,0
2026-07-12 09:00:00,user_10,analyst,9,15,0,2,0,24,5,13.56,33,0,18,brute_force,1
2026-07-18 08:00:00,user_13,employee,8,0,1,1,0,12,2,64.53,9,0,8,normal,0
2026-07-26 10:00:00,user_11,analyst,10,0,1,1,0,13,6,52.45,24,0,9,normal,0
2026-07-27 20:00:00,user_27,employee,20,1,2,1,0,7,4,35.29,13,0,4,normal,0
2026-07-30 14:00:00,user_20,employee,14,0,2,1,0,11,2,93.46,11,0,5,normal,0
2026-07-27 08:00:00,user_13,employee,8,0,1,1,0,7,3,92.75,5,0,4,normal,0
2026-07-17 09:00:00,user_26,employee,9,1,2,1,0,3,4,21.94,9,0,2,normal,0
2026-07-16 16:00:00,user_28,employee,16,1,2,1,0,9,7,70.16,6,0,6,normal,0
2026-07-18 14:00:00,user_11,analyst,14,0,1,1,0,10,8,51.41,37,0,7,normal,0
2026-07-11 09:00:00,user_15,employee,9,1,2,1,0,8,4,62.57,7,0,7,normal,0
2026-07-25 13:00:00,user_11,analyst,13,0,2,1,0,17,6,11.29,33,0,14,normal,0
2026-07-29 09:00:00,user_14,employee,9,0,1,1,0,9,6,26.75,9,0,7,normal,0
2026-07-06 03:00:00,user_27,employee,3,9,2,3,1,9,71,4945.61,143,8,101,mixed_anomaly,1
2026-07-07 21:00:00,user_05,analyst,21,1,1,1,0,13,5,14.61,27,0,8,normal,0
2026-07-11 09:00:00,user_10,analyst,9,1,1,1,0,13,5,12.7,35,0,10,normal,0
2026-07-04 12:00:00,user_11,analyst,12,0,2,1,0,16,7,219.66,46,0,10,normal,0
2026-07-02 10:00:00,user_20,employee,10,0,2,1,0,260,200,7420.07,8,0,114,data_exfiltration,1
2026-07-28 12:00:00,user_16,employee,12,0,2,1,0,12,4,27.64,7,0,6,normal,0
2026-07-05 09:00:00,user_11,analyst,9,0,1,1,0,16,5,34.82,40,0,14,normal,0
2026-07-06 12:00:00,user_06,analyst,12,1,1,1,1,14,5,53.91,29,0,12,normal,0
2026-07-01 16:00:00,user_13,employee,16,1,1,1,0,10,3,27.53,10,0,5,normal,0
2026-07-22 14:00:00,user_11,analyst,14,0,1,1,0,14,5,106.43,35,0,9,normal,0
2026-07-08 11:00:00,user_10,analyst,11,0,2,1,0,16,2,184.43,38,0,11,normal,0
2026-07-14 19:00:00,user_24,employee,19,2,1,1,0,6,4,28.77,11,0,3,normal,0
2026-07-27 14:00:00,user_23,employee,14,0,2,1,0,7,2,10.74,7,0,6,normal,0
2026-07-07 15:00:00,user_21,employee,15,0,1,1,1,10,4,49.86,8,0,8,normal,0
2026-07-08 09:00:00,user_16,employee,9,0,1,1,0,11,2,45.91,8,0,7,normal,0
2026-07-18 12:00:00,user_19,employee,12,0,2,1,0,7,3,49.47,4,0,6,normal,0
2026-07-19 16:00:00,user_26,employee,16,0,1,1,0,13,4,18.15,8,0,6,normal,0
2026-07-11 08:00:00,user_08,analyst,8,0,1,1,0,17,4,61.15,339,6,80,privilege_misuse,1
2026-07-11 12:00:00,user_13,employee,12,1,2,2,0,9,3,77.43,9,0,5,normal,0
2026-07-14 14:00:00,user_09,analyst,14,2,3,1,0,20,6,52.83,42,0,16,normal,0
2026-07-26 16:00:00,user_27,employee,16,0,3,1,0,6,5,24.17,16,0,4,normal,0
2026-07-09 15:00:00,user_26,employee,15,0,1,1,0,8,6,14.59,7,0,5,normal,0
2026-07-06 10:00:00,user_13,employee,10,2,1,1,0,11,9,26.15,4,0,7,normal,0
2026-07-02 15:00:00,user_12,analyst,15,22,0,3,1,21,3,57.11,35,0,14,brute_force,1
2026-07-18 17:00:00,user_30,employee,17,0,1,1,0,9,0,2.01,4,0,4,normal,0
2026-07-17 08:00:00,user_19,employee,8,0,2,1,0,10,6,8.27,7,0,8,normal,0
2026-07-13 11:00:00,user_07,analyst,11,0,2,1,0,12,3,130.41,39,0,8,normal,0
2026-07-02 09:00:00,user_19,employee,9,1,1,1,0,5,2,22.28,8,0,4,normal,0
2026-07-18 10:00:00,user_18,employee,10,0,2,1,0,9,1,4.44,7,0,7,normal,0
2026-07-29 16:00:00,user_06,analyst,16,1,1,1,0,13,1,74.81,28,0,8,normal,0
2026-07-27 11:00:00,user_22,employee,11,0,1,1,0,11,5,81.07,11,0,8,normal,0
2026-07-08 03:00:00,user_25,employee,3,18,2,7,1,3,165,5855.88,128,6,89,mixed_anomaly,1
2026-07-17 11:00:00,user_01,admin,11,1,3,1,0,10,4,43.37,27,4,10,normal,0
2026-07-12 08:00:00,user_24,employee,8,0,1,1,0,5,4,14.44,4,0,2,normal,0
2026-07-18 11:00:00,user_15,employee,11,0,3,1,0,3,3,12.93,8,0,3,normal,0
2026-07-20 20:00:00,user_23,employee,20,0,3,1,0,7,7,5.43,6,0,4,normal,0
2026-07-18 14:00:00,user_07,analyst,14,0,3,1,0,21,8,79.82,41,0,19,normal,0
2026-07-30 15:00:00,user_15,employee,15,0,1,1,1,9,2,60.97,15,0,8,normal,0
2026-07-21 09:00:00,user_26,employee,9,0,1,1,0,5,2,47.83,118,11,24,privilege_misuse,1
2026-07-10 10:00:00,user_27,employee,10,0,1,1,0,10,3,9.24,5,0,5,normal,0
2026-07-09 12:00:00,user_23,employee,12,0,3,1,0,4,1,97.21,9,0,4,normal,0
2026-07-20 14:00:00,user_03,admin,14,0,3,1,0,16,4,9.98,23,2,10,normal,0
2026-07-30 14:00:00,user_27,employee,14,1,1,1,0,10,4,6.68,7,0,5,normal,0
2026-07-17 09:00:00,user_28,employee,9,0,2,1,0,4,4,4.36,8,0,4,normal,0
2026-07-21 11:00:00,user_26,employee,11,0,1,1,0,15,2,19.38,9,0,7,normal,0
2026-07-26 10:00:00,user_26,employee,10,1,1,1,0,8,2,36.03,6,0,7,normal,0
2026-07-01 07:00:00,user_14,employee,7,1,1,1,0,8,4,18.97,4,0,4,normal,0
2026-07-16 00:00:00,user_22,employee,0,5,2,3,1,10,3,35.88,14,0,5,suspicious_login,1
2026-07-25 15:00:00,user_05,analyst,15,2,1,1,0,12,5,34.48,26,0,11,normal,0
2026-07-07 11:00:00,user_21,employee,11,1,3,1,0,10,2,13.38,4,0,7,normal,0
2026-07-03 19:00:00,user_10,analyst,19,1,3,1,0,177,296,4169.79,36,0,152,data_exfiltration,1
2026-07-25 12:00:00,user_09,analyst,12,1,2,1,0,14,3,37.32,36,0,12,normal,0
2026-07-06 09:00:00,user_22,employee,9,1,1,1,0,8,1,16.07,6,0,4,normal,0
2026-07-08 12:00:00,user_05,analyst,12,1,2,1,0,14,5,50.04,36,0,10,normal,0
2026-07-29 12:00:00,user_23,employee,12,1,1,1,0,6,1,38.12,7,0,3,normal,0
2026-07-01 12:00:00,user_14,employee,12,0,1,2,0,7,2,209.37,7,0,4,normal,0
2026-07-26 15:00:00,user_26,employee,15,0,1,2,0,6,1,35.32,11,0,3,normal,0
2026-07-06 13:00:00,user_13,employee,13,0,1,1,0,12,3,23.57,10,0,6,normal,0
2026-07-21 13:00:00,user_03,admin,13,0,1,2,1,7,3,169.49,18,0,5,normal,0
2026-07-13 04:00:00,user_15,employee,4,12,1,8,1,10,96,2350.98,430,4,78,mixed_anomaly,1
2026-07-08 14:00:00,user_16,employee,14,1,2,1,0,11,3,15.42,11,0,7,normal,0
2026-07-10 14:00:00,user_19,employee,14,1,3,1,0,9,2,10.33,9,0,5,normal,0
2026-07-06 14:00:00,user_13,employee,14,0,1,1,0,10,3,36.2,7,0,5,normal,0
2026-07-28 16:00:00,user_18,employee,16,0,2,1,0,6,3,57.36,8,0,5,normal,0
2026-07-24 12:00:00,user_17,employee,12,2,2,1,0,4,4,37.26,9,0,3,normal,0
2026-07-25 12:00:00,user_30,employee,12,0,1,1,0,5,4,63.22,8,0,3,normal,0
2026-07-09 12:00:00,user_30,employee,12,0,1,1,0,10,1,30.26,9,0,7,normal,0
2026-07-17 14:00:00,user_28,employee,14,1,2,1,0,12,0,6.62,11,0,6,normal,0
2026-07-27 09:00:00,user_23,employee,9,0,4,1,0,4,0,66.81,10,0,2,normal,0
2026-07-17 12:00:00,user_14,employee,12,0,3,1,0,7,3,1.93,7,0,3,normal,0
2026-07-06 17:00:00,user_18,employee,17,0,1,1,0,8,6,23.24,4,0,6,normal,0
2026-07-10 07:00:00,user_02,admin,7,0,1,1,0,10,4,12.51,24,3,8,normal,0
2026-07-20 14:00:00,user_26,employee,14,0,1,1,0,5,2,47.22,119,15,69,privilege_misuse,1
2026-07-01 12:00:00,user_23,employee,12,1,1,1,0,11,2,7.87,9,0,9,normal,0
2026-07-03 15:00:00,user_29,employee,15,0,2,1,0,6,3,13.05,7,0,5,normal,0
2026-07-09 15:00:00,user_26,employee,15,0,1,1,1,9,1,37.64,7,0,5,normal,0
2026-07-18 11:00:00,user_18,employee,11,0,1,2,1,4,3,14.26,9,0,2,normal,0
2026-07-19 12:00:00,user_20,employee,12,0,2,2,0,7,1,32.97,3,0,6,normal,0
2026-07-05 12:00:00,user_21,employee,12,18,1,1,0,9,0,19.16,6,0,4,brute_force,1
2026-07-08 17:00:00,user_04,admin,17,0,3,1,0,16,6,69.01,23,0,15,normal,0
2026-07-27 19:00:00,user_25,employee,19,0,2,1,1,10,4,50.41,5,0,7,normal,0
2026-07-14 10:00:00,user_08,analyst,10,0,1,2,0,10,3,27.93,323,10,72,privilege_misuse,1
2026-07-14 12:00:00,user_06,analyst,12,0,1,1,0,13,4,84.03,28,0,10,normal,0
2026-07-21 10:00:00,user_21,employee,10,1,1,1,0,9,4,49.9,5,0,4,normal,0
2026-07-30 13:00:00,user_20,employee,13,0,1,1,0,4,4,31.5,2,0,3,normal,0
2026-07-28 12:00:00,user_02,admin,12,0,1,1,0,12,5,13.08,31,4,8,normal,0
2026-07-21 14:00:00,user_19,employee,14,1,1,1,0,7,3,41.28,12,0,4,normal,0
2026-07-11 13:00:00,user_21,employee,13,0,1,1,0,4,3,14.86,6,0,3,normal,0
2026-07-13 10:00:00,user_22,employee,10,0,3,1,0,7,1,50.12,9,0,5,normal,0
2026-07-17 20:00:00,user_21,employee,20,2,1,1,0,7,2,25.14,5,0,4,normal,0
2026-07-02 12:00:00,user_13,employee,12,1,1,1,0,11,4,73.94,7,0,9,normal,0
2026-07-30 11:00:00,user_25,employee,11,1,1,1,0,6,3,1.5,2,0,3,normal,0
2026-07-10 14:00:00,user_11,analyst,14,0,1,1,0,18,5,78.84,40,0,10,normal,0
2026-07-26 12:00:00,user_26,employee,12,0,2,1,0,8,2,52.21,7,0,3,normal,0
2026-07-30 16:00:00,user_14,employee,16,0,1,1,0,4,5,31.84,9,0,3,normal,0
2026-07-25 16:00:00,user_04,admin,16,0,1,1,0,8,2,89.65,22,6,8,normal,0
2026-07-25 15:00:00,user_01,admin,15,0,1,1,0,14,1,37.99,27,4,9,normal,0
2026-07-06 12:00:00,user_04,admin,12,1,2,2,0,9,5,26.75,20,4,5,normal,0
2026-07-16 16:00:00,user_09,analyst,16,1,1,1,0,353,294,4878.29,43,0,110,data_exfiltration,1
2026-07-21 12:00:00,user_17,employee,12,1,3,1,0,10,5,69.74,8,0,6,normal,0
2026-07-24 14:00:00,user_24,employee,14,0,2,1,0,6,3,69.59,7,0,4,normal,0
2026-07-30 04:00:00,user_17,employee,4,6,1,7,1,11,100,5100.06,146,7,49,mixed_anomaly,1
2026-07-13 19:00:00,user_19,employee,19,1,1,1,0,10,1,97.36,6,0,5,normal,0
2026-07-10 14:00:00,user_23,employee,14,1,1,1,0,7,4,32.12,8,0,5,normal,0
2026-07-14 06:00:00,user_19,employee,6,0,4,1,0,10,6,58.93,9,0,8,normal,0
2026-07-24 16:00:00,user_08,analyst,16,0,1,1,0,14,5,58.57,36,0,8,normal,0
2026-07-17 16:00:00,user_15,employee,16,1,4,1,0,7,0,22.58,4,0,5,normal,0
2026-07-28 14:00:00,user_12,analyst,14,0,1,1,0,15,1,26.82,38,0,15,normal,0
2026-07-01 11:00:00,user_13,employee,11,1,2,1,0,4,1,42.05,5,0,3,normal,0
2026-07-15 11:00:00,user_15,employee,11,1,1,1,0,2,3,15.64,9,0,2,normal,0
2026-07-01 17:00:00,user_25,employee,17,0,4,2,0,6,3,8.36,13,0,5,normal,0
2026-07-21 15:00:00,user_22,employee,15,0,2,1,0,11,4,15.43,13,0,9,normal,0
2026-07-11 07:00:00,user_19,employee,7,1,1,1,0,5,4,45.92,11,0,4,normal,0
2026-07-24 11:00:00,user_23,employee,11,0,1,1,0,13,5,25.1,6,0,10,normal,0
2026-07-22 12:00:00,user_17,employee,12,0,1,1,0,4,3,35.54,11,0,2,normal,0
2026-07-17 16:00:00,user_05,analyst,16,0,2,1,0,10,5,20.37,34,0,10,normal,0
2026-07-18 09:00:00,user_12,analyst,9,0,1,1,0,20,2,67.49,44,0,13,normal,0
2026-07-07 19:00:00,user_01,admin,19,2,1,2,0,14,3,42.88,27,2,12,normal,0
2026-07-29 12:00:00,user_16,employee,12,0,3,1,0,10,2,50.29,7,0,5,normal,0
2026-07-19 15:00:00,user_04,admin,15,0,1,1,0,13,9,43.25,26,4,7,normal,0
2026-07-12 15:00:00,user_10,analyst,15,0,1,1,0,19,3,65.57,25,0,15,normal,0
2026-07-13 09:00:00,user_14,employee,9,1,1,1,0,10,2,11.98,7,0,8,normal,0
2026-07-09 16:00:00,user_30,employee,16,0,2,1,0,8,1,31.14,7,0,6,normal,0
2026-07-10 18:00:00,user_03,admin,18,0,1,1,0,9,7,26.8,28,2,6,normal,0
2026-07-17 10:00:00,user_04,admin,10,0,2,1,0,191,266,4257.8,28,5,79,data_exfiltration,1
2026-07-02 10:00:00,user_12,analyst,10,0,1,1,0,13,2,27.71,25,0,8,normal,0
2026-07-05 11:00:00,user_10,analyst,11,1,1,1,0,11,2,89.23,36,0,11,normal,0
2026-07-12 13:00:00,user_11,analyst,13,0,1,1,0,20,4,31.49,38,0,12,normal,0
2026-07-17 12:00:00,user_15,employee,12,1,3,1,0,10,1,4.55,9,0,5,normal,0
2026-07-15 14:00:00,user_26,employee,14,0,1,1,0,10,1,12.8,8,0,8,normal,0
2026-07-13 16:00:00,user_07,analyst,16,0,2,1,0,11,7,56.37,30,0,11,normal,0
2026-07-28 13:00:00,user_17,employee,13,1,1,2,0,7,3,35.3,7,0,5,normal,0
2026-07-12 09:00:00,user_16,employee,9,1,2,2,0,12,1,70.09,14,0,6,normal,0
2026-07-16 11:00:00,user_12,analyst,11,0,4,1,0,16,3,33.0,36,0,10,normal,0
2026-07-24 16:00:00,user_16,employee,16,24,1,2,0,6,3,25.33,5,0,3,brute_force,1
2026-07-24 07:00:00,user_15,employee,7,1,2,1,1,9,2,67.29,9,0,7,normal,0
2026-07-28 06:00:00,user_24,employee,6,0,1,1,0,7,3,17.38,10,0,5,normal,0
2026-07-13 07:00:00,user_23,employee,7,0,1,1,0,7,2,16.93,6,0,6,normal,0
2026-07-27 12:00:00,user_15,employee,12,1,4,1,1,11,0,69.43,5,0,4,normal,0
2026-07-12 09:00:00,user_11,analyst,9,0,1,1,0,12,6,35.22,34,0,8,normal,0
2026-07-04 14:00:00,user_03,employee,14,0,1,1,0,12,5,41.91,90,18,26,privilege_misuse,1
2026-07-04 16:00:00,user_02,admin,16,0,4,1,0,8,5,39.12,29,0,6,normal,0
2026-07-29 16:00:00,user_26,employee,16,0,1,1,0,13,3,20.79,10,0,8,normal,0
2026-07-07 13:00:00,user_23,employee,13,0,1,1,0,8,1,25.88,7,0,6,normal,0
2026-07-06 10:00:00,user_04,admin,10,0,1,2,0,14,5,43.72,19,2,7,normal,0
2026-07-20 07:00:00,user_01,admin,7,0,6,1,0,16,4,8.4,25,3,14,normal,0
2026-07-07 12:00:00,user_28,employee,12,2,2,1,0,9,2,37.11,8,0,8,normal,0
2026-07-27 16:00:00,user_11,analyst,16,0,1,1,0,18,6,90.55,35,0,12,normal,0
2026-07-04 11:00:00,user_21,employee,11,1,2,1,0,5,3,31.68,9,0,5,normal,0
2026-07-13 15:00:00,user_04,admin,15,0,2,1,0,8,6,12.25,22,3,7,normal,0
2026-07-30 11:00:00,user_22,employee,11,0,1,1,0,13,2,32.62,9,0,7,normal,0
2026-07-21 13:00:00,user_26,employee,13,0,1,1,0,14,1,21.76,6,0,10,normal,0
2026-07-20 12:00:00,user_06,analyst,12,0,2,1,0,10,5,61.53,49,0,11,normal,0
2026-07-22 09:00:00,user_30,employee,9,1,1,1,0,3,8,15.5,8,0,2,normal,0
2026-07-25 10:00:00,user_24,employee,10,0,1,1,0,8,2,23.55,7,0,6,normal,0
2026-07-05 12:00:00,user_08,analyst,12,1,1,1,0,14,9,17.24,35,0,13,normal,0
2026-07-30 14:00:00,user_17,employee,14,0,1,1,0,7,3,21.31,11,0,6,normal,0
2026-07-03 15:00:00,user_06,analyst,15,0,1,1,0,14,4,50.68,34,0,11,normal,0
2026-07-04 12:00:00,user_18,employee,12,0,3,1,0,5,5,84.03,8,0,4,normal,0
2026-07-24 21:00:00,user_06,analyst,21,0,4,1,0,13,3,110.57,40,0,11,normal,0
2026-07-12 08:00:00,user_11,analyst,8,3,4,1,0,21,3,77.02,31,0,14,normal,0
2026-07-26 04:00:00,user_18,employee,4,3,1,7,1,14,4,26.45,8,0,7,suspicious_login,1
2026-07-14 16:00:00,user_15,employee,16,0,1,1,0,11,3,1.94,14,0,7,normal,0
2026-07-03 11:00:00,user_08,analyst,11,0,3,1,0,14,8,75.86,45,0,11,normal,0
2026-07-24 13:00:00,user_26,employee,13,1,2,1,0,9,6,26.26,12,0,7,normal,0
2026-07-09 09:00:00,user_13,employee,9,0,1,1,0,6,3,10.77,5,0,4,normal,0
2026-07-18 13:00:00,user_21,employee,13,1,3,1,0,11,9,33.33,10,0,9,normal,0
2026-07-18 12:00:00,user_06,analyst,12,0,1,1,0,16,8,131.62,32,0,11,normal,0
2026-07-08 11:00:00,user_06,analyst,11,0,2,1,0,18,3,52.23,27,0,16,normal,0
2026-07-25 15:00:00,user_21,employee,15,0,3,1,0,9,2,61.58,9,0,7,normal,0
2026-07-13 14:00:00,user_22,employee,14,0,2,1,0,7,4,39.78,10,0,4,normal,0
2026-07-30 19:00:00,user_14,employee,19,0,1,1,0,2,4,15.13,11,0,2,normal,0
2026-07-08 14:00:00,user_13,employee,14,2,1,1,0,7,2,21.26,10,0,4,normal,0
2026-07-28 15:00:00,user_01,admin,15,1,1,1,0,6,6,47.84,28,2,7,normal,0
2026-07-01 11:00:00,user_24,employee,11,0,2,1,1,9,2,21.05,8,0,4,normal,0
2026-07-11 10:00:00,user_20,employee,10,0,1,1,0,7,1,40.25,4,0,3,normal,0
2026-07-11 19:00:00,user_29,employee,19,1,1,2,0,4,0,40.07,10,0,4,normal,0
2026-07-13 10:00:00,user_07,analyst,10,0,4,1,0,18,4,46.58,37,0,17,normal,0
2026-07-16 03:00:00,user_15,employee,3,7,1,3,1,7,109,5396.71,406,8,177,mixed_anomaly,1
2026-07-19 12:00:00,user_14,employee,12,0,3,1,1,9,3,85.73,12,0,6,normal,0
2026-07-28 11:00:00,user_13,employee,11,1,3,2,0,3,0,40.06,9,0,2,normal,0
2026-07-17 11:00:00,user_01,admin,11,0,2,1,0,12,4,14.46,14,0,7,normal,0
2026-07-13 13:00:00,user_23,employee,13,1,2,1,0,6,7,30.44,7,0,4,normal,0
2026-07-24 09:00:00,user_07,analyst,9,0,3,1,0,17,1,51.17,33,0,13,normal,0
2026-07-03 11:00:00,user_07,analyst,11,0,1,1,0,15,4,49.15,24,0,10,normal,0
2026-07-02 11:00:00,user_09,analyst,11,0,1,1,0,14,5,159.74,27,0,7,normal,0
2026-07-14 12:00:00,user_25,employee,12,0,1,1,1,6,3,17.5,6,0,5,normal,0
2026-07-11 12:00:00,user_23,employee,12,0,1,1,0,10,3,6.01,5,0,5,normal,0
2026-07-06 07:00:00,user_26,employee,7,1,2,1,0,8,0,55.11,7,0,5,normal,0
2026-07-04 14:00:00,user_26,employee,14,19,1,1,0,6,0,22.12,8,0,4,brute_force,1
2026-07-26 14:00:00,user_19,employee,14,0,1,1,0,7,4,17.71,7,0,3,normal,0
2026-07-02 04:00:00,user_04,admin,4,13,1,3,1,9,176,4250.31,352,0,83,mixed_anomaly,1
2026-07-16 18:00:00,user_06,analyst,18,1,1,1,0,10,7,47.69,30,0,7,normal,0
2026-07-06 12:00:00,user_12,analyst,12,0,1,1,0,20,5,25.25,37,0,10,normal,0
2026-07-28 14:00:00,user_11,analyst,14,0,1,1,0,12,10,130.72,44,0,11,normal,0
2026-07-26 10:00:00,user_07,analyst,10,0,1,1,0,19,2,97.78,32,0,15,normal,0
2026-07-16 08:00:00,user_15,employee,8,1,2,1,0,6,2,10.98,5,0,5,normal,0
2026-07-01 16:00:00,user_04,employee,16,0,1,1,0,17,4,32.87,95,22,32,privilege_misuse,1
2026-07-27 15:00:00,user_22,employee,15,0,1,1,0,6,5,9.49,11,0,6,normal,0
2026-07-16 13:00:00,user_28,employee,13,0,1,1,0,4,6,52.21,4,0,3,normal,0
2026-07-07 13:00:00,user_16,employee,13,2,1,2,0,8,1,53.47,7,0,6,normal,0
2026-07-22 15:00:00,user_17,employee,15,0,1,1,0,7,6,14.64,245,13,84,privilege_misuse,1
2026-07-13 09:00:00,user_20,employee,9,0,3,2,0,8,4,14.98,13,0,5,normal,0
2026-07-25 16:00:00,user_13,employee,16,1,2,1,0,7,4,10.92,9,0,4,normal,0
2026-07-13 12:00:00,user_20,employee,12,1,1,1,0,6,5,40.71,5,0,5,normal,0
2026-07-05 14:00:00,user_13,employee,14,0,3,1,0,10,3,34.4,5,0,5,normal,0
2026-07-01 12:00:00,user_19,employee,12,0,2,1,0,4,6,16.74,11,0,4,normal,0
2026-07-09 15:00:00,user_04,admin,15,0,1,1,0,15,3,34.24,23,3,11,normal,0
2026-07-07 10:00:00,user_12,analyst,10,0,2,2,0,14,8,148.93,34,0,13,normal,0
2026-07-26 00:00:00,user_12,analyst,0,1,1,4,1,17,6,59.33,35,0,12,suspicious_login,1
2026-07-19 16:00:00,user_20,employee,16,0,1,1,0,5,4,5.05,6,0,4,normal,0
2026-07-22 16:00:00,user_06,analyst,16,1,1,1,0,10,8,74.84,40,0,7,normal,0
2026-07-12 16:00:00,user_27,employee,16,0,2,1,0,6,6,94.73,5,0,4,normal,0
2026-07-30 12:00:00,user_22,employee,12,1,1,1,0,4,2,36.98,4,0,4,normal,0
2026-07-07 10:00:00,user_23,employee,10,1,2,1,1,6,3,61.13,3,0,4,normal,0
2026-07-07 13:00:00,user_26,employee,13,0,1,1,0,5,3,29.22,7,0,2,normal,0
2026-07-13 04:00:00,user_10,analyst,4,9,4,8,1,21,122,2589.63,169,10,164,mixed_anomaly,1
2026-07-02 11:00:00,user_19,employee,11,0,3,1,0,19,4,59.49,14,0,10,normal,0
2026-07-02 10:00:00,user_03,admin,10,0,2,1,0,18,3,80.0,29,0,10,normal,0
2026-07-02 13:00:00,user_22,employee,13,0,1,1,0,6,0,23.66,5,0,4,normal,0
2026-07-13 18:00:00,user_05,analyst,18,0,1,1,0,14,2,48.28,27,0,10,normal,0
2026-07-30 14:00:00,user_11,analyst,14,0,3,1,0,9,7,38.51,34,0,8,normal,0
2026-07-10 10:00:00,user_04,admin,10,0,4,1,0,7,2,11.25,26,2,6,normal,0
2026-07-24 09:00:00,user_08,analyst,9,0,2,1,0,13,3,51.83,32,0,9,normal,0
2026-07-15 16:00:00,user_10,analyst,16,0,1,2,0,22,3,93.21,40,0,20,normal,0
2026-07-05 11:00:00,user_04,admin,11,0,1,1,0,18,5,154.01,25,3,9,normal,0
2026-07-19 10:00:00,user_06,analyst,10,0,1,1,0,17,5,61.42,34,0,15,normal,0
2026-07-17 15:00:00,user_12,analyst,15,0,1,1,0,13,8,109.06,32,0,12,normal,0
2026-07-26 13:00:00,user_23,employee,13,0,1,1,0,5,2,10.86,8,0,2,normal,0
2026-07-10 14:00:00,user_05,analyst,14,0,3,1,0,14,3,89.55,33,0,10,normal,0
2026-07-21 05:00:00,user_17,employee,5,3,5,8,1,11,4,23.05,11,0,6,suspicious_login,1
2026-07-01 11:00:00,user_14,employee,11,0,2,1,0,6,4,7.74,12,0,3,normal,0
2026-07-25 09:00:00,user_20,employee,9,0,2,1,0,9,5,51.04,10,0,7,normal,0
2026-07-28 13:00:00,user_05,analyst,13,0,1,1,0,16,6,53.07,39,0,10,normal,0
2026-07-30 12:00:00,user_19,employee,12,0,2,1,0,6,3,16.75,6,0,3,normal,0
2026-07-11 15:00:00,user_13,employee,15,0,2,1,0,10,5,24.73,8,0,8,normal,0
2026-07-18 09:00:00,user_14,employee,9,1,1,1,0,8,5,6.85,8,0,5,normal,0
2026-07-21 11:00:00,user_06,analyst,11,0,2,1,0,25,5,112.29,34,0,16,normal,0
2026-07-15 18:00:00,user_16,employee,18,0,1,2,0,11,3,20.16,5,0,7,normal,0
2026-07-06 12:00:00,user_21,employee,12,1,2,1,0,6,3,12.39,8,0,4,normal,0
2026-07-05 11:00:00,user_18,employee,11,0,2,1,0,9,4,79.19,12,0,4,normal,0
2026-07-13 06:00:00,user_23,employee,6,1,5,1,0,11,2,55.83,5,0,9,normal,0
2026-07-22 09:00:00,user_30,employee,9,0,1,1,0,129,278,6402.21,6,0,76,data_exfiltration,1
2026-07-17 14:00:00,user_18,employee,14,0,2,1,0,308,169,6905.46,6,0,214,data_exfiltration,1
2026-07-29 13:00:00,user_16,employee,13,1,1,1,0,7,1,56.13,7,0,4,normal,0
2026-07-27 15:00:00,user_10,analyst,15,0,1,1,0,11,8,19.82,34,0,9,normal,0
2026-07-22 17:00:00,user_05,analyst,17,0,1,1,0,17,6,7.63,42,0,10,normal,0
2026-07-24 13:00:00,user_06,analyst,13,0,1,2,0,17,5,29.08,31,0,15,normal,0
2026-07-17 11:00:00,user_11,analyst,11,0,2,2,0,16,4,44.95,39,0,12,normal,0
2026-07-17 16:00:00,user_27,employee,16,0,3,1,0,6,2,26.31,2,0,3,normal,0
2026-07-08 18:00:00,user_15,employee,18,1,2,1,0,5,2,87.35,7,0,3,normal,0
2026-07-17 09:00:00,user_20,employee,9,0,1,1,1,8,6,46.27,5,0,5,normal,0
2026-07-06 14:00:00,user_02,admin,14,0,2,2,0,9,5,21.5,23,3,8,normal,0
2026-07-14 14:00:00,user_28,employee,14,0,2,2,0,3,1,4.8,4,0,3,normal,0
2026-07-24 07:00:00,user_12,analyst,7,13,0,1,0,10,8,25.38,33,0,7,brute_force,1
2026-07-22 13:00:00,user_16,employee,13,0,1,1,1,6,4,17.18,6,0,5,normal,0
2026-07-12 15:00:00,user_05,analyst,15,0,5,1,0,13,5,27.79,36,0,11,normal,0
2026-07-11 06:00:00,user_07,analyst,6,0,1,1,0,15,6,26.21,26,0,13,normal,0
2026-07-13 01:00:00,user_27,employee,1,5,1,3,1,10,3,46.79,7,0,7,suspicious_login,1
2026-07-05 17:00:00,user_18,employee,17,0,1,1,0,8,2,25.74,11,0,7,normal,0
2026-07-10 14:00:00,user_17,employee,14,1,3,1,0,11,2,41.15,8,0,5,normal,0
2026-07-26 13:00:00,user_21,employee,13,1,2,2,1,7,1,49.12,12,0,6,normal,0
2026-07-23 11:00:00,user_16,employee,11,0,1,1,0,6,4,29.36,9,0,5,normal,0
2026-07-15 13:00:00,user_14,employee,13,0,1,1,0,5,6,37.94,6,0,3,normal,0
2026-07-05 09:00:00,user_22,employee,9,1,1,1,0,11,1,6.34,4,0,8,normal,0
2026-07-11 11:00:00,user_16,employee,11,0,2,1,0,12,0,68.15,8,0,7,normal,0
2026-07-30 10:00:00,user_14,employee,10,2,1,1,0,7,3,89.12,7,0,4,normal,0
2026-07-25 15:00:00,user_23,employee,15,0,1,1,0,10,2,21.42,11,0,7,normal,0
2026-07-26 15:00:00,user_27,employee,15,0,1,1,0,9,1,56.14,2,0,5,normal,0
2026-07-24 03:00:00,user_15,employee,3,4,4,6,1,11,1,29.18,12,0,6,suspicious_login,1
2026-07-16 13:00:00,user_06,analyst,13,0,4,1,0,15,6,24.49,28,0,8,normal,0
2026-07-26 14:00:00,user_03,admin,14,1,3,1,0,13,3,27.25,25,1,8,normal,0
2026-07-03 19:00:00,user_19,employee,19,0,1,1,0,6,2,12.4,6,0,5,normal,0
2026-07-20 11:00:00,user_01,admin,11,0,1,1,0,202,315,4379.67,26,5,132,data_exfiltration,1
2026-07-26 11:00:00,user_10,analyst,11,1,2,1,0,12,5,70.55,36,0,11,normal,0
2026-07-26 10:00:00,user_02,admin,10,0,1,1,0,18,7,58.48,35,0,12,normal,0
2026-07-23 15:00:00,user_09,analyst,15,2,3,1,0,15,6,81.6,35,0,10,normal,0
2026-07-17 16:00:00,user_08,analyst,16,0,2,1,0,15,7,37.32,28,0,11,normal,0
2026-07-09 12:00:00,user_18,employee,12,0,4,1,0,10,1,31.07,10,0,9,normal,0
2026-07-03 16:00:00,user_10,analyst,16,1,1,2,1,159,271,4490.51,32,0,183,data_exfiltration,1
2026-07-08 14:00:00,user_25,employee,14,0,1,1,0,5,2,13.91,5,0,4,normal,0
2026-07-04 10:00:00,user_15,employee,10,0,2,1,0,8,1,18.04,9,0,7,normal,0
2026-07-26 15:00:00,user_19,employee,15,0,3,1,0,5,6,11.17,4,0,3,normal,0
2026-07-23 12:00:00,user_24,employee,12,0,1,1,0,8,2,23.28,6,0,3,normal,0
2026-07-28 14:00:00,user_25,employee,14,0,1,1,0,9,1,39.54,4,0,7,normal,0
2026-07-15 03:00:00,user_25,employee,3,1,2,7,1,3,7,37.39,3,0,3,suspicious_login,1
2026-07-19 09:00:00,user_18,employee,9,1,1,1,0,6,1,17.54,6,0,3,normal,0
2026-07-24 15:00:00,user_17,employee,15,0,1,1,0,9,2,13.4,13,0,7,normal,0
2026-07-01 12:00:00,user_04,admin,12,0,2,1,0,10,6,49.7,33,1,8,normal,0
2026-07-07 15:00:00,user_19,employee,15,3,1,1,0,8,2,13.23,6,0,6,normal,0
2026-07-13 06:00:00,user_04,admin,6,0,1,1,0,17,5,31.08,27,0,8,normal,0
2026-07-27 08:00:00,user_09,analyst,8,0,1,1,0,12,6,50.78,41,0,8,normal,0
2026-07-08 14:00:00,user_25,employee,14,0,3,1,0,11,3,34.83,12,0,9,normal,0
2026-07-20 12:00:00,user_18,employee,12,1,1,1,0,7,0,43.27,6,0,3,normal,0
2026-07-28 09:00:00,user_27,employee,9,0,1,1,0,11,3,17.98,9,0,9,normal,0
2026-07-04 13:00:00,user_12,analyst,13,1,3,1,0,23,5,44.02,28,0,21,normal,0
2026-07-13 11:00:00,user_18,employee,11,24,1,4,0,7,4,22.11,10,0,6,brute_force,1
2026-07-22 13:00:00,user_25,employee,13,1,1,1,1,10,4,32.62,5,0,8,normal,0
2026-07-02 17:00:00,user_24,employee,17,2,1,1,0,2,2,16.04,4,0,1,normal,0
2026-07-21 15:00:00,user_15,employee,15,1,1,1,1,7,0,40.44,5,0,5,normal,0
2026-07-29 16:00:00,user_18,employee,16,0,2,1,0,5,3,10.73,4,0,3,normal,0
2026-07-20 11:00:00,user_07,analyst,11,0,2,1,0,19,4,43.56,32,0,11,normal,0
2026-07-10 14:00:00,user_14,employee,14,8,1,2,1,1,1,20.35,3,0,1,brute_force,1
2026-07-21 10:00:00,user_24,employee,10,1,1,1,1,3,2,14.42,9,0,3,normal,0
2026-07-23 12:00:00,user_27,employee,12,1,1,1,0,430,147,3211.86,4,0,168,data_exfiltration,1
2026-07-12 11:00:00,user_10,analyst,11,1,1,1,0,15,5,98.77,39,0,9,normal,0
2026-07-24 12:00:00,user_28,employee,12,0,1,1,0,7,2,68.92,6,0,4,normal,0
2026-07-12 12:00:00,user_02,admin,12,0,1,1,0,15,5,20.0,30,3,8,normal,0
2026-07-25 14:00:00,user_15,employee,14,0,1,1,0,12,2,90.15,7,0,7,normal,0
2026-07-17 16:00:00,user_09,analyst,16,0,2,1,0,11,4,36.42,39,0,10,normal,0
2026-07-29 11:00:00,user_12,analyst,11,0,2,1,0,11,5,212.72,33,0,8,normal,0
2026-07-27 11:00:00,user_28,employee,11,1,1,1,0,7,2,26.78,5,0,5,normal,0
2026-07-03 12:00:00,user_27,employee,12,0,3,1,0,8,6,29.63,6,0,6,normal,0
2026-07-08 16:00:00,user_03,admin,16,0,1,1,0,16,9,11.46,24,3,8,normal,0
2026-07-06 15:00:00,user_15,employee,15,1,1,1,0,10,5,21.96,8,0,8,normal,0
2026-07-06 07:00:00,user_28,employee,7,1,1,1,0,8,2,16.24,13,0,7,normal,0
2026-07-02 11:00:00,user_04,admin,11,0,3,1,0,15,5,48.24,18,0,8,normal,0
2026-07-08 17:00:00,user_25,employee,17,0,3,2,0,6,5,38.36,5,0,4,normal,0
2026-07-09 14:00:00,user_26,employee,14,0,3,1,0,8,3,23.37,5,0,6,normal,0
2026-07-28 14:00:00,user_08,analyst,14,0,2,1,1,16,4,65.67,36,0,15,normal,0
2026-07-08 12:00:00,user_07,analyst,12,2,1,1,0,12,2,120.03,36,0,10,normal,0
2026-07-04 11:00:00,user_26,employee,11,0,1,1,0,10,6,53.08,7,0,8,normal,0
2026-07-28 13:00:00,user_24,employee,13,0,2,1,0,11,3,97.3,2,0,5,normal,0
2026-07-24 19:00:00,user_19,employee,19,1,1,1,0,2,4,8.77,4,0,1,normal,0
2026-07-08 14:00:00,user_23,employee,14,1,2,1,0,3,2,3.59,205,10,62,privilege_misuse,1
2026-07-14 09:00:00,user_28,employee,9,1,5,1,0,8,3,37.01,15,0,7,normal,0
2026-07-21 13:00:00,user_23,employee,13,1,4,1,0,9,2,34.97,8,0,5,normal,0
2026-07-29 12:00:00,user_20,employee,12,1,2,1,0,10,2,57.92,6,0,8,normal,0
2026-07-29 15:00:00,user_21,employee,15,0,1,1,0,11,2,47.07,2,0,7,normal,0
2026-07-24 16:00:00,user_14,employee,16,1,2,1,0,8,3,17.25,7,0,4,normal,0
2026-07-17 19:00:00,user_06,analyst,19,0,1,1,0,15,1,74.75,29,0,11,normal,0
2026-07-17 09:00:00,user_20,employee,9,0,2,1,0,9,5,7.19,13,0,7,normal,0
2026-07-30 12:00:00,user_05,analyst,12,3,3,1,0,14,7,10.05,35,0,9,normal,0
2026-07-03 12:00:00,user_26,employee,12,0,2,1,0,9,2,45.61,8,0,6,normal,0
2026-07-23 08:00:00,user_07,analyst,8,0,1,1,0,8,9,41.04,42,0,9,normal,0
2026-07-16 13:00:00,user_27,employee,13,1,1,2,0,8,2,13.0,8,0,5,normal,0
2026-07-13 11:00:00,user_07,analyst,11,1,1,1,0,16,9,117.84,21,0,13,normal,0
2026-07-23 15:00:00,user_26,employee,15,1,2,1,0,13,6,48.53,13,0,11,normal,0
2026-07-15 12:00:00,user_02,admin,12,1,2,1,0,14,6,40.26,31,2,9,normal,0
2026-07-10 16:00:00,user_19,employee,16,0,1,1,0,9,2,29.96,7,0,6,normal,0
2026-07-08 10:00:00,user_12,analyst,10,0,3,1,0,19,6,28.96,30,0,9,normal,0
2026-07-17 14:00:00,user_18,employee,14,1,3,1,0,6,7,4.31,6,0,3,normal,0
2026-07-25 18:00:00,user_09,analyst,18,0,1,1,0,9,8,55.14,38,0,7,normal,0
2026-07-01 12:00:00,user_20,employee,12,0,1,1,0,7,1,53.67,8,0,5,normal,0
2026-07-14 15:00:00,user_18,employee,15,0,2,1,0,13,1,13.92,5,0,10,normal,0
2026-07-15 13:00:00,user_06,analyst,13,0,2,1,0,17,8,21.17,37,0,10,normal,0
2026-07-05 14:00:00,user_11,analyst,14,2,1,1,0,21,3,40.54,32,0,14,normal,0
2026-07-30 15:00:00,user_23,employee,15,0,1,1,0,4,3,10.75,7,0,4,normal,0
2026-07-26 11:00:00,user_10,analyst,11,0,2,1,0,11,6,12.32,24,0,8,normal,0
2026-07-12 09:00:00,user_10,analyst,9,0,1,1,0,15,2,43.95,33,0,14,normal,0
2026-07-18 18:00:00,user_19,employee,18,0,2,1,0,12,3,35.66,4,0,7,normal,0
2026-07-11 14:00:00,user_09,analyst,14,0,2,2,1,21,6,23.11,26,0,18,normal,0
2026-07-15 00:00:00,user_28,employee,0,19,1,8,1,10,87,2118.09,405,8,74,mixed_anomaly,1
2026-07-19 12:00:00,user_29,employee,12,0,1,1,0,8,1,25.24,6,0,5,normal,0
2026-07-05 09:00:00,user_22,employee,9,0,2,1,0,9,1,31.82,7,0,6,normal,0
2026-07-16 10:00:00,user_27,employee,10,1,2,1,0,16,4,25.59,11,0,12,normal,0
2026-07-22 13:00:00,user_04,admin,13,0,4,1,0,9,5,51.69,23,1,7,normal,0
2026-07-27 12:00:00,user_05,analyst,12,0,2,1,0,13,4,77.98,34,0,12,normal,0
2026-07-25 13:00:00,user_25,employee,13,0,1,1,0,11,1,62.24,9,0,5,normal,0
2026-07-08 12:00:00,user_26,employee,12,2,3,1,0,10,2,22.5,11,0,8,normal,0
2026-07-20 13:00:00,user_14,employee,13,2,2,1,0,8,3,21.17,9,0,4,normal,0
2026-07-20 07:00:00,user_30,employee,7,0,1,1,0,11,2,15.11,4,0,6,normal,0
2026-07-16 14:00:00,user_02,admin,14,0,1,2,0,10,7,25.51,27,1,6,normal,0
2026-07-03 19:00:00,user_09,analyst,19,0,2,1,0,10,14,16.79,36,0,8,normal,0
2026-07-12 12:00:00,user_28,employee,12,0,1,2,0,6,5,13.37,11,0,5,normal,0
2026-07-22 09:00:00,user_21,employee,9,0,2,1,0,364,106,5839.92,4,0,162,data_exfiltration,1
2026-07-29 16:00:00,user_23,employee,16,0,2,1,0,8,8,19.05,4,0,3,normal,0
2026-07-23 16:00:00,user_28,employee,16,0,2,1,0,5,1,28.62,8,0,3,normal,0
2026-07-26 11:00:00,user_05,analyst,11,0,1,1,1,19,4,57.27,44,0,11,normal,0
2026-07-30 16:00:00,user_08,analyst,16,1,1,1,0,19,3,101.16,33,0,14,normal,0
2026-07-08 16:00:00,user_05,analyst,16,1,1,1,0,11,5,30.16,32,0,11,normal,0
2026-07-13 09:00:00,user_23,employee,9,1,2,1,0,5,0,67.87,8,0,4,normal,0
2026-07-05 06:00:00,user_11,analyst,6,1,1,1,1,14,2,22.96,28,0,8,normal,0
2026-07-20 09:00:00,user_27,employee,9,0,2,1,0,4,7,15.2,9,0,2,normal,0
2026-07-21 09:00:00,user_08,analyst,9,0,1,1,0,18,7,19.39,39,0,11,normal,0
2026-07-17 11:00:00,user_25,employee,11,0,4,1,0,6,2,37.11,12,0,5,normal,0
2026-07-11 05:00:00,user_27,employee,5,2,1,8,1,12,1,28.54,11,0,8,suspicious_login,1
2026-07-05 13:00:00,user_16,employee,13,0,1,1,0,13,3,18.11,8,0,11,normal,0
2026-07-15 09:00:00,user_05,analyst,9,0,1,1,0,12,4,107.45,42,0,12,normal,0
2026-07-13 14:00:00,user_19,employee,14,0,1,1,0,12,4,11.36,11,0,6,normal,0
2026-07-14 13:00:00,user_21,employee,13,0,1,2,1,4,1,16.75,8,0,4,normal,0
2026-07-19 00:00:00,user_09,analyst,0,3,1,8,1,13,9,156.98,39,0,8,suspicious_login,1
2026-07-08 12:00:00,user_13,employee,12,0,1,2,0,6,2,28.73,10,0,4,normal,0
2026-07-19 10:00:00,user_15,employee,10,0,1,1,0,5,6,12.97,8,0,4,normal,0
2026-07-27 14:00:00,user_03,admin,14,0,2,1,0,14,6,29.63,17,1,11,normal,0
2026-07-20 09:00:00,user_21,employee,9,26,1,4,1,13,2,20.59,11,0,7,brute_force,1
2026-07-26 12:00:00,user_13,employee,12,0,3,1,0,10,1,15.61,8,0,5,normal,0
2026-07-07 13:00:00,user_17,employee,13,0,4,1,0,9,4,5.99,6,0,7,normal,0
2026-07-12 12:00:00,user_24,employee,12,0,2,1,0,3,3,17.6,6,0,3,normal,0
2026-07-04 13:00:00,user_09,analyst,13,0,3,1,0,10,7,90.89,37,0,9,normal,0
2026-07-21 21:00:00,user_23,employee,21,0,1,1,0,11,4,22.29,9,0,8,normal,0
2026-07-23 13:00:00,user_30,employee,13,1,1,1,0,4,1,56.69,288,7,85,privilege_misuse,1
2026-07-06 12:00:00,user_15,employee,12,0,1,1,0,9,2,133.45,7,0,7,normal,0
2026-07-19 16:00:00,user_16,employee,16,2,1,1,0,9,3,39.72,12,0,7,normal,0
2026-07-11 06:00:00,user_11,analyst,6,0,3,1,1,14,2,64.62,30,0,11,normal,0
2026-07-21 15:00:00,user_19,employee,15,20,0,4,0,9,2,50.39,9,0,5,brute_force,1
2026-07-13 15:00:00,user_28,employee,15,2,1,1,0,11,5,73.19,8,0,8,normal,0
2026-07-18 15:00:00,user_25,employee,15,0,1,1,0,8,2,7.14,8,0,6,normal,0
2026-07-23 13:00:00,user_28,employee,13,0,3,1,0,9,4,97.59,5,0,4,normal,0
2026-07-22 15:00:00,user_24,employee,15,1,1,1,0,3,5,26.38,10,0,3,normal,0
2026-07-17 17:00:00,user_03,admin,17,0,1,1,0,12,3,80.81,23,5,6,normal,0
2026-07-08 02:00:00,user_24,employee,2,3,1,4,1,5,1,77.12,8,0,4,suspicious_login,1
2026-07-13 16:00:00,user_21,employee,16,0,1,1,0,9,2,7.69,10,0,6,normal,0
2026-07-17 08:00:00,user_22,employee,8,1,1,1,0,3,3,24.37,9,0,3,normal,0
2026-07-20 16:00:00,user_23,employee,16,0,2,1,0,5,3,49.35,158,15,26,privilege_misuse,1
2026-07-03 10:00:00,user_28,employee,10,0,1,1,0,10,0,36.65,9,0,8,normal,0
2026-07-03 13:00:00,user_03,admin,13,1,1,1,0,24,3,51.43,30,2,20,normal,0
2026-07-13 04:00:00,user_26,employee,4,12,1,9,1,7,124,4934.32,159,9,63,mixed_anomaly,1
2026-07-01 15:00:00,user_13,employee,15,0,1,1,0,8,4,13.77,10,0,4,normal,0
2026-07-15 15:00:00,user_07,analyst,15,0,1,1,0,12,6,55.39,37,0,10,normal,0
2026-07-14 13:00:00,user_14,employee,13,0,1,2,0,9,2,41.13,6,0,4,normal,0
2026-07-27 07:00:00,user_27,employee,7,1,2,2,0,10,2,55.05,13,0,6,normal,0
2026-07-12 15:00:00,user_07,analyst,15,1,1,1,0,22,4,120.11,34,0,15,normal,0
2026-07-28 13:00:00,user_16,employee,13,0,1,1,0,9,4,22.16,11,0,7,normal,0
2026-07-23 13:00:00,user_09,analyst,13,0,1,1,0,14,3,226.56,30,0,10,normal,0
2026-07-06 15:00:00,user_11,analyst,15,2,1,1,0,18,7,116.78,33,0,12,normal,0
2026-07-04 18:00:00,user_27,employee,18,0,3,1,0,10,2,8.78,9,0,6,normal,0
2026-07-08 13:00:00,user_10,analyst,13,2,1,1,0,12,6,121.02,345,19,29,privilege_misuse,1
2026-07-22 08:00:00,user_18,employee,8,0,2,1,0,8,2,43.01,9,0,4,normal,0
2026-07-14 12:00:00,user_19,employee,12,0,2,1,0,16,0,42.38,3,0,13,normal,0
2026-07-13 12:00:00,user_05,analyst,12,0,1,1,0,17,5,86.13,30,0,9,normal,0
2026-07-20 04:00:00,user_19,employee,4,2,2,5,1,3,3,28.21,6,0,2,suspicious_login,1
2026-07-25 12:00:00,user_26,employee,12,0,1,1,0,6,4,61.33,2,0,5,normal,0
2026-07-19 14:00:00,user_11,analyst,14,0,1,1,0,8,10,45.58,39,0,8,normal,0
2026-07-28 07:00:00,user_29,employee,7,0,1,1,0,6,3,8.13,10,0,4,normal,0
2026-07-17 14:00:00,user_22,employee,14,1,2,1,0,6,3,40.97,5,0,4,normal,0
2026-07-01 12:00:00,user_25,employee,12,0,1,1,0,6,2,73.22,5,0,4,normal,0
2026-07-22 07:00:00,user_02,admin,7,0,3,2,0,11,1,45.94,27,4,7,normal,0
2026-07-13 13:00:00,user_02,admin,13,0,1,1,0,10,4,93.69,22,6,8,normal,0
2026-07-18 13:00:00,user_04,admin,13,2,1,1,0,15,6,59.08,17,2,11,normal,0
2026-07-26 15:00:00,user_21,employee,15,0,1,1,0,9,2,27.61,13,0,5,normal,0
2026-07-07 07:00:00,user_26,employee,7,1,1,2,0,14,2,15.62,17,0,10,normal,0
2026-07-12 10:00:00,user_27,employee,10,1,1,1,0,5,4,15.93,13,0,3,normal,0
2026-07-02 13:00:00,user_15,employee,13,0,3,1,0,10,5,36.45,6,0,7,normal,0
2026-07-20 16:00:00,user_01,admin,16,1,1,2,0,11,1,47.9,27,1,9,normal,0
2026-07-05 17:00:00,user_04,admin,17,0,1,1,0,12,2,50.05,25,3,8,normal,0
2026-07-21 20:00:00,user_30,employee,20,0,1,1,1,8,1,43.4,7,0,4,normal,0
2026-07-12 09:00:00,user_28,employee,9,1,2,1,0,7,2,20.26,5,0,3,normal,0
2026-07-16 13:00:00,user_06,analyst,13,0,2,1,0,15,6,53.22,35,0,9,normal,0
2026-07-29 15:00:00,user_15,employee,15,0,1,1,0,7,5,12.54,5,0,4,normal,0
2026-07-24 06:00:00,user_15,employee,6,1,1,1,0,11,2,56.41,10,0,9,normal,0
2026-07-28 12:00:00,user_01,admin,12,2,1,1,0,9,3,19.95,25,1,9,normal,0
2026-07-23 10:00:00,user_14,employee,10,2,2,1,0,12,1,12.61,9,0,8,normal,0
2026-07-08 15:00:00,user_07,analyst,15,1,1,1,0,9,7,4.54,36,0,8,normal,0
2026-07-30 11:00:00,user_23,employee,11,1,3,2,0,6,2,43.69,10,0,4,normal,0
2026-07-09 08:00:00,user_30,employee,8,1,1,1,0,187,81,5269.2,9,0,118,data_exfiltration,1
2026-07-28 14:00:00,user_29,employee,14,0,1,1,0,9,5,67.13,7,0,7,normal,0
2026-07-01 12:00:00,user_21,employee,12,0,2,1,0,8,6,13.21,333,6,88,privilege_misuse,1
2026-07-24 10:00:00,user_06,analyst,10,1,2,1,0,11,4,64.19,35,0,10,normal,0
2026-07-30 10:00:00,user_28,employee,10,1,1,1,0,11,0,7.65,7,0,8,normal,0
2026-07-11 14:00:00,user_30,employee,14,1,2,1,0,13,3,25.23,3,0,8,normal,0
2026-07-08 12:00:00,user_29,employee,12,0,2,1,0,5,2,100.57,12,0,3,normal,0
2026-07-25 12:00:00,user_09,analyst,12,1,3,1,0,20,3,56.24,39,0,18,normal,0
2026-07-22 17:00:00,user_03,admin,17,1,2,1,0,8,6,27.36,25,1,5,normal,0
2026-07-30 16:00:00,user_21,employee,16,0,1,1,0,9,5,54.38,4,0,4,normal,0
2026-07-02 09:00:00,user_12,analyst,9,0,1,1,0,14,4,17.83,36,0,13,normal,0
2026-07-29 09:00:00,user_09,analyst,9,0,1,1,0,11,4,18.65,30,0,10,normal,0
2026-07-14 13:00:00,user_03,employee,13,0,1,1,0,10,4,58.62,253,13,77,privilege_misuse,1
2026-07-06 11:00:00,user_22,employee,11,1,2,1,1,237,114,2061.53,4,0,140,data_exfiltration,1
2026-07-16 10:00:00,user_02,admin,10,0,1,1,0,10,3,19.18,33,2,10,normal,0
2026-07-21 19:00:00,user_13,employee,19,0,2,1,0,4,4,40.32,10,0,4,normal,0
2026-07-06 13:00:00,user_21,employee,13,0,1,1,0,10,4,78.14,6,0,7,normal,0
2026-07-24 10:00:00,user_10,analyst,10,0,1,2,1,12,9,12.19,42,0,8,normal,0
2026-07-23 09:00:00,user_24,employee,9,0,2,1,1,7,3,59.43,11,0,6,normal,0
2026-07-01 13:00:00,user_23,employee,13,0,1,1,0,7,4,32.91,5,0,5,normal,0
2026-07-23 10:00:00,user_25,employee,10,0,1,1,0,9,0,46.51,8,0,8,normal,0
2026-07-03 11:00:00,user_08,analyst,11,0,1,1,1,10,5,124.67,39,0,10,normal,0
2026-07-29 10:00:00,user_14,employee,10,0,4,1,0,6,2,31.33,10,0,4,normal,0
2026-07-21 15:00:00,user_21,employee,15,1,2,1,0,8,3,24.68,7,0,6,normal,0
2026-07-18 13:00:00,user_03,admin,13,0,1,1,0,8,2,43.06,26,1,7,normal,0
2026-07-22 12:00:00,user_23,employee,12,0,1,1,0,2,3,33.29,7,0,2,normal,0
2026-07-24 12:00:00,user_04,admin,12,0,3,1,0,11,3,119.56,25,1,10,normal,0
2026-07-05 11:00:00,user_01,admin,11,0,1,1,0,12,1,13.32,17,1,8,normal,0
2026-07-22 15:00:00,user_07,analyst,15,0,2,1,0,11,3,164.1,35,0,11,normal,0
2026-07-25 14:00:00,user_16,employee,14,26,0,4,1,6,5,18.88,7,0,5,brute_force,1
2026-07-10 09:00:00,user_05,analyst,9,0,1,1,0,15,2,37.61,43,0,10,normal,0
2026-07-11 09:00:00,user_19,employee,9,1,2,1,0,10,3,38.21,11,0,7,normal,0
2026-07-20 08:00:00,user_08,analyst,8,0,1,1,0,8,2,80.1,34,0,7,normal,0
2026-07-30 15:00:00,user_17,employee,15,0,1,1,0,9,0,12.81,12,0,8,normal,0
2026-07-13 11:00:00,user_22,employee,11,0,1,1,0,16,2,102.68,10,0,11,normal,0
2026-07-19 09:00:00,user_15,employee,9,0,1,1,0,11,4,48.18,13,0,9,normal,0
2026-07-28 08:00:00,user_01,admin,8,0,3,1,0,12,5,104.25,28,2,10,normal,0
2026-07-21 16:00:00,user_01,admin,16,0,2,1,0,7,6,43.52,25,2,7,normal,0
2026-07-10 13:00:00,user_23,employee,13,0,3,2,0,8,1,33.18,10,0,4,normal,0
2026-07-22 14:00:00,user_11,analyst,14,0,2,1,0,11,6,41.09,36,0,8,normal,0
2026-07-13 15:00:00,user_27,employee,15,0,2,1,0,10,3,69.33,12,0,5,normal,0
2026-07-15 08:00:00,user_04,admin,8,1,1,1,0,13,4,4.79,26,2,12,normal,0
2026-07-08 14:00:00,user_28,employee,14,2,2,2,0,7,5,35.2,5,0,5,normal,0
2026-07-14 15:00:00,user_14,employee,15,1,2,1,0,12,4,22.91,4,0,9,normal,0
2026-07-29 11:00:00,user_23,employee,11,2,1,1,0,6,5,18.17,12,0,4,normal,0
2026-07-24 15:00:00,user_05,analyst,15,1,1,1,0,18,5,20.45,32,0,16,normal,0
2026-07-15 11:00:00,user_16,employee,11,0,1,1,0,6,3,20.88,9,0,5,normal,0
2026-07-16 07:00:00,user_03,admin,7,2,1,1,0,15,4,75.17,27,1,14,normal,0
2026-07-24 10:00:00,user_08,analyst,10,0,1,1,0,23,3,205.38,46,0,17,normal,0
2026-07-18 09:00:00,user_13,employee,9,0,1,1,0,8,4,147.18,8,0,7,normal,0
2026-07-13 12:00:00,user_03,admin,12,1,1,1,0,12,2,54.81,30,3,9,normal,0
2026-07-11 09:00:00,user_24,employee,9,0,2,1,0,4,4,53.66,7,0,3,normal,0
2026-07-10 13:00:00,user_26,employee,13,0,1,1,0,9,4,56.34,7,0,7,normal,0
2026-07-26 12:00:00,user_04,admin,12,1,2,1,0,17,3,51.19,38,3,16,normal,0
2026-07-01 09:00:00,user_04,admin,9,0,2,1,0,10,7,58.45,17,2,6,normal,0
2026-07-21 16:00:00,user_11,analyst,16,0,2,1,0,12,11,93.9,25,0,7,normal,0
2026-07-02 12:00:00,user_12,analyst,12,1,3,1,0,15,3,42.47,44,0,12,normal,0
2026-07-01 09:00:00,user_29,employee,9,0,3,1,0,8,3,46.17,5,0,5,normal,0
2026-07-10 15:00:00,user_10,analyst,15,0,1,1,0,14,3,97.22,35,0,14,normal,0
2026-07-05 14:00:00,user_05,analyst,14,1,1,1,1,20,5,19.9,16,0,16,normal,0
2026-07-24 07:00:00,user_13,employee,7,0,1,1,0,15,5,18.48,6,0,10,normal,0
2026-07-29 11:00:00,user_25,employee,11,2,2,1,0,9,4,23.9,8,0,7,normal,0
2026-07-08 11:00:00,user_27,employee,11,1,1,2,0,4,3,67.18,5,0,2,normal,0
2026-07-18 14:00:00,user_25,employee,14,0,3,1,0,5,1,47.14,7,0,4,normal,0
2026-07-12 14:00:00,user_28,employee,14,0,6,2,0,6,2,31.07,7,0,5,normal,0
2026-07-19 12:00:00,user_05,analyst,12,1,1,2,0,19,6,49.12,31,0,13,normal,0
2026-07-17 11:00:00,user_21,employee,11,1,1,1,0,12,3,37.66,5,0,6,normal,0
2026-07-23 13:00:00,user_22,employee,13,0,1,1,0,12,2,78.74,3,0,6,normal,0
2026-07-06 12:00:00,user_05,analyst,12,1,2,1,0,19,6,23.18,43,0,13,normal,0
2026-07-24 11:00:00,user_03,admin,11,0,1,1,0,9,5,31.59,25,1,9,normal,0
2026-07-04 12:00:00,user_17,employee,12,0,2,1,0,10,3,43.6,7,0,7,normal,0
2026-07-24 14:00:00,user_19,employee,14,0,1,1,0,4,2,42.24,5,0,2,normal,0
2026-07-09 13:00:00,user_01,admin,13,0,2,2,0,13,6,65.14,21,2,7,normal,0
2026-07-14 17:00:00,user_20,employee,17,1,1,1,0,7,4,15.42,12,0,4,normal,0
2026-07-16 09:00:00,user_21,employee,9,1,3,1,0,7,5,47.24,5,0,4,normal,0
2026-07-26 09:00:00,user_06,analyst,9,0,2,1,0,15,4,18.03,34,0,10,normal,0
2026-07-23 12:00:00,user_15,employee,12,0,1,1,0,7,3,7.73,9,0,5,normal,0
2026-07-18 15:00:00,user_12,analyst,15,0,1,1,0,21,3,13.03,32,0,18,normal,0
2026-07-04 15:00:00,user_24,employee,15,0,2,1,0,12,4,24.0,4,0,5,normal,0
2026-07-15 10:00:00,user_07,analyst,10,0,2,1,0,13,7,11.24,32,0,12,normal,0
2026-07-01 11:00:00,user_21,employee,11,0,3,1,0,9,1,40.5,2,0,6,normal,0
2026-07-27 13:00:00,user_24,employee,13,0,1,1,0,8,5,67.71,6,0,7,normal,0
2026-07-26 08:00:00,user_05,analyst,8,0,2,1,0,14,5,19.17,30,0,10,normal,0
2026-07-06 11:00:00,user_30,employee,11,0,1,1,0,10,5,31.63,7,0,6,normal,0
2026-07-27 12:00:00,user_14,employee,12,0,1,1,0,6,2,28.11,3,0,3,normal,0
2026-07-24 13:00:00,user_20,employee,13,2,1,1,0,4,4,113.48,11,0,3,normal,0
2026-07-19 12:00:00,user_22,employee,12,0,2,1,0,8,2,23.44,10,0,6,normal,0
2026-07-23 19:00:00,user_15,employee,19,0,1,1,0,12,1,53.55,13,0,10,normal,0
2026-07-09 10:00:00,user_28,employee,10,0,1,2,0,6,1,31.29,8,0,4,normal,0
2026-07-24 12:00:00,user_07,analyst,12,0,1,1,1,12,4,9.33,30,0,10,normal,0
2026-07-02 15:00:00,user_03,admin,15,0,1,1,0,15,2,32.68,25,0,8,normal,0
2026-07-04 12:00:00,user_29,employee,12,0,3,1,0,9,2,39.8,8,0,7,normal,0
2026-07-15 11:00:00,user_04,admin,11,1,3,1,0,9,4,17.64,20,1,9,normal,0
2026-07-23 10:00:00,user_05,analyst,10,2,2,1,0,7,3,78.56,41,0,7,normal,0
2026-07-09 16:00:00,user_25,employee,16,2,1,1,0,6,1,2.46,8,0,4,normal,0
2026-07-21 12:00:00,user_04,admin,12,0,1,1,0,11,4,46.01,29,2,6,normal,0
2026-07-11 02:00:00,user_19,employee,2,4,4,5,1,7,3,53.94,10,0,6,suspicious_login,1
2026-07-05 13:00:00,user_12,analyst,13,1,1,2,0,10,9,20.49,39,0,9,normal,0
2026-07-14 12:00:00,user_14,employee,12,1,1,1,0,11,2,13.46,11,0,10,normal,0
2026-07-16 13:00:00,user_11,analyst,13,1,3,1,0,16,4,7.7,36,0,13,normal,0
2026-07-05 11:00:00,user_26,employee,11,0,3,1,0,6,3,15.51,9,0,4,normal,0
2026-07-29 14:00:00,user_05,analyst,14,0,2,2,0,10,6,55.73,27,0,7,normal,0
2026-07-25 17:00:00,user_08,analyst,17,2,4,1,0,12,1,26.6,35,0,10,normal,0
2026-07-29 13:00:00,user_09,analyst,13,1,1,1,0,20,3,42.6,41,0,18,normal,0
2026-07-26 12:00:00,user_21,employee,12,1,2,1,0,12,4,54.37,11,0,9,normal,0
2026-07-01 13:00:00,user_03,admin,13,0,1,1,0,9,7,38.38,21,3,6,normal,0
2026-07-28 12:00:00,user_08,analyst,12,0,3,1,0,15,1,64.76,30,0,11,normal,0
2026-07-06 11:00:00,user_18,employee,11,0,2,1,0,6,4,10.12,10,0,3,normal,0
2026-07-30 10:00:00,user_20,employee,10,0,1,1,0,4,6,25.42,3,0,3,normal,0
2026-07-08 13:00:00,user_20,employee,13,0,1,1,0,12,3,9.34,6,0,9,normal,0
2026-07-08 10:00:00,user_24,employee,10,1,2,1,0,5,6,21.1,3,0,2,normal,0
2026-07-16 09:00:00,user_20,employee,9,0,2,1,0,7,2,69.59,9,0,4,normal,0
2026-07-15 15:00:00,user_10,analyst,15,0,2,1,0,17,1,43.37,44,0,10,normal,0
2026-07-12 15:00:00,user_25,employee,15,0,1,1,0,8,8,56.44,4,0,6,normal,0
2026-07-09 10:00:00,user_23,employee,10,0,1,1,0,11,2,12.62,6,0,6,normal,0
2026-07-13 07:00:00,user_01,admin,7,0,2,1,0,19,4,13.3,26,2,12,normal,0
2026-07-01 13:00:00,user_28,employee,13,0,2,1,0,6,6,49.47,9,0,5,normal,0
2026-07-10 12:00:00,user_28,employee,12,0,3,1,0,14,3,26.17,9,0,7,normal,0
2026-07-27 10:00:00,user_22,employee,10,0,1,1,0,7,5,33.88,242,21,62,privilege_misuse,1
2026-07-07 19:00:00,user_07,analyst,19,1,2,1,0,10,4,21.34,35,0,9,normal,0
2026-07-24 13:00:00,user_17,employee,13,0,2,1,0,4,2,17.65,7,0,2,normal,0
2026-07-22 16:00:00,user_20,employee,16,0,1,1,0,12,2,64.38,7,0,9,normal,0
2026-07-17 17:00:00,user_17,employee,17,0,1,1,0,10,2,37.02,11,0,8,normal,0
2026-07-18 14:00:00,user_07,analyst,14,0,2,1,0,9,5,90.29,38,0,10,normal,0
2026-07-04 23:00:00,user_24,employee,23,5,2,7,1,8,3,19.26,9,0,4,suspicious_login,1
2026-07-16 06:00:00,user_10,analyst,6,0,1,1,0,13,2,47.31,35,0,12,normal,0
2026-07-13 11:00:00,user_21,employee,11,0,2,1,0,5,1,12.26,7,0,4,normal,0
2026-07-19 12:00:00,user_02,admin,12,1,1,1,0,11,3,68.19,26,1,11,normal,0
2026-07-10 09:00:00,user_26,employee,9,1,1,1,0,12,2,11.76,9,0,7,normal,0
2026-07-12 10:00:00,user_29,employee,10,3,4,1,0,12,4,13.55,5,0,5,normal,0
2026-07-22 07:00:00,user_26,employee,7,0,1,1,0,6,5,63.74,5,0,5,normal,0
2026-07-25 15:00:00,user_08,analyst,15,2,1,1,0,20,2,56.25,32,0,11,normal,0
2026-07-26 10:00:00,user_16,employee,10,0,3,1,0,11,2,156.94,11,0,5,normal,0
2026-07-29 10:00:00,user_13,employee,10,0,1,2,0,4,4,3.3,7,0,2,normal,0
2026-07-20 12:00:00,user_04,admin,12,0,2,1,0,13,5,39.19,17,4,10,normal,0
2026-07-02 04:00:00,user_08,analyst,4,2,1,6,1,13,9,18.78,39,0,12,suspicious_login,1
2026-07-29 10:00:00,user_21,employee,10,0,1,1,0,6,4,39.14,4,0,3,normal,0
2026-07-01 13:00:00,user_20,employee,13,2,1,1,0,13,2,8.66,6,0,6,normal,0
2026-07-30 10:00:00,user_03,admin,10,0,1,1,0,15,2,44.14,35,2,12,normal,0
2026-07-13 06:00:00,user_17,employee,6,0,3,1,0,4,6,82.59,7,0,2,normal,0
2026-07-26 13:00:00,user_29,employee,13,0,2,1,0,7,2,25.93,5,0,5,normal,0
2026-07-30 12:00:00,user_01,admin,12,0,2,1,0,14,5,76.44,20,1,12,normal,0
2026-07-22 16:00:00,user_12,analyst,16,1,3,1,0,14,5,46.21,33,0,9,normal,0
2026-07-27 11:00:00,user_30,employee,11,0,3,1,0,11,2,31.66,7,0,6,normal,0
2026-07-02 10:00:00,user_11,analyst,10,0,1,2,0,11,7,83.27,34,0,7,normal,0
2026-07-21 13:00:00,user_05,analyst,13,0,3,1,0,12,9,38.83,28,0,7,normal,0
2026-07-15 13:00:00,user_13,employee,13,0,1,1,0,8,2,29.99,5,0,6,normal,0
2026-07-30 14:00:00,user_28,employee,14,1,1,1,0,4,5,89.67,8,0,2,normal,0
2026-07-21 11:00:00,user_27,employee,11,0,3,1,0,11,3,9.28,6,0,8,normal,0
2026-07-14 10:00:00,user_19,employee,10,1,1,1,0,8,4,57.31,7,0,7,normal,0
2026-07-13 15:00:00,user_14,employee,15,1,1,1,0,10,2,28.67,7,0,6,normal,0
2026-07-16 07:00:00,user_12,analyst,7,0,2,1,0,16,4,19.95,46,0,14,normal,0
2026-07-09 13:00:00,user_18,employee,13,0,1,1,0,3,1,15.73,9,0,2,normal,0
2026-07-29 13:00:00,user_22,employee,13,0,1,1,0,12,2,29.04,10,0,8,normal,0
2026-07-27 11:00:00,user_06,analyst,11,0,1,1,0,10,13,120.71,32,0,6,normal,0
2026-07-23 15:00:00,user_25,employee,15,0,2,1,0,6,2,2.77,15,0,4,normal,0
2026-07-06 11:00:00,user_16,employee,11,0,1,1,0,10,1,25.38,7,0,4,normal,0
2026-07-28 09:00:00,user_25,employee,9,1,1,1,0,4,3,31.93,5,0,3,normal,0
2026-07-29 11:00:00,user_03,admin,11,0,1,1,0,18,5,36.74,27,1,10,normal,0
2026-07-03 10:00:00,user_01,admin,10,1,1,1,0,22,3,51.73,20,4,15,normal,0
2026-07-10 17:00:00,user_19,employee,17,0,1,1,0,14,2,10.73,10,0,11,normal,0
2026-07-28 13:00:00,user_03,admin,13,0,1,1,0,12,3,41.99,19,1,9,normal,0
2026-07-08 16:00:00,user_01,admin,16,0,1,1,0,10,5,54.31,22,2,9,normal,0
2026-07-04 13:00:00,user_09,analyst,13,0,1,1,0,21,7,32.16,42,0,17,normal,0
2026-07-23 11:00:00,user_07,analyst,11,0,3,1,0,15,4,10.82,37,0,13,normal,0
2026-07-30 09:00:00,user_02,admin,9,0,1,1,0,8,0,15.65,21,0,6,normal,0
2026-07-30 13:00:00,user_30,employee,13,0,3,1,0,4,5,44.46,6,0,3,normal,0
2026-07-08 10:00:00,user_02,admin,10,0,3,1,0,15,2,23.15,18,3,13,normal,0
2026-07-15 03:00:00,user_26,employee,3,3,1,6,1,13,1,30.48,7,0,8,suspicious_login,1
2026-07-02 10:00:00,user_17,employee,10,0,1,1,1,8,2,14.36,245,9,64,privilege_misuse,1
2026-07-05 13:00:00,user_21,employee,13,1,1,1,0,8,2,79.91,7,0,5,normal,0
2026-07-21 17:00:00,user_23,employee,17,1,1,1,0,8,1,39.24,7,0,6,normal,0
2026-07-11 14:00:00,user_17,employee,14,0,1,1,0,8,3,40.17,7,0,6,normal,0
2026-07-13 03:00:00,user_25,employee,3,2,1,6,1,5,4,72.93,7,0,4,suspicious_login,1
2026-07-19 11:00:00,user_14,employee,11,1,1,1,0,7,3,33.53,7,0,4,normal,0
2026-07-20 01:00:00,user_23,employee,1,2,1,8,1,8,2,85.67,14,0,6,suspicious_login,1
2026-07-16 04:00:00,user_03,admin,4,9,1,6,1,16,71,4988.5,231,2,137,mixed_anomaly,1
2026-07-11 15:00:00,user_18,employee,15,0,2,1,0,5,0,85.21,10,0,4,normal,0
2026-07-04 10:00:00,user_20,employee,10,0,3,1,1,7,4,44.75,10,0,6,normal,0
2026-07-20 17:00:00,user_05,analyst,17,0,1,1,0,12,3,48.94,30,0,11,normal,0
2026-07-27 09:00:00,user_09,analyst,9,1,1,1,0,11,4,109.05,45,0,11,normal,0
2026-07-28 11:00:00,user_03,admin,11,0,1,1,0,10,7,49.02,28,3,6,normal,0
2026-07-29 10:00:00,user_10,analyst,10,0,1,1,0,12,4,75.34,33,0,10,normal,0
2026-07-18 18:00:00,user_03,admin,18,0,1,1,1,15,3,118.42,17,1,12,normal,0
2026-07-17 11:00:00,user_17,employee,11,0,3,1,0,5,4,74.53,7,0,3,normal,0
2026-07-07 10:00:00,user_30,employee,10,0,1,2,0,16,2,64.33,7,0,13,normal,0
2026-07-28 14:00:00,user_07,analyst,14,0,1,1,0,11,5,75.16,44,0,12,normal,0
2026-07-09 08:00:00,user_26,employee,8,0,1,1,0,8,7,49.62,6,0,5,normal,0
2026-07-25 12:00:00,user_05,analyst,12,1,1,1,0,7,4,57.46,28,0,6,normal,0
2026-07-23 08:00:00,user_18,employee,8,0,1,1,0,5,1,90.82,11,0,3,normal,0
2026-07-05 18:00:00,user_11,analyst,18,0,4,1,0,20,8,74.08,40,0,11,normal,0
2026-07-06 17:00:00,user_13,employee,17,0,1,2,0,11,2,7.7,9,0,9,normal,0
2026-07-14 16:00:00,user_19,employee,16,0,2,2,0,7,2,16.07,11,0,5,normal,0
2026-07-16 10:00:00,user_21,employee,10,1,1,1,0,7,2,18.19,10,0,6,normal,0
2026-07-09 11:00:00,user_25,employee,11,0,1,2,0,6,6,17.56,4,0,2,normal,0
2026-07-19 15:00:00,user_27,employee,15,0,1,1,0,13,3,28.6,7,0,7,normal,0
2026-07-16 16:00:00,user_21,employee,16,0,1,2,0,9,1,51.83,15,0,5,normal,0
2026-07-10 09:00:00,user_22,employee,9,0,1,1,0,7,2,17.88,6,0,4,normal,0
2026-07-18 10:00:00,user_21,employee,10,1,1,1,0,3,2,19.33,11,0,3,normal,0
2026-07-29 14:00:00,user_03,admin,14,0,2,1,0,14,5,36.26,25,0,13,normal,0
2026-07-27 15:00:00,user_10,analyst,15,1,2,2,0,11,6,43.82,35,0,11,normal,0
2026-07-21 13:00:00,user_23,employee,13,0,1,1,0,9,2,35.3,5,0,7,normal,0
2026-07-11 14:00:00,user_14,employee,14,0,1,1,0,4,3,25.34,10,0,3,normal,0
2026-07-06 17:00:00,user_24,employee,17,0,2,1,1,4,5,91.4,2,0,2,normal,0
2026-07-24 17:00:00,user_28,employee,17,0,5,1,0,1,2,17.43,8,0,1,normal,0
2026-07-13 14:00:00,user_08,analyst,14,1,2,1,0,13,4,46.44,35,0,9,normal,0
2026-07-09 13:00:00,user_02,admin,13,0,3,1,0,11,2,91.74,29,2,11,normal,0
2026-07-20 11:00:00,user_08,analyst,11,0,1,1,0,17,3,96.78,35,0,11,normal,0
2026-07-18 18:00:00,user_03,admin,18,0,1,1,0,27,4,70.7,24,2,15,normal,0
2026-07-23 15:00:00,user_30,employee,15,0,1,1,0,11,6,64.42,7,0,5,normal,0
2026-07-21 18:00:00,user_14,employee,18,0,1,1,0,4,1,38.91,9,0,3,normal,0
2026-07-23 11:00:00,user_04,admin,11,0,1,2,0,10,3,37.13,31,0,9,normal,0
2026-07-11 10:00:00,user_15,employee,10,0,1,1,0,12,2,20.13,6,0,9,normal,0
2026-07-29 15:00:00,user_20,employee,15,0,2,1,0,11,2,20.57,7,0,6,normal,0
2026-07-28 06:00:00,user_20,employee,6,1,2,1,0,11,4,23.51,10,0,8,normal,0
2026-07-24 16:00:00,user_02,admin,16,1,3,1,0,4,2,124.16,24,0,4,normal,0
2026-07-28 13:00:00,user_10,analyst,13,0,1,1,1,15,5,41.66,19,0,11,normal,0
2026-07-14 10:00:00,user_22,employee,10,0,1,1,0,8,2,27.23,12,0,4,normal,0
2026-07-14 13:00:00,user_24,employee,13,1,3,1,0,5,1,32.44,1,0,4,normal,0
2026-07-07 11:00:00,user_22,employee,11,0,1,1,0,9,4,25.18,7,0,8,normal,0
2026-07-21 18:00:00,user_24,employee,18,1,1,1,0,377,114,1806.74,6,0,81,data_exfiltration,1
2026-07-18 16:00:00,user_04,admin,16,0,2,1,0,11,5,44.48,27,4,7,normal,0
2026-07-09 13:00:00,user_01,admin,13,0,1,1,0,9,3,78.48,38,2,8,normal,0
2026-07-01 13:00:00,user_23,employee,13,0,1,2,0,10,2,27.71,6,0,7,normal,0
2026-07-30 14:00:00,user_05,analyst,14,0,2,1,0,10,4,31.87,41,0,9,normal,0
2026-07-29 11:00:00,user_23,employee,11,0,1,1,0,7,3,18.32,8,0,6,normal,0
2026-07-20 17:00:00,user_01,admin,17,0,1,1,0,11,3,115.64,33,1,11,normal,0
2026-07-10 11:00:00,user_06,analyst,11,0,1,1,0,8,2,58.33,26,0,6,normal,0
2026-07-06 07:00:00,user_16,employee,7,0,5,1,0,10,3,16.92,4,0,5,normal,0
2026-07-30 09:00:00,user_12,analyst,9,0,2,1,0,17,8,20.68,34,0,15,normal,0
2026-07-08 12:00:00,user_17,employee,12,2,1,2,0,10,3,52.83,7,0,7,normal,0
2026-07-20 15:00:00,user_17,employee,15,0,4,1,0,5,2,22.11,244,17,25,privilege_misuse,1
2026-07-29 12:00:00,user_06,analyst,12,0,1,1,0,17,4,96.2,37,0,14,normal,0
2026-07-16 12:00:00,user_12,analyst,12,0,2,1,0,20,6,32.78,39,0,13,normal,0
2026-07-07 17:00:00,user_05,analyst,17,0,1,1,1,9,8,25.83,34,0,8,normal,0
2026-07-23 11:00:00,user_24,employee,11,1,1,2,0,8,2,35.35,7,0,6,normal,0
2026-07-01 22:00:00,user_25,employee,22,0,2,2,0,8,2,6.74,4,0,4,normal,0
2026-07-03 18:00:00,user_28,employee,18,0,1,1,0,12,5,55.84,295,14,65,privilege_misuse,1
2026-07-17 11:00:00,user_24,employee,11,0,1,1,0,11,3,19.13,16,0,8,normal,0
2026-07-06 14:00:00,user_29,employee,14,0,1,1,0,7,3,24.66,6,0,5,normal,0
2026-07-09 15:00:00,user_04,admin,15,1,1,1,0,11,4,119.74,29,0,10,normal,0
2026-07-29 13:00:00,user_25,employee,13,0,1,1,0,5,2,12.89,5,0,4,normal,0
2026-07-03 14:00:00,user_29,employee,14,15,1,1,1,10,2,40.67,5,0,6,brute_force,1
2026-07-12 06:00:00,user_11,analyst,6,0,1,1,0,15,3,49.11,33,0,14,normal,0
2026-07-01 12:00:00,user_26,employee,12,0,1,1,0,14,2,14.95,7,0,8,normal,0
2026-07-18 12:00:00,user_14,employee,12,0,3,1,0,3,4,23.86,11,0,2,normal,0
2026-07-29 15:00:00,user_09,analyst,15,0,3,1,0,10,4,36.33,41,0,10,normal,0
2026-07-05 13:00:00,user_17,employee,13,0,3,1,0,2,7,8.79,7,0,1,normal,0
2026-07-26 22:00:00,user_03,admin,22,0,2,1,0,11,10,34.18,30,1,8,normal,0
2026-07-21 17:00:00,user_09,analyst,17,0,1,1,0,12,1,58.09,38,0,10,normal,0
2026-07-29 00:00:00,user_23,employee,0,8,1,3,1,9,172,2916.78,390,6,55,mixed_anomaly,1
2026-07-01 14:00:00,user_21,employee,14,0,1,1,0,7,2,53.69,10,0,4,normal,0
2026-07-15 12:00:00,user_03,admin,12,1,1,1,0,13,6,8.9,25,0,7,normal,0
2026-07-04 07:00:00,user_16,employee,7,1,1,1,0,8,5,78.99,9,0,5,normal,0
2026-07-25 16:00:00,user_15,employee,16,0,1,1,0,10,3,19.52,9,0,6,normal,0
2026-07-24 12:00:00,user_17,employee,12,1,1,1,0,8,3,12.25,8,0,5,normal,0
2026-07-08 15:00:00,user_12,analyst,15,0,4,1,0,12,6,22.44,29,0,12,normal,0
2026-07-18 15:00:00,user_02,admin,15,0,2,1,0,16,1,56.37,20,2,14,normal,0
2026-07-20 14:00:00,user_16,employee,14,0,1,1,0,10,3,74.01,8,0,8,normal,0
2026-07-13 08:00:00,user_28,employee,8,0,2,1,0,10,3,49.02,13,0,5,normal,0
2026-07-03 10:00:00,user_19,employee,10,1,4,1,0,4,2,39.88,5,0,3,normal,0
2026-07-04 11:00:00,user_06,analyst,11,0,1,1,0,12,9,23.41,41,0,11,normal,0
2026-07-11 16:00:00,user_12,analyst,16,0,3,1,0,415,114,3891.68,39,0,114,data_exfiltration,1
2026-07-08 11:00:00,user_09,analyst,11,0,1,1,0,10,5,16.88,36,0,7,normal,0
2026-07-12 11:00:00,user_25,employee,11,12,0,3,1,8,3,6.77,3,0,5,brute_force,1
2026-07-24 10:00:00,user_29,employee,10,0,2,1,0,10,2,51.45,3,0,8,normal,0
2026-07-20 15:00:00,user_19,employee,15,1,1,1,0,5,0,69.4,7,0,2,normal,0
2026-07-25 13:00:00,user_22,employee,13,0,1,1,0,7,4,20.01,10,0,4,normal,0
2026-07-04 14:00:00,user_24,employee,14,0,1,1,0,5,6,19.52,11,0,4,normal,0
2026-07-13 11:00:00,user_04,admin,11,2,1,1,1,10,0,37.49,26,4,8,normal,0
2026-07-01 10:00:00,user_08,analyst,10,0,2,1,0,18,2,62.3,38,0,16,normal,0
2026-07-02 14:00:00,user_24,employee,14,1,1,1,0,7,5,65.73,11,0,4,normal,0
2026-07-07 10:00:00,user_17,employee,10,10,1,1,1,11,2,14.35,15,0,7,brute_force,1
2026-07-13 14:00:00,user_02,admin,14,1,2,1,0,3,6,61.08,21,1,4,normal,0
2026-07-11 12:00:00,user_28,employee,12,0,1,1,0,6,2,53.47,4,0,4,normal,0
2026-07-14 09:00:00,user_28,employee,9,0,1,1,0,9,3,21.59,10,0,7,normal,0
2026-07-16 16:00:00,user_01,admin,16,0,1,1,0,12,4,31.93,28,1,10,normal,0
2026-07-03 13:00:00,user_08,analyst,13,25,0,1,0,21,5,50.45,30,0,14,brute_force,1
2026-07-12 15:00:00,user_16,employee,15,0,2,1,0,8,3,95.06,7,0,4,normal,0
2026-07-03 13:00:00,user_12,analyst,13,3,1,1,0,15,6,26.05,37,0,11,normal,0
2026-07-27 12:00:00,user_13,employee,12,0,1,1,0,126,206,7750.51,8,0,95,data_exfiltration,1
2026-07-10 12:00:00,user_06,analyst,12,0,2,1,0,15,5,34.37,32,0,12,normal,0
2026-07-19 16:00:00,user_30,employee,16,1,3,1,0,4,2,29.08,6,0,3,normal,0
2026-07-18 09:00:00,user_28,employee,9,0,1,2,0,9,3,46.99,3,0,5,normal,0
2026-07-08 08:00:00,user_02,admin,8,0,1,1,0,18,5,66.83,22,2,14,normal,0
2026-07-14 12:00:00,user_18,employee,12,0,1,1,0,10,3,50.03,10,0,4,normal,0
2026-07-07 12:00:00,user_26,employee,12,0,3,1,0,8,2,70.02,17,0,7,normal,0
2026-07-12 10:00:00,user_30,employee,10,0,1,1,0,7,2,21.04,10,0,5,normal,0
2026-07-26 16:00:00,user_23,employee,16,1,3,1,0,6,1,16.19,5,0,4,normal,0
2026-07-20 15:00:00,user_24,employee,15,0,2,1,0,9,2,42.63,3,0,6,normal,0
2026-07-06 13:00:00,user_21,employee,13,0,3,1,0,5,8,19.1,9,0,4,normal,0
2026-07-27 07:00:00,user_14,employee,7,1,1,1,0,2,4,50.2,6,0,1,normal,0
2026-07-06 11:00:00,user_08,analyst,11,0,1,1,0,13,5,10.86,34,0,12,normal,0
2026-07-18 16:00:00,user_11,analyst,16,0,1,1,0,13,2,31.01,40,0,12,normal,0
2026-07-10 17:00:00,user_08,analyst,17,0,2,1,0,20,6,21.01,33,0,11,normal,0
2026-07-08 15:00:00,user_14,employee,15,1,1,1,0,5,3,76.03,7,0,3,normal,0
2026-07-01 17:00:00,user_30,employee,17,1,2,2,0,4,1,53.82,6,0,2,normal,0
2026-07-01 14:00:00,user_24,employee,14,1,2,1,0,7,0,18.87,6,0,4,normal,0
2026-07-17 13:00:00,user_11,analyst,13,1,2,1,0,15,8,59.71,31,0,8,normal,0
2026-07-16 09:00:00,user_09,analyst,9,0,2,1,0,13,9,48.44,35,0,12,normal,0
2026-07-27 15:00:00,user_27,employee,15,0,2,1,0,7,3,28.79,5,0,6,normal,0
2026-07-24 18:00:00,user_03,admin,18,0,1,1,0,15,7,100.57,21,3,10,normal,0
2026-07-12 14:00:00,user_19,employee,14,0,2,1,0,7,0,25.72,7,0,3,normal,0
2026-07-15 14:00:00,user_12,analyst,14,2,2,1,0,20,3,71.4,31,0,12,normal,0
2026-07-25 14:00:00,user_04,admin,14,0,1,1,0,8,2,44.03,24,1,6,normal,0
2026-07-21 13:00:00,user_17,employee,13,15,0,1,1,8,4,20.09,8,0,7,brute_force,1
2026-07-23 14:00:00,user_06,analyst,14,0,1,1,0,14,3,19.7,27,0,9,normal,0
2026-07-25 14:00:00,user_08,analyst,14,1,3,1,0,15,9,184.05,37,0,11,normal,0
2026-07-26 13:00:00,user_26,employee,13,0,1,1,0,8,3,27.77,7,0,6,normal,0
2026-07-06 13:00:00,user_17,employee,13,0,4,1,0,8,3,13.38,9,0,4,normal,0
2026-07-22 14:00:00,user_02,admin,14,0,1,1,0,18,5,61.46,24,3,10,normal,0
2026-07-25 11:00:00,user_13,employee,11,0,1,1,0,4,5,22.69,11,0,3,normal,0
2026-07-22 13:00:00,user_03,admin,13,0,1,1,0,16,8,5.32,25,1,14,normal,0
2026-07-30 13:00:00,user_29,employee,13,1,1,1,1,9,4,25.07,3,0,6,normal,0
2026-07-26 10:00:00,user_15,employee,10,1,1,1,0,9,2,0.41,8,0,6,normal,0
2026-07-13 13:00:00,user_28,employee,13,1,2,1,0,3,4,19.35,10,0,3,normal,0
2026-07-15 12:00:00,user_10,analyst,12,0,1,1,0,16,4,60.35,33,0,9,normal,0
2026-07-12 15:00:00,user_25,employee,15,1,2,1,0,6,5,37.15,10,0,4,normal,0
2026-07-29 12:00:00,user_28,employee,12,0,1,1,0,10,2,39.0,186,11,32,privilege_misuse,1
2026-07-09 12:00:00,user_11,analyst,12,0,1,1,0,19,5,102.19,29,0,12,normal,0
2026-07-20 13:00:00,user_03,admin,13,0,3,1,0,9,3,15.71,29,2,9,normal,0
2026-07-15 13:00:00,user_18,employee,13,0,3,1,0,5,3,6.12,8,0,4,normal,0
2026-07-21 14:00:00,user_15,employee,14,0,1,1,0,7,3,28.37,8,0,4,normal,0
2026-07-07 14:00:00,user_01,admin,14,0,1,1,0,12,5,41.12,39,3,8,normal,0
2026-07-21 14:00:00,user_12,analyst,14,0,1,1,0,16,4,44.95,35,0,14,normal,0
2026-07-09 10:00:00,user_07,analyst,10,0,1,1,0,13,4,99.22,28,0,10,normal,0
2026-07-05 19:00:00,user_10,analyst,19,0,1,1,0,9,3,40.13,33,0,10,normal,0
2026-07-05 11:00:00,user_19,employee,11,1,1,1,0,8,3,11.19,8,0,6,normal,0
2026-07-22 14:00:00,user_26,employee,14,0,1,1,0,6,4,38.6,9,0,3,normal,0
2026-07-10 01:00:00,user_10,analyst,1,17,1,8,1,12,161,5180.83,117,6,132,mixed_anomaly,1
2026-07-19 13:00:00,user_08,analyst,13,1,1,1,0,22,8,64.0,40,0,11,normal,0
2026-07-11 18:00:00,user_15,employee,18,0,3,1,0,13,2,50.38,7,0,7,normal,0
2026-07-21 08:00:00,user_12,analyst,8,0,1,1,0,23,7,44.63,45,0,12,normal,0
2026-07-24 10:00:00,user_19,employee,10,0,1,1,0,8,4,18.68,8,0,5,normal,0
2026-07-16 14:00:00,user_16,employee,14,0,2,2,0,10,2,50.1,4,0,5,normal,0
2026-07-24 13:00:00,user_25,employee,13,0,2,1,0,10,4,56.47,5,0,5,normal,0
2026-07-06 13:00:00,user_25,employee,13,0,1,1,0,7,1,6.49,10,0,5,normal,0
2026-07-15 11:00:00,user_07,analyst,11,0,1,1,0,11,5,50.29,48,0,12,normal,0
2026-07-06 11:00:00,user_24,employee,11,1,2,1,0,14,4,43.54,5,0,10,normal,0
2026-07-24 14:00:00,user_29,employee,14,0,2,1,0,5,0,64.52,6,0,3,normal,0
2026-07-25 13:00:00,user_18,employee,13,0,1,1,0,7,6,38.9,4,0,6,normal,0
2026-07-27 12:00:00,user_25,employee,12,0,2,1,0,11,1,11.22,8,0,6,normal,0
2026-07-25 10:00:00,user_26,employee,10,0,1,1,0,9,3,41.05,7,0,7,normal,0
2026-07-16 14:00:00,user_08,analyst,14,0,1,1,0,12,0,51.27,38,0,12,normal,0
2026-07-12 12:00:00,user_05,analyst,12,0,2,1,0,14,2,79.78,41,0,9,normal,0
2026-07-07 16:00:00,user_01,admin,16,1,1,1,0,12,6,50.08,26,3,8,normal,0
2026-07-17 03:00:00,user_30,employee,3,4,1,3,1,10,3,43.78,9,0,8,suspicious_login,1
2026-07-20 09:00:00,user_01,admin,9,0,1,1,0,12,3,73.0,21,1,8,normal,0
2026-07-22 09:00:00,user_08,analyst,9,0,3,1,0,13,4,5.77,48,0,12,normal,0
2026-07-19 08:00:00,user_18,employee,8,0,2,1,0,7,3,36.05,11,0,6,normal,0
2026-07-01 10:00:00,user_12,analyst,10,1,2,1,0,10,4,116.09,31,0,10,normal,0
2026-07-26 12:00:00,user_21,employee,12,0,2,1,0,13,3,108.37,7,0,7,normal,0
2026-07-23 11:00:00,user_27,employee,11,27,1,2,0,9,3,83.63,8,0,5,brute_force,1
2026-07-26 12:00:00,user_11,analyst,12,0,2,1,0,13,6,41.7,40,0,11,normal,0
2026-07-11 12:00:00,user_01,admin,12,1,1,1,0,16,3,59.78,26,6,13,normal,0
2026-07-12 11:00:00,user_25,employee,11,0,1,1,0,13,4,27.27,8,0,5,normal,0
2026-07-05 15:00:00,user_22,employee,15,1,1,1,0,7,1,19.58,8,0,6,normal,0
2026-07-12 11:00:00,user_13,employee,11,0,1,1,0,6,2,124.17,6,0,5,normal,0
2026-07-11 16:00:00,user_28,employee,16,0,1,1,0,8,2,41.53,8,0,4,normal,0
2026-07-12 12:00:00,user_24,employee,12,0,3,1,0,6,2,24.55,7,0,3,normal,0
2026-07-07 12:00:00,user_24,employee,12,0,1,1,0,3,8,24.98,7,0,3,normal,0
2026-07-20 11:00:00,user_10,analyst,11,1,1,1,0,19,4,30.04,38,0,17,normal,0
2026-07-06 20:00:00,user_04,admin,20,0,2,1,0,7,2,30.01,19,0,5,normal,0
2026-07-01 18:00:00,user_07,analyst,18,0,2,1,0,15,8,62.92,34,0,14,normal,0
2026-07-24 15:00:00,user_17,employee,15,2,1,1,0,6,3,15.41,12,0,6,normal,0
2026-07-25 11:00:00,user_08,analyst,11,0,1,1,0,19,2,9.02,30,0,10,normal,0
2026-07-19 02:00:00,user_14,employee,2,4,2,8,1,7,4,12.41,13,0,4,suspicious_login,1
2026-07-24 15:00:00,user_02,admin,15,0,5,1,0,14,4,39.98,20,3,12,normal,0
2026-07-22 08:00:00,user_05,analyst,8,0,1,1,0,19,4,66.36,44,0,18,normal,0
2026-07-15 08:00:00,user_23,employee,8,1,2,1,0,5,4,21.57,7,0,3,normal,0
2026-07-30 09:00:00,user_09,analyst,9,0,1,1,0,12,5,43.87,22,0,10,normal,0
2026-07-30 07:00:00,user_03,admin,7,1,1,1,0,13,2,67.3,15,2,10,normal,0
2026-07-02 09:00:00,user_02,admin,9,1,2,2,0,12,4,11.63,27,1,9,normal,0
2026-07-27 09:00:00,user_30,employee,9,0,3,1,0,12,1,60.67,8,0,7,normal,0
2026-07-23 09:00:00,user_08,analyst,9,0,1,1,0,8,8,73.11,34,0,8,normal,0
2026-07-26 15:00:00,user_29,employee,15,0,3,1,0,8,0,38.12,7,0,5,normal,0
2026-07-09 13:00:00,user_28,employee,13,1,2,1,0,7,3,11.51,6,0,4,normal,0
2026-07-29 12:00:00,user_17,employee,12,1,1,1,0,7,4,20.02,10,0,4,normal,0
2026-07-04 16:00:00,user_14,employee,16,0,2,1,0,12,3,31.12,6,0,6,normal,0
2026-07-10 09:00:00,user_23,employee,9,0,2,1,0,8,4,48.13,5,0,4,normal,0
2026-07-19 10:00:00,user_29,employee,10,1,1,1,0,12,4,12.59,8,0,7,normal,0
2026-07-13 14:00:00,user_12,analyst,14,0,2,1,0,8,2,102.22,33,0,8,normal,0
2026-07-04 13:00:00,user_15,employee,13,0,2,2,0,5,2,41.99,9,0,3,normal,0
2026-07-02 18:00:00,user_24,employee,18,19,0,3,1,6,6,44.43,4,0,5,brute_force,1
2026-07-15 17:00:00,user_19,employee,17,0,1,1,0,10,6,34.51,10,0,5,normal,0
2026-07-20 13:00:00,user_04,admin,13,1,3,2,0,16,5,78.77,26,2,13,normal,0
2026-07-09 11:00:00,user_17,employee,11,1,1,1,1,6,2,70.15,12,0,3,normal,0
2026-07-09 17:00:00,user_05,analyst,17,0,2,1,0,13,7,22.72,39,0,9,normal,0
2026-07-22 11:00:00,user_21,employee,11,1,1,1,0,7,6,75.52,8,0,4,normal,0
2026-07-11 18:00:00,user_27,employee,18,0,1,1,0,8,1,133.27,6,0,5,normal,0
2026-07-14 07:00:00,user_13,employee,7,0,1,1,0,13,2,8.24,7,0,8,normal,0
2026-07-09 10:00:00,user_03,admin,10,2,2,1,0,12,4,50.01,33,3,7,normal,0
2026-07-13 17:00:00,user_19,employee,17,0,1,1,0,10,2,34.71,5,0,4,normal,0
2026-07-20 10:00:00,user_19,employee,10,0,1,2,0,13,2,13.46,9,0,8,normal,0
2026-07-18 14:00:00,user_02,admin,14,0,2,1,0,11,3,53.59,28,2,10,normal,0
2026-07-11 14:00:00,user_14,employee,14,0,2,1,0,6,1,5.6,7,0,4,normal,0
2026-07-13 14:00:00,user_22,employee,14,0,1,1,0,12,3,55.73,12,0,8,normal,0
2026-07-04 08:00:00,user_05,analyst,8,1,1,1,0,11,3,16.99,38,0,9,normal,0
2026-07-11 09:00:00,user_08,analyst,9,0,2,1,0,20,4,13.54,108,15,50,privilege_misuse,1
2026-07-07 15:00:00,user_09,analyst,15,0,1,1,1,14,4,33.51,43,0,14,normal,0
2026-07-10 13:00:00,user_28,employee,13,0,2,1,0,6,3,2.95,8,0,4,normal,0
2026-07-01 12:00:00,user_11,analyst,12,1,3,1,0,12,10,100.0,45,0,12,normal,0
2026-07-09 12:00:00,user_30,employee,12,0,1,1,0,3,3,20.78,9,0,2,normal,0
2026-07-05 02:00:00,user_26,employee,2,4,3,3,1,9,3,53.69,10,0,7,suspicious_login,1
2026-07-04 13:00:00,user_23,employee,13,0,1,1,0,9,0,52.74,4,0,5,normal,0
2026-07-05 10:00:00,user_27,employee,10,1,1,1,0,10,6,35.68,8,0,6,normal,0
2026-07-15 11:00:00,user_24,employee,11,1,2,1,0,8,1,67.72,4,0,6,normal,0
2026-07-20 12:00:00,user_11,analyst,12,1,3,1,0,18,3,57.07,39,0,11,normal,0
2026-07-13 12:00:00,user_11,analyst,12,2,3,1,0,20,7,191.11,38,0,15,normal,0
2026-07-12 09:00:00,user_15,employee,9,0,2,1,1,16,6,17.08,5,0,6,normal,0
2026-07-27 12:00:00,user_09,analyst,12,0,2,1,0,19,5,33.7,29,0,11,normal,0
2026-07-14 06:00:00,user_08,analyst,6,1,1,1,0,20,5,107.43,28,0,16,normal,0
2026-07-23 09:00:00,user_03,admin,9,0,1,1,0,13,1,22.75,22,2,9,normal,0
2026-07-05 06:00:00,user_07,analyst,6,0,2,1,0,14,0,39.58,37,0,10,normal,0
2026-07-13 14:00:00,user_05,analyst,14,0,3,1,0,21,2,32.39,33,0,17,normal,0
2026-07-30 10:00:00,user_25,employee,10,0,2,1,0,7,2,18.21,4,0,4,normal,0
2026-07-20 07:00:00,user_25,employee,7,1,5,1,0,8,2,58.81,9,0,7,normal,0
2026-07-07 09:00:00,user_19,employee,9,0,4,1,0,10,3,42.14,14,0,8,normal,0
2026-07-01 10:00:00,user_04,admin,10,1,2,1,0,11,2,13.15,29,2,7,normal,0
2026-07-10 14:00:00,user_05,analyst,14,0,2,1,0,16,4,56.39,44,0,13,normal,0
2026-07-17 08:00:00,user_04,admin,8,0,2,1,0,14,2,91.26,24,2,10,normal,0
2026-07-20 06:00:00,user_06,analyst,6,0,1,1,0,14,5,53.95,38,0,8,normal,0
2026-07-12 10:00:00,user_15,employee,10,0,1,1,0,8,4,14.06,7,0,7,normal,0
2026-07-09 11:00:00,user_15,employee,11,0,2,1,0,11,1,37.38,4,0,8,normal,0
2026-07-03 15:00:00,user_11,analyst,15,2,2,2,0,9,2,40.7,34,0,10,normal,0
2026-07-01 15:00:00,user_14,employee,15,0,1,1,0,11,0,78.47,3,0,5,normal,0
2026-07-05 08:00:00,user_04,admin,8,0,1,1,0,12,3,47.91,15,3,5,normal,0
2026-07-02 11:00:00,user_18,employee,11,0,1,1,0,5,1,30.4,8,0,4,normal,0
2026-07-21 10:00:00,user_12,analyst,10,0,1,1,0,16,10,97.79,35,0,15,normal,0
2026-07-29 14:00:00,user_25,employee,14,0,1,2,0,7,3,54.46,8,0,4,normal,0
2026-07-08 13:00:00,user_07,analyst,13,0,2,1,0,19,6,39.0,44,0,16,normal,0
2026-07-10 14:00:00,user_15,employee,14,0,2,1,0,6,4,82.04,7,0,4,normal,0
2026-07-08 14:00:00,user_10,analyst,14,1,1,1,0,11,3,64.91,34,0,11,normal,0
2026-07-17 10:00:00,user_15,employee,10,0,1,1,0,4,3,56.6,9,0,3,normal,0
2026-07-28 13:00:00,user_09,analyst,13,0,1,1,0,20,5,55.45,34,0,13,normal,0
2026-07-19 11:00:00,user_28,employee,11,0,1,1,0,6,2,64.15,15,0,4,normal,0
2026-07-27 13:00:00,user_04,admin,13,16,0,3,1,15,4,24.12,27,2,13,brute_force,1
2026-07-08 12:00:00,user_06,analyst,12,0,1,1,0,17,10,89.11,29,0,13,normal,0
2026-07-03 13:00:00,user_26,employee,13,0,1,1,0,3,1,23.6,6,0,2,normal,0
2026-07-21 16:00:00,user_22,employee,16,0,1,1,0,11,2,19.69,7,0,7,normal,0
2026-07-18 12:00:00,user_10,analyst,12,1,3,1,0,11,2,57.73,34,0,8,normal,0
2026-07-09 07:00:00,user_27,employee,7,0,2,1,0,7,1,12.96,11,0,5,normal,0
2026-07-27 12:00:00,user_23,employee,12,0,3,1,0,8,1,61.28,10,0,4,normal,0
2026-07-21 03:00:00,user_23,employee,3,11,2,3,1,10,124,3645.4,306,8,73,mixed_anomaly,1
2026-07-10 13:00:00,user_02,admin,13,3,2,1,0,18,2,30.9,22,0,11,normal,0
2026-07-19 08:00:00,user_07,analyst,8,0,3,1,0,10,1,22.32,31,0,8,normal,0
2026-07-27 11:00:00,user_27,employee,11,0,2,1,0,7,4,15.86,11,0,3,normal,0
2026-07-23 13:00:00,user_28,employee,13,0,1,1,0,4,5,9.0,8,0,3,normal,0
2026-07-28 14:00:00,user_11,analyst,14,0,1,2,0,16,7,65.6,32,0,12,normal,0
2026-07-14 07:00:00,user_05,analyst,7,2,4,1,0,11,6,19.9,34,0,9,normal,0
2026-07-10 14:00:00,user_03,admin,14,1,1,1,0,12,4,78.56,22,3,8,normal,0
2026-07-10 12:00:00,user_23,employee,12,0,1,1,0,317,117,8916.71,9,0,104,data_exfiltration,1
2026-07-01 11:00:00,user_12,analyst,11,0,1,1,1,16,5,12.92,47,0,10,normal,0
2026-07-18 10:00:00,user_13,employee,10,0,1,1,0,10,2,38.32,5,0,5,normal,0
2026-07-18 11:00:00,user_17,employee,11,0,1,1,0,10,5,21.85,6,0,8,normal,0
2026-07-11 15:00:00,user_02,admin,15,1,1,1,0,17,5,81.54,24,3,14,normal,0
2026-07-11 16:00:00,user_22,employee,16,0,1,1,0,5,3,51.69,4,0,2,normal,0
2026-07-23 17:00:00,user_10,analyst,17,1,2,1,0,16,4,12.16,28,0,8,normal,0
2026-07-23 18:00:00,user_09,analyst,18,0,2,1,0,18,7,58.63,32,0,10,normal,0
2026-07-20 11:00:00,user_27,employee,11,0,1,1,0,11,5,5.97,8,0,5,normal,0
2026-07-20 14:00:00,user_06,analyst,14,0,1,1,0,20,5,43.91,32,0,18,normal,0
2026-07-17 14:00:00,user_01,admin,14,1,1,1,0,13,4,44.84,28,1,8,normal,0
2026-07-10 16:00:00,user_13,employee,16,0,1,1,0,6,4,54.75,7,0,3,normal,0
2026-07-21 11:00:00,user_28,employee,11,1,1,1,0,7,0,8.26,5,0,6,normal,0
2026-07-08 13:00:00,user_15,employee,13,0,1,1,0,5,2,54.91,8,0,5,normal,0
2026-07-28 08:00:00,user_18,employee,8,1,1,1,0,7,1,95.84,8,0,6,normal,0
2026-07-06 13:00:00,user_24,employee,13,0,5,1,0,9,2,21.34,6,0,4,normal,0
2026-07-01 16:00:00,user_18,employee,16,2,1,1,0,2,2,33.16,12,0,2,normal,0
2026-07-15 12:00:00,user_08,analyst,12,0,1,1,0,16,4,50.53,40,0,10,normal,0
2026-07-15 23:00:00,user_04,admin,23,1,2,3,1,11,5,47.9,21,3,6,suspicious_login,1
2026-07-27 14:00:00,user_04,admin,14,1,1,1,0,8,2,70.75,26,4,6,normal,0
2026-07-06 06:00:00,user_26,employee,6,2,1,1,0,9,4,29.65,6,0,6,normal,0
2026-07-30 20:00:00,user_26,employee,20,0,2,2,0,8,3,9.1,7,0,7,normal,0
2026-07-27 14:00:00,user_05,analyst,14,0,2,1,0,14,3,114.72,37,0,10,normal,0
2026-07-27 10:00:00,user_04,admin,10,1,2,1,0,12,5,7.08,23,1,10,normal,0
2026-07-27 13:00:00,user_01,admin,13,1,1,1,0,16,0,61.65,27,2,13,normal,0
2026-07-08 09:00:00,user_02,admin,9,0,1,1,0,16,4,22.2,23,1,9,normal,0
2026-07-12 13:00:00,user_27,employee,13,1,1,1,0,5,1,56.42,5,0,3,normal,0
2026-07-25 15:00:00,user_25,employee,15,0,1,1,0,6,4,34.57,10,0,5,normal,0
2026-07-28 11:00:00,user_08,analyst,11,0,1,1,0,20,4,118.8,44,0,11,normal,0
2026-07-10 10:00:00,user_05,analyst,10,1,2,1,0,12,11,24.54,36,0,10,normal,0
2026-07-11 11:00:00,user_07,analyst,11,0,1,1,0,16,5,20.96,49,0,16,normal,0
2026-07-07 17:00:00,user_27,employee,17,0,1,1,0,9,2,52.28,8,0,6,normal,0
2026-07-25 20:00:00,user_13,employee,20,0,1,1,0,5,3,38.02,15,0,4,normal,0
2026-07-20 08:00:00,user_12,analyst,8,0,1,2,0,21,4,17.82,28,0,10,normal,0
2026-07-03 06:00:00,user_22,employee,6,0,2,1,0,11,2,65.17,7,0,6,normal,0
2026-07-01 15:00:00,user_21,employee,15,0,7,1,0,8,2,24.7,6,0,5,normal,0
2026-07-06 12:00:00,user_21,employee,12,0,1,1,0,5,2,74.74,4,0,4,normal,0
2026-07-06 16:00:00,user_03,admin,16,0,1,1,0,15,6,33.62,18,3,8,normal,0
2026-07-06 10:00:00,user_19,employee,10,0,2,2,0,7,4,21.49,5,0,3,normal,0
2026-07-26 13:00:00,user_19,employee,13,0,2,1,0,14,2,59.27,7,0,11,normal,0
2026-07-02 10:00:00,user_09,analyst,10,0,1,1,0,17,3,43.62,26,0,12,normal,0
2026-07-30 08:00:00,user_30,employee,8,0,3,1,0,12,4,33.72,4,0,8,normal,0
2026-07-20 13:00:00,user_27,employee,13,0,3,1,0,6,4,56.63,8,0,4,normal,0
2026-07-01 15:00:00,user_03,admin,15,0,2,1,0,11,4,48.91,19,4,10,normal,0
2026-07-14 16:00:00,user_01,admin,16,1,2,2,0,15,9,22.77,27,0,13,normal,0
2026-07-29 18:00:00,user_03,admin,18,0,1,2,0,406,174,3831.92,35,4,115,data_exfiltration,1
2026-07-19 12:00:00,user_29,employee,12,0,3,1,0,6,2,11.6,10,0,4,normal,0
2026-07-17 04:00:00,user_21,employee,4,5,1,8,1,10,2,36.65,10,0,7,suspicious_login,1
2026-07-11 10:00:00,user_26,employee,10,0,1,1,0,5,4,63.3,7,0,3,normal,0
2026-07-26 12:00:00,user_05,analyst,12,0,1,1,0,16,4,55.67,37,0,10,normal,0
2026-07-07 16:00:00,user_03,admin,16,0,2,1,0,20,4,37.7,32,2,15,normal,0
2026-07-23 17:00:00,user_29,employee,17,1,1,1,0,8,2,15.89,7,0,6,normal,0
2026-07-08 15:00:00,user_28,employee,15,2,1,1,0,7,3,42.22,218,22,57,privilege_misuse,1
2026-07-30 15:00:00,user_04,admin,15,0,1,1,0,13,5,16.12,25,0,11,normal,0
2026-07-16 13:00:00,user_02,admin,13,1,1,2,0,16,6,57.21,29,2,10,normal,0
2026-07-13 13:00:00,user_15,employee,13,0,1,1,0,12,4,44.74,10,0,7,normal,0
2026-07-09 14:00:00,user_02,admin,14,0,1,1,0,12,4,26.33,28,1,7,normal,0
2026-07-07 20:00:00,user_06,analyst,20,0,3,1,0,21,6,40.21,32,0,14,normal,0
2026-07-19 00:00:00,user_30,employee,0,17,2,8,1,10,113,1166.02,487,10,59,mixed_anomaly,1
2026-07-28 12:00:00,user_14,employee,12,0,1,1,0,7,1,15.41,6,0,6,normal,0
2026-07-07 11:00:00,user_27,employee,11,0,3,1,0,6,2,9.9,7,0,3,normal,0
2026-07-17 03:00:00,user_24,employee,3,5,4,7,1,3,1,96.36,7,0,2,suspicious_login,1
2026-07-14 15:00:00,user_16,employee,15,1,1,1,0,6,2,59.97,4,0,5,normal,0
2026-07-19 12:00:00,user_01,admin,12,1,2,2,0,13,7,4.57,22,1,7,normal,0
2026-07-10 06:00:00,user_13,employee,6,0,2,1,0,6,1,55.54,8,0,4,normal,0
2026-07-30 12:00:00,user_22,employee,12,0,1,1,0,7,1,33.42,3,0,5,normal,0
2026-07-01 15:00:00,user_14,employee,15,0,2,1,0,11,1,69.11,18,0,6,normal,0
2026-07-19 15:00:00,user_06,analyst,15,0,3,1,0,11,7,18.74,35,0,9,normal,0
2026-07-23 13:00:00,user_12,analyst,13,0,2,1,0,19,9,19.78,35,0,18,normal,0
2026-07-25 11:00:00,user_07,analyst,11,0,1,1,0,11,3,46.17,44,0,11,normal,0
2026-07-17 13:00:00,user_30,employee,13,0,1,1,0,4,2,12.51,7,0,2,normal,0
2026-07-08 09:00:00,user_06,analyst,9,1,2,1,0,15,4,20.39,296,22,47,privilege_misuse,1
2026-07-13 14:00:00,user_09,analyst,14,0,4,1,0,13,4,53.97,33,0,12,normal,0
2026-07-09 08:00:00,user_15,employee,8,0,1,1,0,12,4,58.02,7,0,5,normal,0
2026-07-13 13:00:00,user_29,employee,13,0,2,1,0,5,6,32.28,2,0,2,normal,0
2026-07-30 14:00:00,user_05,analyst,14,0,1,1,0,13,4,45.51,46,0,11,normal,0
2026-07-23 09:00:00,user_02,admin,9,2,1,2,0,18,2,76.49,27,2,16,normal,0
2026-07-17 19:00:00,user_20,employee,19,0,1,2,0,12,3,18.58,15,0,9,normal,0
2026-07-13 12:00:00,user_20,employee,12,0,1,1,0,12,6,4.61,8,0,8,normal,0
2026-07-11 13:00:00,user_20,employee,13,0,4,1,0,8,4,19.91,7,0,6,normal,0
2026-07-23 16:00:00,user_08,analyst,16,0,1,1,0,15,3,10.03,33,0,12,normal,0
2026-07-27 09:00:00,user_21,employee,9,0,2,1,0,6,1,122.77,12,0,6,normal,0
2026-07-26 13:00:00,user_10,analyst,13,2,1,1,0,15,5,99.64,30,0,13,normal,0
2026-07-08 08:00:00,user_16,employee,8,0,1,1,0,8,2,83.27,13,0,6,normal,0
2026-07-04 14:00:00,user_14,employee,14,0,1,1,0,4,3,26.24,9,0,3,normal,0
2026-07-06 14:00:00,user_29,employee,14,0,1,1,0,5,1,26.56,5,0,4,normal,0
2026-07-23 13:00:00,user_18,employee,13,0,4,1,0,7,4,28.91,9,0,6,normal,0
2026-07-04 13:00:00,user_16,employee,13,0,1,1,0,9,3,16.22,16,0,8,normal,0
2026-07-17 17:00:00,user_02,admin,17,0,1,1,0,12,1,47.8,32,4,7,normal,0
2026-07-25 08:00:00,user_03,admin,8,1,2,1,0,14,3,118.79,17,2,10,normal,0
2026-07-14 14:00:00,user_09,analyst,14,1,1,1,0,16,6,19.17,34,0,12,normal,0
2026-07-28 16:00:00,user_13,employee,16,0,2,1,0,5,3,16.17,8,0,3,normal,0
2026-07-15 13:00:00,user_05,analyst,13,0,2,1,0,19,5,21.36,44,0,18,normal,0
2026-07-06 22:00:00,user_14,employee,22,1,1,1,0,6,1,22.9,2,0,5,normal,0
2026-07-17 10:00:00,user_07,analyst,10,1,2,1,0,18,6,41.27,42,0,18,normal,0
2026-07-05 12:00:00,user_21,employee,12,0,2,1,0,11,2,20.8,16,0,9,normal,0
2026-07-28 09:00:00,user_29,employee,9,0,4,1,0,11,2,27.47,13,0,6,normal,0
2026-07-14 09:00:00,user_26,employee,9,0,2,1,0,11,4,63.81,12,0,8,normal,0
2026-07-11 14:00:00,user_17,employee,14,0,1,1,0,205,112,8129.55,5,0,209,data_exfiltration,1
2026-07-07 11:00:00,user_21,employee,11,1,1,1,0,11,5,3.42,11,0,8,normal,0
2026-07-29 10:00:00,user_26,employee,10,0,1,1,0,7,8,39.85,8,0,3,normal,0
2026-07-19 14:00:00,user_18,employee,14,1,1,1,0,4,3,63.06,6,0,2,normal,0
2026-07-06 08:00:00,user_26,employee,8,0,2,1,0,6,3,20.98,3,0,3,normal,0
2026-07-17 12:00:00,user_01,admin,12,1,1,1,0,11,3,64.63,23,1,10,normal,0
2026-07-11 12:00:00,user_13,employee,12,0,2,1,0,8,3,22.88,7,0,4,normal,0
2026-07-29 12:00:00,user_26,employee,12,0,1,1,0,8,3,51.32,7,0,3,normal,0
2026-07-08 12:00:00,user_23,employee,12,1,3,1,0,4,1,19.62,7,0,3,normal,0
2026-07-08 18:00:00,user_12,analyst,18,0,1,1,0,7,7,74.78,37,0,6,normal,0
2026-07-09 12:00:00,user_16,employee,12,0,2,1,0,11,2,12.97,8,0,8,normal,0
2026-07-01 00:00:00,user_18,employee,0,3,1,5,1,10,1,8.15,5,0,6,suspicious_login,1
2026-07-11 15:00:00,user_12,analyst,15,1,2,1,0,12,7,16.34,30,0,9,normal,0
2026-07-06 07:00:00,user_30,employee,7,0,1,1,0,10,4,11.29,8,0,9,normal,0
2026-07-19 08:00:00,user_19,employee,8,0,2,1,0,6,1,1.27,6,0,3,normal,0
2026-07-16 10:00:00,user_17,employee,10,0,2,1,0,5,3,37.21,8,0,2,normal,0
2026-07-17 10:00:00,user_11,analyst,10,0,2,1,0,12,5,52.77,32,0,11,normal,0
2026-07-05 11:00:00,user_13,employee,11,0,1,1,0,7,4,25.71,13,0,6,normal,0
2026-07-02 14:00:00,user_09,analyst,14,0,1,1,0,16,6,38.84,35,0,12,normal,0
2026-07-04 09:00:00,user_06,analyst,9,0,1,1,0,11,7,231.35,31,0,10,normal,0
2026-07-16 07:00:00,user_01,employee,7,2,1,1,0,11,1,17.69,141,8,83,privilege_misuse,1
2026-07-18 08:00:00,user_20,employee,8,1,1,1,0,7,0,48.57,8,0,5,normal,0
2026-07-01 15:00:00,user_08,analyst,15,0,1,1,0,16,3,55.86,30,0,14,normal,0
2026-07-18 08:00:00,user_01,admin,8,0,1,1,0,15,2,50.6,29,2,11,normal,0
2026-07-16 13:00:00,user_29,employee,13,0,1,1,0,8,4,98.48,7,0,5,normal,0
2026-07-08 13:00:00,user_26,employee,13,0,3,1,0,4,2,52.82,6,0,2,normal,0
2026-07-11 13:00:00,user_25,employee,13,1,2,2,0,9,3,35.33,9,0,6,normal,0
2026-07-19 17:00:00,user_09,analyst,17,0,2,1,0,18,6,66.4,41,0,17,normal,0
2026-07-18 15:00:00,user_02,admin,15,1,3,1,0,12,9,25.59,27,2,8,normal,0
2026-07-13 13:00:00,user_26,employee,13,0,3,1,0,11,2,116.91,9,0,5,normal,0
2026-07-11 12:00:00,user_16,employee,12,0,1,1,0,4,3,33.96,6,0,3,normal,0
2026-07-28 08:00:00,user_17,employee,8,0,1,1,0,10,2,19.5,7,0,9,normal,0
2026-07-11 14:00:00,user_12,analyst,14,0,1,1,0,11,5,105.73,47,0,11,normal,0
2026-07-21 13:00:00,user_25,employee,13,0,2,1,0,3,1,13.4,5,0,2,normal,0
2026-07-23 11:00:00,user_19,employee,11,1,1,1,0,6,1,8.68,4,0,3,normal,0
2026-07-15 11:00:00,user_08,analyst,11,1,2,1,0,10,5,19.15,32,0,7,normal,0
2026-07-12 11:00:00,user_06,analyst,11,1,1,1,0,11,10,25.51,31,0,7,normal,0
2026-07-11 15:00:00,user_04,admin,15,1,3,1,0,12,7,2.07,29,1,8,normal,0
2026-07-08 14:00:00,user_08,analyst,14,0,1,1,0,15,3,43.41,25,0,10,normal,0
2026-07-18 17:00:00,user_22,employee,17,1,1,1,0,11,4,42.56,13,0,7,normal,0
2026-07-05 20:00:00,user_08,analyst,20,1,1,1,0,13,4,10.57,20,0,10,normal,0
2026-07-12 08:00:00,user_09,analyst,8,1,1,1,0,13,7,3.96,27,0,10,normal,0
2026-07-27 10:00:00,user_18,employee,10,0,3,1,0,7,2,104.02,2,0,5,normal,0
2026-07-20 14:00:00,user_27,employee,14,0,3,1,1,13,4,13.79,9,0,7,normal,0
2026-07-25 15:00:00,user_26,employee,15,0,1,1,0,4,1,10.81,10,0,4,normal,0
2026-07-08 15:00:00,user_30,employee,15,0,4,1,0,7,7,42.7,4,0,5,normal,0
2026-07-15 08:00:00,user_24,employee,8,0,3,1,0,5,1,39.59,10,0,4,normal,0
2026-07-30 12:00:00,user_02,admin,12,0,3,1,0,12,3,17.88,32,3,7,normal,0
2026-07-12 11:00:00,user_25,employee,11,0,3,1,0,5,2,45.52,14,0,5,normal,0
2026-07-12 11:00:00,user_08,analyst,11,1,1,1,0,17,7,29.29,31,0,10,normal,0
2026-07-05 18:00:00,user_19,employee,18,0,3,1,0,7,8,89.16,9,0,5,normal,0
2026-07-13 12:00:00,user_28,employee,12,0,5,1,0,10,3,66.16,10,0,5,normal,0
2026-07-28 09:00:00,user_26,employee,9,1,1,1,0,11,3,115.8,11,0,8,normal,0
2026-07-02 06:00:00,user_13,employee,6,1,1,2,0,7,4,36.92,11,0,4,normal,0
2026-07-15 11:00:00,user_12,analyst,11,0,2,2,0,17,2,26.63,42,0,16,normal,0
2026-07-22 16:00:00,user_30,employee,16,0,1,2,0,3,1,42.23,5,0,3,normal,0
2026-07-20 15:00:00,user_27,employee,15,2,3,1,0,3,2,59.99,7,0,3,normal,0
2026-07-24 10:00:00,user_28,employee,10,2,2,1,0,4,5,106.76,8,0,2,normal,0
2026-07-18 16:00:00,user_06,analyst,16,0,2,1,0,11,5,14.8,35,0,8,normal,0
2026-07-20 11:00:00,user_06,analyst,11,2,2,1,0,14,3,123.65,28,0,11,normal,0
2026-07-02 13:00:00,user_08,analyst,13,2,1,2,0,17,2,44.16,31,0,10,normal,0
2026-07-04 07:00:00,user_19,employee,7,0,1,1,0,6,5,62.81,8,0,5,normal,0
2026-07-20 17:00:00,user_11,analyst,17,0,1,2,0,12,4,48.99,36,0,9,normal,0
2026-07-17 11:00:00,user_26,employee,11,1,1,2,0,14,3,49.56,9,0,9,normal,0
2026-07-20 08:00:00,user_24,employee,8,0,3,1,0,4,8,37.35,6,0,3,normal,0
2026-07-06 10:00:00,user_23,employee,10,0,1,1,0,7,2,40.45,6,0,4,normal,0
2026-07-28 12:00:00,user_12,analyst,12,0,1,1,0,14,14,35.36,27,0,10,normal,0
2026-07-29 14:00:00,user_30,employee,14,0,1,1,1,7,4,26.22,9,0,4,normal,0
2026-07-02 06:00:00,user_19,employee,6,0,1,1,0,7,3,22.72,4,0,4,normal,0
2026-07-09 11:00:00,user_01,admin,11,0,1,1,0,9,2,30.56,22,1,8,normal,0
2026-07-05 11:00:00,user_23,employee,11,1,1,1,0,7,1,8.18,8,0,4,normal,0
2026-07-21 11:00:00,user_23,employee,11,0,2,2,0,8,1,109.5,11,0,7,normal,0
2026-07-05 12:00:00,user_12,analyst,12,0,2,1,1,17,5,140.79,40,0,14,normal,0
2026-07-08 13:00:00,user_19,employee,13,0,1,1,0,11,3,21.05,9,0,5,normal,0
2026-07-24 15:00:00,user_19,employee,15,0,2,1,0,8,2,28.33,11,0,6,normal,0
2026-07-29 16:00:00,user_05,analyst,16,0,4,1,0,17,10,48.73,34,0,16,normal,0
2026-07-08 11:00:00,user_19,employee,11,1,2,2,0,15,2,11.4,11,0,11,normal,0
2026-07-15 12:00:00,user_07,analyst,12,1,3,2,0,22,4,42.42,30,0,19,normal,0
2026-07-13 13:00:00,user_27,employee,13,0,1,2,0,5,6,45.92,5,0,3,normal,0
2026-07-18 06:00:00,user_26,employee,6,0,3,1,0,7,2,64.55,3,0,3,normal,0
2026-07-06 15:00:00,user_29,employee,15,0,2,1,0,4,2,13.13,5,0,4,normal,0
2026-07-14 03:00:00,user_16,employee,3,10,1,3,1,12,85,1361.85,486,9,169,mixed_anomaly,1
2026-07-17 12:00:00,user_10,analyst,12,0,3,1,0,10,2,80.14,29,0,6,normal,0
2026-07-05 11:00:00,user_06,analyst,11,0,1,1,1,9,4,31.16,36,0,10,normal,0
2026-07-10 19:00:00,user_16,employee,19,0,3,1,0,8,4,25.99,9,0,7,normal,0
2026-07-28 17:00:00,user_02,admin,17,0,2,1,0,13,3,27.2,17,1,9,normal,0
2026-07-18 13:00:00,user_03,admin,13,0,3,1,0,8,4,34.89,13,1,7,normal,0
2026-07-21 12:00:00,user_02,admin,12,0,1,1,0,10,6,88.71,19,2,6,normal,0
2026-07-24 15:00:00,user_08,analyst,15,1,1,1,0,15,6,119.84,42,0,15,normal,0
2026-07-01 14:00:00,user_20,employee,14,1,2,1,0,4,3,30.83,8,0,2,normal,0
2026-07-14 19:00:00,user_08,analyst,19,27,0,4,1,15,8,84.19,39,0,11,brute_force,1
2026-07-11 12:00:00,user_17,employee,12,0,4,1,0,4,5,32.15,3,0,2,normal,0
2026-07-19 11:00:00,user_16,employee,11,0,1,1,0,10,3,64.37,9,0,6,normal,0
2026-07-04 12:00:00,user_01,admin,12,1,1,1,0,8,5,23.75,28,1,6,normal,0
2026-07-07 14:00:00,user_11,analyst,14,0,1,1,0,21,7,80.68,32,0,15,normal,0
2026-07-07 13:00:00,user_30,employee,13,1,1,1,0,9,3,98.32,5,0,5,normal,0
2026-07-25 09:00:00,user_20,employee,9,0,2,1,0,4,1,28.1,9,0,3,normal,0
2026-07-06 07:00:00,user_07,analyst,7,0,1,1,0,16,2,111.94,40,0,14,normal,0
2026-07-10 16:00:00,user_26,employee,16,0,3,1,0,7,2,16.63,7,0,4,normal,0
2026-07-04 14:00:00,user_05,analyst,14,0,2,1,0,13,5,23.66,35,0,13,normal,0
2026-07-17 12:00:00,user_11,analyst,12,0,1,1,0,14,3,31.52,44,0,14,normal,0
2026-07-06 15:00:00,user_23,employee,15,0,1,1,0,8,5,41.73,5,0,5,normal,0
2026-07-28 13:00:00,user_06,analyst,13,1,2,1,0,15,2,41.98,28,0,14,normal,0
2026-07-19 16:00:00,user_30,employee,16,0,2,1,0,9,2,59.28,7,0,6,normal,0
2026-07-29 19:00:00,user_26,employee,19,1,1,2,0,18,8,10.5,4,0,8,normal,0
2026-07-04 12:00:00,user_28,employee,12,0,1,1,0,8,0,21.07,8,0,6,normal,0
2026-07-02 12:00:00,user_28,employee,12,1,4,2,0,7,2,44.67,15,0,4,normal,0
2026-07-22 06:00:00,user_11,analyst,6,0,1,1,0,20,7,9.81,39,0,18,normal,0
2026-07-23 14:00:00,user_02,admin,14,1,1,1,0,7,2,34.14,30,3,7,normal,0
2026-07-23 15:00:00,user_01,admin,15,0,2,1,0,15,1,73.72,24,1,7,normal,0
2026-07-29 14:00:00,user_05,analyst,14,0,2,1,0,19,2,64.77,41,0,14,normal,0
2026-07-12 15:00:00,user_19,employee,15,2,3,2,0,10,5,34.67,7,0,5,normal,0
2026-07-14 16:00:00,user_23,employee,16,0,3,2,0,6,1,38.51,6,0,3,normal,0
2026-07-10 11:00:00,user_30,employee,11,0,1,1,0,9,1,26.18,11,0,6,normal,0
2026-07-22 15:00:00,user_05,analyst,15,26,0,2,1,13,7,42.51,30,0,8,brute_force,1
2026-07-17 15:00:00,user_28,employee,15,1,2,1,0,5,0,35.13,6,0,2,normal,0
2026-07-01 09:00:00,user_17,employee,9,0,1,1,0,7,3,27.96,9,0,5,normal,0
2026-07-14 09:00:00,user_28,employee,9,0,3,1,0,8,5,56.9,11,0,5,normal,0
2026-07-17 13:00:00,user_12,analyst,13,15,1,1,1,13,8,64.65,35,0,10,brute_force,1
2026-07-08 09:00:00,user_12,analyst,9,1,1,1,0,12,3,27.43,40,0,9,normal,0
2026-07-02 13:00:00,user_23,employee,13,1,1,1,0,9,2,23.57,7,0,6,normal,0
2026-07-03 11:00:00,user_22,employee,11,0,1,2,0,3,2,67.69,3,0,2,normal,0
2026-07-01 03:00:00,user_13,employee,3,19,1,6,1,9,56,2924.99,466,4,98,mixed_anomaly,1
2026-07-18 09:00:00,user_04,admin,9,0,1,2,0,9,5,72.57,32,1,7,normal,0
2026-07-15 12:00:00,user_11,analyst,12,1,1,1,0,12,5,34.14,99,8,28,privilege_misuse,1
2026-07-30 14:00:00,user_11,analyst,14,0,1,2,0,177,200,2965.93,45,0,105,data_exfiltration,1
2026-07-22 16:00:00,user_06,analyst,16,1,1,1,0,17,2,14.98,33,0,14,normal,0
2026-07-03 12:00:00,user_24,employee,12,0,5,1,0,10,0,26.84,5,0,7,normal,0
2026-07-01 12:00:00,user_14,employee,12,1,1,1,0,7,4,14.83,3,0,4,normal,0
2026-07-22 03:00:00,user_26,employee,3,4,1,4,1,12,1,25.37,8,0,5,suspicious_login,1
2026-07-24 13:00:00,user_21,employee,13,0,2,1,0,5,2,45.74,6,0,4,normal,0
2026-07-27 16:00:00,user_11,analyst,16,0,1,1,0,14,5,53.3,41,0,14,normal,0
2026-07-15 11:00:00,user_06,analyst,11,3,2,2,0,17,5,108.42,35,0,15,normal,0
2026-07-24 13:00:00,user_23,employee,13,0,1,1,0,7,4,71.49,1,0,3,normal,0
2026-07-20 14:00:00,user_18,employee,14,0,1,1,0,4,2,40.83,8,0,3,normal,0
2026-07-15 17:00:00,user_23,employee,17,0,2,1,0,9,5,41.6,11,0,6,normal,0
2026-07-25 17:00:00,user_29,employee,17,1,1,1,1,9,4,65.75,6,0,6,normal,0
2026-07-16 13:00:00,user_30,employee,13,0,1,1,0,8,6,26.96,4,0,6,normal,0
2026-07-04 06:00:00,user_20,employee,6,2,2,1,0,11,4,30.57,11,0,8,normal,0
2026-07-30 17:00:00,user_26,employee,17,0,1,1,0,5,2,24.75,104,8,25,privilege_misuse,1
2026-07-24 02:00:00,user_08,analyst,2,19,1,6,1,9,119,5626.66,481,6,108,mixed_anomaly,1
2026-07-26 16:00:00,user_27,employee,16,0,3,1,0,9,6,10.02,5,0,4,normal,0
2026-07-02 04:00:00,user_06,analyst,4,1,4,3,1,11,3,85.86,37,0,9,suspicious_login,1
2026-07-29 15:00:00,user_10,analyst,15,0,1,1,0,12,5,162.22,32,0,11,normal,0
2026-07-07 12:00:00,user_24,employee,12,0,1,2,0,9,4,47.82,9,0,6,normal,0
2026-07-08 08:00:00,user_23,employee,8,0,1,1,0,7,5,50.17,7,0,3,normal,0
2026-07-03 16:00:00,user_10,analyst,16,0,1,1,0,15,2,32.68,42,0,12,normal,0
2026-07-08 14:00:00,user_05,analyst,14,0,1,1,0,9,6,126.82,34,0,8,normal,0
2026-07-16 10:00:00,user_06,analyst,10,0,2,1,0,27,4,43.87,43,0,23,normal,0
2026-07-05 12:00:00,user_24,employee,12,1,2,1,0,9,2,60.93,6,0,4,normal,0
2026-07-09 12:00:00,user_01,admin,12,0,1,1,0,12,6,81.39,15,1,7,normal,0
2026-07-25 15:00:00,user_23,employee,15,0,1,1,0,7,7,34.79,12,0,5,normal,0
2026-07-29 14:00:00,user_19,employee,14,0,3,1,0,6,4,36.91,8,0,3,normal,0
2026-07-20 09:00:00,user_13,employee,9,1,1,2,0,11,5,13.62,7,0,6,normal,0
2026-07-13 12:00:00,user_28,employee,12,0,1,1,0,7,2,62.76,8,0,5,normal,0
2026-07-05 11:00:00,user_25,employee,11,0,1,1,0,4,2,49.86,9,0,2,normal,0
2026-07-16 09:00:00,user_19,employee,9,1,2,1,0,4,2,138.22,7,0,3,normal,0
2026-07-17 12:00:00,user_02,admin,12,0,2,1,0,8,6,117.78,23,2,6,normal,0
2026-07-10 18:00:00,user_06,analyst,18,2,1,1,0,13,5,14.44,34,0,13,normal,0
2026-07-29 18:00:00,user_20,employee,18,3,1,1,0,10,1,61.05,346,22,43,privilege_misuse,1
2026-07-15 10:00:00,user_30,employee,10,1,4,1,0,11,3,74.32,6,0,7,normal,0
2026-07-02 08:00:00,user_26,employee,8,0,1,2,0,6,5,36.2,7,0,4,normal,0
2026-07-30 12:00:00,user_20,employee,12,0,4,1,0,341,108,2603.36,9,0,140,data_exfiltration,1
2026-07-03 10:00:00,user_21,employee,10,0,1,2,0,8,3,30.78,3,0,6,normal,0
2026-07-18 10:00:00,user_19,employee,10,0,1,2,1,10,2,57.22,12,0,8,normal,0
2026-07-26 18:00:00,user_04,admin,18,0,3,1,0,13,4,58.24,17,2,8,normal,0
2026-07-02 10:00:00,user_30,employee,10,1,1,1,0,10,5,16.13,9,0,7,normal,0
2026-07-01 11:00:00,user_16,employee,11,2,2,1,0,174,291,1966.25,7,0,195,data_exfiltration,1
2026-07-14 08:00:00,user_11,analyst,8,0,3,1,0,20,5,33.1,31,0,11,normal,0
2026-07-11 17:00:00,user_24,employee,17,2,1,1,0,6,1,42.78,6,0,4,normal,0
2026-07-28 14:00:00,user_03,admin,14,1,2,1,0,14,4,20.57,34,0,13,normal,0
2026-07-14 14:00:00,user_08,analyst,14,0,1,1,0,14,2,26.9,270,20,64,privilege_misuse,1
2026-07-15 13:00:00,user_11,analyst,13,2,1,1,0,16,5,59.46,39,0,14,normal,0
2026-07-22 16:00:00,user_06,analyst,16,0,1,1,1,14,1,47.19,35,0,12,normal,0
2026-07-18 13:00:00,user_21,employee,13,0,1,1,0,8,3,10.33,10,0,6,normal,0
2026-07-07 10:00:00,user_29,employee,10,0,1,1,0,7,2,11.03,8,0,3,normal,0
2026-07-02 10:00:00,user_03,admin,10,0,2,1,0,7,2,24.01,22,2,5,normal,0
2026-07-28 12:00:00,user_27,employee,12,0,2,1,0,1,0,36.69,5,0,1,normal,0
2026-07-02 08:00:00,user_23,employee,8,0,2,1,0,7,3,57.99,6,0,5,normal,0
2026-07-16 07:00:00,user_22,employee,7,0,1,1,0,8,6,46.33,8,0,6,normal,0
2026-07-07 15:00:00,user_21,employee,15,0,3,1,0,12,2,2.18,8,0,7,normal,0
2026-07-17 13:00:00,user_24,employee,13,1,1,1,0,14,3,62.68,8,0,8,normal,0
2026-07-23 14:00:00,user_29,employee,14,0,1,1,1,10,0,62.26,7,0,8,normal,0
2026-07-27 09:00:00,user_11,analyst,9,1,4,1,0,11,6,86.06,35,0,9,normal,0
2026-07-03 13:00:00,user_15,employee,13,1,1,2,0,10,4,45.08,8,0,5,normal,0
2026-07-29 11:00:00,user_01,admin,11,1,1,1,0,6,5,27.31,29,3,5,normal,0
2026-07-05 15:00:00,user_09,analyst,15,1,3,1,0,351,314,3257.29,30,0,70,data_exfiltration,1
2026-07-12 14:00:00,user_08,analyst,14,1,2,1,0,18,5,85.39,40,0,16,normal,0
2026-07-30 13:00:00,user_23,employee,13,1,1,1,0,14,2,53.44,7,0,7,normal,0
2026-07-13 14:00:00,user_03,admin,14,1,1,1,0,11,4,10.81,18,0,6,normal,0
2026-07-02 17:00:00,user_12,analyst,17,1,3,1,0,10,6,41.05,38,0,9,normal,0
2026-07-21 13:00:00,user_09,analyst,13,0,4,1,0,14,5,11.9,30,0,11,normal,0
2026-07-06 12:00:00,user_26,employee,12,0,1,1,0,7,1,17.74,9,0,6,normal,0
2026-07-04 12:00:00,user_04,admin,12,2,4,1,0,11,6,52.88,24,2,9,normal,0
2026-07-05 13:00:00,user_24,employee,13,0,1,1,0,6,3,54.17,11,0,3,normal,0
2026-07-11 13:00:00,user_01,admin,13,0,1,1,0,15,3,51.37,25,1,11,normal,0
2026-07-26 16:00:00,user_02,admin,16,0,1,1,0,8,4,92.45,17,1,7,normal,0
2026-07-29 10:00:00,user_13,employee,10,0,1,1,0,9,8,30.38,8,0,6,normal,0
2026-07-03 13:00:00,user_15,employee,13,1,1,1,0,11,6,23.89,8,0,5,normal,0
2026-07-05 12:00:00,user_24,employee,12,1,2,1,0,9,5,25.44,9,0,5,normal,0
2026-07-26 15:00:00,user_14,employee,15,1,1,1,0,3,0,25.96,10,0,2,normal,0
2026-07-28 14:00:00,user_06,analyst,14,0,1,1,1,14,7,135.52,44,0,14,normal,0
2026-07-16 12:00:00,user_29,employee,12,0,1,1,0,7,2,34.63,11,0,5,normal,0
2026-07-01 11:00:00,user_14,employee,11,0,1,1,0,11,2,20.56,13,0,7,normal,0
2026-07-29 12:00:00,user_16,employee,12,0,1,1,0,8,3,93.27,6,0,6,normal,0
2026-07-14 17:00:00,user_29,employee,17,0,2,1,0,4,2,5.18,10,0,3,normal,0
2026-07-25 13:00:00,user_13,employee,13,0,2,1,0,12,3,13.91,9,0,6,normal,0
2026-07-16 14:00:00,user_12,analyst,14,0,1,1,1,17,3,46.63,36,0,14,normal,0
2026-07-24 15:00:00,user_18,employee,15,0,1,1,0,8,3,15.88,8,0,6,normal,0
2026-07-09 12:00:00,user_13,employee,12,0,3,1,0,7,2,43.97,5,0,4,normal,0
2026-07-19 05:00:00,user_04,admin,5,5,2,3,1,21,4,61.6,24,2,12,suspicious_login,1
2026-07-11 11:00:00,user_26,employee,11,0,2,1,0,8,2,52.96,8,0,5,normal,0
2026-07-02 16:00:00,user_28,employee,16,0,2,1,0,3,3,40.48,8,0,2,normal,0
2026-07-09 12:00:00,user_19,employee,12,0,5,2,0,11,4,19.78,6,0,7,normal,0
2026-07-17 12:00:00,user_21,employee,12,0,2,1,0,14,2,17.18,6,0,8,normal,0
2026-07-07 15:00:00,user_25,employee,15,0,1,1,0,3,4,53.42,11,0,3,normal,0
2026-07-26 08:00:00,user_22,employee,8,0,1,1,0,407,167,6364.76,9,0,71,data_exfiltration,1
2026-07-25 09:00:00,user_06,analyst,9,1,1,1,0,12,6,70.11,53,0,11,normal,0
2026-07-21 11:00:00,user_15,employee,11,24,0,1,1,13,2,14.93,1,0,7,brute_force,1
2026-07-09 08:00:00,user_26,employee,8,0,3,1,0,13,5,35.09,7,0,9,normal,0
2026-07-03 07:00:00,user_28,employee,7,0,1,1,1,7,1,16.97,7,0,5,normal,0
2026-07-11 15:00:00,user_02,admin,15,0,4,1,0,7,7,85.84,19,2,4,normal,0
2026-07-24 08:00:00,user_10,analyst,8,29,1,2,0,10,3,141.5,39,0,9,brute_force,1
2026-07-07 12:00:00,user_11,analyst,12,1,1,1,1,15,3,37.91,32,0,14,normal,0
2026-07-25 12:00:00,user_09,analyst,12,0,3,1,0,12,1,18.82,28,0,8,normal,0
2026-07-17 13:00:00,user_04,admin,13,1,3,2,0,9,3,97.87,26,2,8,normal,0
2026-07-17 16:00:00,user_03,admin,16,0,2,1,0,15,10,8.66,23,2,10,normal,0
2026-07-25 19:00:00,user_11,analyst,19,0,1,1,0,14,2,86.78,26,0,10,normal,0
2026-07-04 04:00:00,user_06,analyst,4,2,1,5,1,18,6,88.0,31,0,14,suspicious_login,1
2026-07-13 12:00:00,user_06,analyst,12,0,1,1,0,16,6,34.73,31,0,9,normal,0
2026-07-21 14:00:00,user_24,employee,14,2,2,2,0,6,7,14.17,11,0,4,normal,0
2026-07-14 13:00:00,user_03,admin,13,0,1,2,0,14,3,23.82,27,2,12,normal,0
2026-07-20 10:00:00,user_18,employee,10,0,1,2,0,6,4,85.07,7,0,3,normal,0
2026-07-22 16:00:00,user_29,employee,16,0,1,1,0,1,1,53.28,7,0,1,normal,0
2026-07-24 06:00:00,user_03,admin,6,0,4,1,0,14,5,49.36,28,5,8,normal,0
2026-07-10 09:00:00,user_11,analyst,9,0,1,1,0,20,2,61.88,39,0,13,normal,0
2026-07-30 13:00:00,user_20,employee,13,0,1,1,0,9,5,46.06,8,0,7,normal,0
2026-07-13 12:00:00,user_20,employee,12,0,1,1,0,3,1,36.57,9,0,2,normal,0
2026-07-28 13:00:00,user_29,employee,13,1,2,1,0,7,3,16.85,6,0,5,normal,0
2026-07-24 13:00:00,user_16,employee,13,0,2,1,0,7,4,14.13,10,0,4,normal,0
2026-07-18 09:00:00,user_23,employee,9,0,1,1,0,11,3,62.19,8,0,9,normal,0
2026-07-14 14:00:00,user_01,admin,14,0,3,1,0,11,4,55.55,29,6,8,normal,0
2026-07-13 10:00:00,user_14,employee,10,0,2,1,0,165,301,4192.06,8,0,149,data_exfiltration,1
2026-07-10 12:00:00,user_20,employee,12,0,1,1,0,7,3,39.33,15,0,5,normal,0
2026-07-02 11:00:00,user_29,employee,11,0,2,1,0,5,2,33.69,4,0,4,normal,0
2026-07-22 15:00:00,user_14,employee,15,0,1,1,0,14,1,84.44,13,0,11,normal,0
2026-07-13 13:00:00,user_06,analyst,13,1,1,1,0,15,4,87.34,42,0,12,normal,0
2026-07-05 08:00:00,user_02,admin,8,0,2,1,0,13,1,23.8,26,1,11,normal,0
2026-07-17 12:00:00,user_04,admin,12,0,2,1,0,14,7,62.93,32,4,8,normal,0
2026-07-18 07:00:00,user_11,analyst,7,1,2,1,0,14,5,26.59,42,0,10,normal,0
2026-07-14 15:00:00,user_07,analyst,15,2,2,1,0,12,2,61.29,27,0,9,normal,0
2026-07-07 14:00:00,user_07,analyst,14,0,3,1,0,12,4,66.13,32,0,10,normal,0
2026-07-26 12:00:00,user_14,employee,12,0,3,1,0,6,2,24.98,7,0,4,normal,0
2026-07-29 11:00:00,user_23,employee,11,2,1,2,0,7,5,33.66,7,0,4,normal,0
2026-07-08 15:00:00,user_18,employee,15,0,2,1,0,9,1,157.43,10,0,8,normal,0
2026-07-21 01:00:00,user_24,employee,1,13,1,8,1,12,81,5129.72,142,8,47,mixed_anomaly,1
2026-07-21 13:00:00,user_09,analyst,13,2,1,1,0,15,4,24.35,43,0,10,normal,0
2026-07-30 15:00:00,user_22,employee,15,0,2,1,0,10,9,47.18,6,0,8,normal,0
2026-07-10 11:00:00,user_10,analyst,11,0,1,1,0,17,5,15.59,43,0,15,normal,0
2026-07-26 13:00:00,user_10,analyst,13,0,3,1,0,13,3,47.91,48,0,10,normal,0
2026-07-21 09:00:00,user_08,analyst,9,0,1,1,0,8,13,23.44,51,0,9,normal,0
2026-07-21 12:00:00,user_04,admin,12,0,1,1,0,9,4,22.88,21,1,8,normal,0
2026-07-06 13:00:00,user_02,admin,13,0,1,1,0,18,4,30.06,25,4,14,normal,0
2026-07-12 11:00:00,user_13,employee,11,1,6,1,0,9,3,23.76,6,0,6,normal,0
2026-07-19 08:00:00,user_19,employee,8,2,2,1,0,6,2,5.2,3,0,3,normal,0
2026-07-24 17:00:00,user_18,employee,17,0,2,1,0,10,3,31.0,6,0,5,normal,0
2026-07-19 10:00:00,user_27,employee,10,0,1,1,0,5,3,34.68,6,0,3,normal,0
2026-07-03 08:00:00,user_16,employee,8,0,1,1,0,6,1,9.32,11,0,5,normal,0
2026-07-08 14:00:00,user_05,analyst,14,0,2,1,0,16,4,91.99,36,0,10,normal,0
2026-07-27 13:00:00,user_02,admin,13,0,1,1,0,13,5,26.44,24,3,10,normal,0
2026-07-10 11:00:00,user_12,analyst,11,0,1,1,0,22,3,54.88,32,0,14,normal,0
2026-07-01 14:00:00,user_01,admin,14,1,1,1,0,9,5,17.77,22,3,6,normal,0
2026-07-01 11:00:00,user_14,employee,11,0,2,1,0,4,2,18.33,5,0,3,normal,0
2026-07-06 09:00:00,user_03,admin,9,0,2,1,0,14,6,78.63,25,2,9,normal,0
2026-07-03 12:00:00,user_10,analyst,12,1,2,2,0,11,5,33.07,35,0,10,normal,0
2026-07-18 16:00:00,user_27,employee,16,2,1,1,0,12,1,42.08,4,0,6,normal,0
2026-07-08 02:00:00,user_22,employee,2,11,3,9,1,11,151,5689.5,214,2,105,mixed_anomaly,1
2026-07-24 12:00:00,user_16,employee,12,0,4,1,0,7,2,78.88,7,0,3,normal,0
2026-07-27 18:00:00,user_07,analyst,18,0,2,1,0,17,5,28.81,37,0,11,normal,0
2026-07-24 13:00:00,user_04,admin,13,1,1,1,0,10,1,7.81,24,5,6,normal,0
2026-07-10 14:00:00,user_01,admin,14,0,1,1,0,11,3,36.83,27,3,10,normal,0
2026-07-08 15:00:00,user_07,analyst,15,0,2,1,0,6,6,27.56,34,0,7,normal,0
2026-07-17 07:00:00,user_06,analyst,7,2,1,1,0,18,5,11.23,37,0,14,normal,0
2026-07-29 16:00:00,user_21,employee,16,2,1,1,0,7,4,34.97,4,0,4,normal,0
2026-07-22 15:00:00,user_10,analyst,15,0,1,1,0,15,5,30.6,44,0,12,normal,0
2026-07-29 10:00:00,user_03,admin,10,0,2,1,0,15,2,60.25,30,4,8,normal,0
2026-07-14 14:00:00,user_16,employee,14,0,1,1,0,6,3,25.6,11,0,5,normal,0
2026-07-04 09:00:00,user_28,employee,9,1,1,1,0,12,2,48.66,5,0,6,normal,0
2026-07-15 08:00:00,user_04,admin,8,0,1,1,0,10,3,17.56,25,3,6,normal,0
2026-07-21 17:00:00,user_10,analyst,17,0,1,1,0,19,3,26.22,45,0,16,normal,0
2026-07-16 15:00:00,user_26,employee,15,2,1,1,0,11,0,43.46,6,0,7,normal,0
2026-07-25 13:00:00,user_13,employee,13,1,1,1,0,9,2,65.49,6,0,7,normal,0
2026-07-08 14:00:00,user_16,employee,14,0,1,1,0,4,2,73.79,9,0,2,normal,0
2026-07-09 10:00:00,user_16,employee,10,1,2,1,0,5,3,12.38,4,0,4,normal,0
2026-07-13 09:00:00,user_29,employee,9,0,1,1,0,5,2,26.04,6,0,4,normal,0
2026-07-22 17:00:00,user_22,employee,17,1,1,1,0,9,3,46.68,307,13,37,privilege_misuse,1
2026-07-01 12:00:00,user_03,admin,12,0,1,1,0,10,2,20.01,31,1,9,normal,0
2026-07-23 17:00:00,user_21,employee,17,1,1,1,0,7,4,4.93,5,0,3,normal,0
2026-07-18 13:00:00,user_18,employee,13,0,2,2,0,8,3,13.67,6,0,5,normal,0
2026-07-26 11:00:00,user_13,employee,11,0,4,1,0,6,4,25.52,3,0,3,normal,0
2026-07-08 11:00:00,user_06,analyst,11,0,1,1,0,17,3,70.06,35,0,14,normal,0
2026-07-01 14:00:00,user_12,analyst,14,0,3,1,0,9,4,36.74,36,0,8,normal,0
2026-07-06 13:00:00,user_29,employee,13,0,1,2,0,9,2,21.64,3,0,4,normal,0
2026-07-04 11:00:00,user_13,employee,11,0,1,2,0,6,3,52.09,9,0,3,normal,0
2026-07-05 10:00:00,user_12,analyst,10,0,4,1,0,13,5,78.45,37,0,9,normal,0
2026-07-15 11:00:00,user_06,analyst,11,1,3,1,0,16,3,95.71,38,0,15,normal,0
2026-07-11 09:00:00,user_15,employee,9,0,1,1,0,9,1,61.91,10,0,7,normal,0
2026-07-10 08:00:00,user_02,admin,8,0,1,2,0,13,4,162.47,16,1,6,normal,0
2026-07-03 12:00:00,user_09,analyst,12,0,1,1,0,13,8,79.1,34,0,9,normal,0
2026-07-17 13:00:00,user_15,employee,13,0,1,1,0,7,2,47.25,9,0,5,normal,0
2026-07-14 13:00:00,user_15,employee,13,0,2,1,0,7,4,14.08,10,0,5,normal,0
2026-07-13 14:00:00,user_09,analyst,14,0,1,1,0,15,3,92.17,30,0,11,normal,0
2026-07-26 06:00:00,user_08,analyst,6,0,1,1,0,15,2,47.58,28,0,8,normal,0
2026-07-08 12:00:00,user_27,employee,12,0,1,1,0,11,1,14.09,7,0,8,normal,0
2026-07-25 14:00:00,user_09,analyst,14,0,1,1,0,13,11,45.37,26,0,8,normal,0
2026-07-11 13:00:00,user_19,employee,13,0,3,1,0,9,5,30.68,10,0,6,normal,0
2026-07-09 12:00:00,user_02,admin,12,0,1,1,0,11,8,7.86,27,2,10,normal,0
2026-07-21 10:00:00,user_05,analyst,10,0,3,1,0,12,6,46.08,35,0,9,normal,0
2026-07-27 13:00:00,user_25,employee,13,1,3,1,0,12,3,22.76,8,0,8,normal,0
2026-07-19 14:00:00,user_23,employee,14,1,1,1,0,11,5,92.07,10,0,6,normal,0
2026-07-22 15:00:00,user_22,employee,15,1,1,1,0,4,5,43.39,7,0,2,normal,0
2026-07-14 11:00:00,user_04,admin,11,0,1,1,1,14,1,44.6,29,2,10,normal,0
2026-07-14 13:00:00,user_03,employee,13,1,2,1,0,12,8,37.25,256,16,28,privilege_misuse,1
2026-07-20 00:00:00,user_26,employee,0,12,1,7,1,12,130,3743.61,452,6,65,mixed_anomaly,1
2026-07-08 20:00:00,user_14,employee,20,0,1,1,0,9,1,12.76,7,0,5,normal,0
2026-07-23 11:00:00,user_25,employee,11,0,1,1,0,3,4,36.03,7,0,2,normal,0
2026-07-24 12:00:00,user_19,employee,12,0,3,1,0,446,307,2458.38,5,0,205,data_exfiltration,1
2026-07-10 10:00:00,user_18,employee,10,0,2,1,0,8,3,34.44,8,0,5,normal,0
2026-07-11 18:00:00,user_02,admin,18,0,1,1,0,6,3,29.42,25,4,6,normal,0
2026-07-10 05:00:00,user_27,employee,5,1,2,4,1,10,4,40.37,10,0,6,suspicious_login,1
2026-07-01 16:00:00,user_27,employee,16,1,1,1,0,5,2,43.92,13,0,3,normal,0
2026-07-10 12:00:00,user_17,employee,12,1,1,1,0,8,1,81.05,12,0,5,normal,0
2026-07-20 12:00:00,user_14,employee,12,0,1,1,0,5,4,108.37,7,0,3,normal,0
2026-07-10 10:00:00,user_18,employee,10,0,1,1,0,15,4,35.24,14,0,12,normal,0
2026-07-15 12:00:00,user_22,employee,12,0,1,1,0,5,3,69.66,9,0,3,normal,0
2026-07-01 13:00:00,user_28,employee,13,0,1,1,0,9,5,9.55,5,0,6,normal,0
2026-07-01 13:00:00,user_30,employee,13,0,1,1,0,13,2,50.23,10,0,6,normal,0
2026-07-12 11:00:00,user_16,employee,11,0,1,1,0,14,5,56.64,11,0,9,normal,0
2026-07-16 12:00:00,user_19,employee,12,0,4,1,0,270,190,8967.24,11,0,182,data_exfiltration,1
2026-07-25 12:00:00,user_16,employee,12,0,1,1,0,4,1,18.76,10,0,3,normal,0
2026-07-12 13:00:00,user_10,analyst,13,3,2,1,0,19,5,95.32,30,0,16,normal,0
2026-07-06 10:00:00,user_03,admin,10,0,2,1,0,5,3,80.02,26,3,5,normal,0
2026-07-06 15:00:00,user_13,employee,15,1,1,1,0,5,2,13.38,5,0,4,normal,0
2026-07-14 12:00:00,user_29,employee,12,0,1,1,0,7,3,42.25,9,0,4,normal,0
2026-07-04 11:00:00,user_28,employee,11,0,3,1,0,10,1,22.04,11,0,8,normal,0
2026-07-09 08:00:00,user_23,employee,8,1,1,1,0,12,2,64.19,8,0,5,normal,0
2026-07-09 00:00:00,user_02,admin,0,16,1,6,1,10,132,5351.97,133,3,93,mixed_anomaly,1
2026-07-15 10:00:00,user_19,employee,10,0,3,1,0,8,2,8.06,10,0,6,normal,0
2026-07-30 18:00:00,user_29,employee,18,0,4,1,0,6,1,103.45,6,0,4,normal,0
2026-07-28 04:00:00,user_17,employee,4,12,1,4,1,7,51,5415.38,428,10,108,mixed_anomaly,1
2026-07-20 13:00:00,user_22,employee,13,0,1,1,0,12,6,26.68,9,0,8,normal,0
2026-07-18 08:00:00,user_20,employee,8,0,2,1,0,13,5,45.56,9,0,8,normal,0
2026-07-16 12:00:00,user_05,analyst,12,0,1,1,0,9,6,77.92,33,0,9,normal,0
2026-07-15 17:00:00,user_04,admin,17,2,1,1,0,11,6,50.46,24,4,9,normal,0
2026-07-24 17:00:00,user_25,employee,17,0,1,1,0,4,3,6.28,11,0,3,normal,0
2026-07-08 12:00:00,user_15,employee,12,0,4,1,0,12,1,13.42,8,0,7,normal,0
2026-07-21 14:00:00,user_06,analyst,14,0,2,1,0,14,7,37.08,44,0,9,normal,0
2026-07-11 11:00:00,user_06,analyst,11,0,1,1,0,17,4,44.14,34,0,15,normal,0
2026-07-30 11:00:00,user_07,analyst,11,1,1,1,0,21,9,68.47,33,0,12,normal,0
2026-07-12 14:00:00,user_26,employee,14,1,2,1,0,392,240,3511.07,6,0,210,data_exfiltration,1
2026-07-20 08:00:00,user_05,analyst,8,0,2,1,0,18,4,55.18,46,0,12,normal,0
2026-07-22 12:00:00,user_02,admin,12,0,2,1,0,8,3,36.39,20,5,5,normal,0
2026-07-19 14:00:00,user_14,employee,14,0,3,1,0,10,3,43.12,7,0,8,normal,0
2026-07-04 12:00:00,user_03,admin,12,2,1,1,0,8,7,69.64,19,1,7,normal,0
2026-07-16 09:00:00,user_22,employee,9,0,1,2,0,9,2,61.38,6,0,6,normal,0
2026-07-24 09:00:00,user_14,employee,9,0,1,2,0,15,3,10.08,8,0,6,normal,0
2026-07-15 15:00:00,user_07,analyst,15,1,1,2,0,8,4,17.88,35,0,7,normal,0
2026-07-15 14:00:00,user_27,employee,14,0,1,1,0,11,3,12.74,9,0,7,normal,0
2026-07-11 15:00:00,user_21,employee,15,0,1,2,0,4,1,23.9,3,0,3,normal,0
2026-07-28 14:00:00,user_05,analyst,14,0,3,1,0,16,6,79.87,24,0,12,normal,0
2026-07-27 08:00:00,user_27,employee,8,0,1,1,0,8,6,14.29,10,0,5,normal,0
2026-07-23 10:00:00,user_20,employee,10,0,3,1,1,8,3,67.28,8,0,5,normal,0
2026-07-18 12:00:00,user_09,analyst,12,0,3,1,0,13,3,53.98,30,0,9,normal,0
2026-07-15 15:00:00,user_11,analyst,15,1,2,2,0,20,6,45.8,36,0,10,normal,0
2026-07-30 16:00:00,user_30,employee,16,0,1,2,0,3,2,58.88,9,0,2,normal,0
2026-07-26 11:00:00,user_24,employee,11,1,2,1,0,4,6,11.77,5,0,2,normal,0
2026-07-09 12:00:00,user_30,employee,12,1,3,1,0,8,4,41.82,11,0,5,normal,0
2026-07-01 14:00:00,user_26,employee,14,1,1,1,0,8,3,11.65,6,0,7,normal,0
2026-07-03 08:00:00,user_03,admin,8,0,5,1,0,14,2,30.97,36,2,12,normal,0
2026-07-29 17:00:00,user_03,admin,17,1,1,1,0,7,3,29.84,35,2,7,normal,0
2026-07-04 04:00:00,user_13,employee,4,12,1,9,1,5,67,3442.09,138,7,103,mixed_anomaly,1
2026-07-28 09:00:00,user_13,employee,9,0,2,1,0,8,0,39.4,8,0,6,normal,0
2026-07-16 12:00:00,user_18,employee,12,0,1,1,0,7,3,65.39,262,21,76,privilege_misuse,1
2026-07-25 15:00:00,user_28,employee,15,1,1,1,0,15,5,141.22,10,0,9,normal,0
2026-07-11 15:00:00,user_09,analyst,15,0,2,1,0,18,3,89.05,32,0,11,normal,0
2026-07-11 14:00:00,user_17,employee,14,0,1,1,0,10,3,54.26,5,0,6,normal,0
2026-07-09 13:00:00,user_15,employee,13,2,1,1,0,9,5,59.31,8,0,4,normal,0
2026-07-05 13:00:00,user_30,employee,13,0,2,2,0,10,4,28.0,12,0,8,normal,0
2026-07-07 18:00:00,user_28,employee,18,1,2,1,0,8,1,11.15,6,0,6,normal,0
2026-07-04 12:00:00,user_01,admin,12,0,1,1,0,6,7,72.71,26,2,7,normal,0
2026-07-17 14:00:00,user_26,employee,14,3,1,1,0,6,5,22.35,9,0,4,normal,0
2026-07-13 03:00:00,user_23,employee,3,11,2,8,1,5,71,1448.23,345,6,83,mixed_anomaly,1
2026-07-15 15:00:00,user_19,employee,15,0,1,1,0,12,4,55.52,13,0,7,normal,0
2026-07-13 16:00:00,user_17,employee,16,0,4,1,0,7,3,13.67,7,0,6,normal,0
2026-07-15 07:00:00,user_26,employee,7,0,2,1,0,9,1,26.1,7,0,7,normal,0
2026-07-07 13:00:00,user_14,employee,13,0,1,1,0,7,2,24.24,16,0,6,normal,0
2026-07-23 11:00:00,user_04,admin,11,1,1,2,0,10,1,17.43,28,2,10,normal,0
2026-07-23 12:00:00,user_14,employee,12,1,3,1,0,9,1,13.53,5,0,7,normal,0
2026-07-06 12:00:00,user_05,analyst,12,0,1,2,0,17,4,37.09,34,0,9,normal,0
2026-07-19 14:00:00,user_05,analyst,14,0,3,2,0,15,2,67.91,33,0,12,normal,0
2026-07-22 01:00:00,user_19,employee,1,16,3,7,1,12,79,4747.76,138,4,40,mixed_anomaly,1
2026-07-16 12:00:00,user_19,employee,12,0,1,1,0,9,1,29.19,5,0,5,normal,0
2026-07-13 08:00:00,user_25,employee,8,1,1,2,0,12,2,60.71,8,0,5,normal,0
2026-07-14 11:00:00,user_04,admin,11,0,1,1,0,16,6,64.7,23,1,13,normal,0
2026-07-29 13:00:00,user_30,employee,13,0,1,1,1,8,4,44.7,10,0,6,normal,0
2026-07-16 13:00:00,user_04,admin,13,0,3,2,0,13,4,43.57,25,4,8,normal,0
2026-07-29 15:00:00,user_19,employee,15,0,3,1,0,5,4,8.48,5,0,4,normal,0
2026-07-16 11:00:00,user_25,employee,11,0,1,1,0,5,2,17.69,10,0,5,normal,0
2026-07-09 13:00:00,user_04,admin,13,0,2,1,0,15,5,16.35,23,4,14,normal,0
2026-07-22 10:00:00,user_26,employee,10,0,2,1,0,16,0,28.72,7,0,10,normal,0
2026-07-21 12:00:00,user_10,analyst,12,1,5,1,0,17,5,19.47,34,0,9,normal,0
2026-07-28 11:00:00,user_28,employee,11,0,1,1,0,7,2,46.48,11,0,6,normal,0
2026-07-01 15:00:00,user_18,employee,15,0,2,1,0,5,3,23.48,5,0,4,normal,0
2026-07-01 10:00:00,user_29,employee,10,0,1,1,0,7,7,1.9,15,0,4,normal,0
2026-07-03 15:00:00,user_12,analyst,15,0,1,1,0,14,2,19.71,32,0,14,normal,0
2026-07-19 14:00:00,user_29,employee,14,0,3,1,0,17,2,45.98,12,0,12,normal,0
2026-07-30 15:00:00,user_14,employee,15,2,1,1,0,7,4,103.75,10,0,4,normal,0
2026-07-18 06:00:00,user_09,analyst,6,0,1,1,0,18,3,47.97,44,0,14,normal,0
2026-07-11 15:00:00,user_13,employee,15,1,1,1,0,7,2,75.21,10,0,4,normal,0
2026-07-06 08:00:00,user_21,employee,8,0,1,1,0,10,4,17.58,7,0,8,normal,0
2026-07-07 11:00:00,user_16,employee,11,0,1,1,0,7,1,41.37,12,0,4,normal,0
2026-07-14 16:00:00,user_19,employee,16,0,1,1,0,5,3,28.95,5,0,3,normal,0
2026-07-07 15:00:00,user_20,employee,15,0,2,1,0,7,3,33.76,9,0,5,normal,0
2026-07-25 09:00:00,user_16,employee,9,1,1,1,0,6,0,3.07,4,0,3,normal,0
2026-07-30 18:00:00,user_02,admin,18,0,2,1,0,12,5,33.13,24,1,7,normal,0
2026-07-30 10:00:00,user_06,analyst,10,1,1,1,0,17,5,40.56,47,0,14,normal,0
2026-07-06 14:00:00,user_09,analyst,14,0,2,1,0,16,8,23.33,49,0,13,normal,0
2026-07-14 10:00:00,user_13,employee,10,2,4,2,0,11,5,2.49,9,0,5,normal,0
2026-07-04 13:00:00,user_05,analyst,13,0,3,1,0,21,5,83.48,34,0,10,normal,0
2026-07-24 17:00:00,user_20,employee,17,0,3,1,0,7,2,18.24,5,0,3,normal,0
2026-07-21 13:00:00,user_20,employee,13,1,3,2,0,10,2,39.74,9,0,8,normal,0
2026-07-27 15:00:00,user_22,employee,15,1,1,1,0,11,4,22.89,5,0,6,normal,0
2026-07-06 14:00:00,user_23,employee,14,0,1,1,0,12,3,40.63,14,0,5,normal,0
2026-07-23 11:00:00,user_13,employee,11,1,4,1,0,11,3,43.42,9,0,8,normal,0
2026-07-05 15:00:00,user_02,admin,15,0,1,1,0,19,4,40.05,24,2,16,normal,0
2026-07-08 10:00:00,user_13,employee,10,0,4,1,0,11,2,11.49,9,0,9,normal,0
2026-07-11 12:00:00,user_29,employee,12,0,1,1,0,9,2,31.55,9,0,4,normal,0
2026-07-25 06:00:00,user_29,employee,6,0,1,2,0,3,3,20.38,228,10,58,privilege_misuse,1
2026-07-02 12:00:00,user_23,employee,12,0,1,1,0,158,171,8074.78,5,0,167,data_exfiltration,1
2026-07-20 17:00:00,user_02,admin,17,1,2,1,0,13,2,37.43,22,1,10,normal,0
2026-07-17 09:00:00,user_24,employee,9,0,2,1,0,12,4,68.78,11,0,8,normal,0
2026-07-21 15:00:00,user_16,employee,15,1,3,1,0,8,3,51.86,10,0,5,normal,0
2026-07-28 17:00:00,user_30,employee,17,0,1,1,0,12,0,23.31,11,0,7,normal,0
2026-07-02 15:00:00,user_09,analyst,15,0,1,1,1,18,4,30.27,28,0,14,normal,0
2026-07-16 11:00:00,user_29,employee,11,0,1,2,0,10,2,11.25,7,0,8,normal,0
2026-07-26 16:00:00,user_12,analyst,16,0,4,1,0,18,4,60.06,34,0,9,normal,0
2026-07-04 15:00:00,user_01,admin,15,0,1,1,0,10,3,36.1,28,1,6,normal,0
2026-07-12 10:00:00,user_11,analyst,10,0,1,1,0,24,10,6.28,34,0,21,normal,0
2026-07-22 11:00:00,user_27,employee,11,0,2,1,0,3,0,45.48,8,0,3,normal,0
2026-07-08 13:00:00,user_26,employee,13,0,1,1,0,4,2,42.21,4,0,2,normal,0
2026-07-14 12:00:00,user_10,analyst,12,1,3,1,0,11,4,30.94,21,0,10,normal,0
2026-07-17 11:00:00,user_10,analyst,11,0,3,1,0,14,6,72.57,27,0,9,normal,0
2026-07-12 15:00:00,user_09,analyst,15,0,2,1,0,20,2,22.72,28,0,15,normal,0
2026-07-16 11:00:00,user_27,employee,11,0,1,1,0,6,2,16.52,14,0,5,normal,0
2026-07-02 16:00:00,user_16,employee,16,0,2,1,0,5,3,55.58,3,0,3,normal,0
2026-07-02 08:00:00,user_28,employee,8,0,1,1,0,7,3,10.31,11,0,6,normal,0
2026-07-11 11:00:00,user_23,employee,11,1,1,2,0,6,4,63.11,8,0,4,normal,0
2026-07-05 12:00:00,user_22,employee,12,0,1,1,0,9,3,1.98,12,0,5,normal,0
2026-07-15 15:00:00,user_04,admin,15,1,2,1,1,10,2,29.64,29,2,9,normal,0
2026-07-28 08:00:00,user_28,employee,8,0,2,1,0,10,1,24.65,6,0,8,normal,0
2026-07-09 08:00:00,user_08,analyst,8,0,1,1,0,13,4,71.55,33,0,11,normal,0
2026-07-04 11:00:00,user_05,analyst,11,1,2,1,0,12,4,26.1,30,0,10,normal,0
2026-07-16 15:00:00,user_10,analyst,15,0,1,1,0,12,10,33.22,33,0,9,normal,0
2026-07-19 10:00:00,user_24,employee,10,4,3,1,0,6,4,12.89,5,0,4,normal,0
2026-07-20 11:00:00,user_15,employee,11,0,3,1,0,6,6,98.9,10,0,5,normal,0
2026-07-01 07:00:00,user_25,employee,7,0,3,1,0,6,5,15.1,6,0,4,normal,0
2026-07-05 16:00:00,user_27,employee,16,0,1,1,0,10,2,13.05,7,0,7,normal,0
2026-07-05 14:00:00,user_11,analyst,14,0,1,1,0,13,8,73.93,34,0,8,normal,0
2026-07-29 17:00:00,user_09,analyst,17,0,1,1,0,15,3,27.45,39,0,15,normal,0
2026-07-25 14:00:00,user_24,employee,14,0,1,1,0,6,1,6.93,4,0,3,normal,0
2026-07-26 10:00:00,user_14,employee,10,0,2,1,0,5,2,22.65,8,0,3,normal,0
2026-07-18 10:00:00,user_20,employee,10,1,2,2,0,15,3,37.35,5,0,7,normal,0
2026-07-24 08:00:00,user_21,employee,8,0,2,1,0,14,4,37.82,12,0,10,normal,0
2026-07-21 08:00:00,user_03,admin,8,0,1,1,0,12,1,37.56,22,1,10,normal,0
2026-07-30 11:00:00,user_07,analyst,11,0,2,1,0,14,4,87.15,41,0,9,normal,0
2026-07-04 15:00:00,user_15,employee,15,0,2,1,0,4,0,29.1,6,0,3,normal,0
2026-07-27 11:00:00,user_07,analyst,11,0,1,1,0,8,7,32.57,37,0,6,normal,0
2026-07-01 14:00:00,user_30,employee,14,0,1,1,0,3,2,25.12,12,0,2,normal,0
2026-07-10 11:00:00,user_27,employee,11,0,4,1,0,11,4,33.51,7,0,5,normal,0
2026-07-02 07:00:00,user_14,employee,7,0,1,1,1,12,0,19.2,9,0,6,normal,0
2026-07-12 11:00:00,user_24,employee,11,2,1,2,0,7,2,17.89,8,0,4,normal,0
2026-07-26 11:00:00,user_16,employee,11,1,2,1,0,8,3,64.82,8,0,7,normal,0
2026-07-05 12:00:00,user_25,employee,12,1,1,1,0,4,4,32.52,7,0,2,normal,0
2026-07-05 10:00:00,user_17,employee,10,0,1,1,0,6,3,25.18,263,6,22,privilege_misuse,1
2026-07-03 12:00:00,user_27,employee,12,0,2,1,0,12,4,25.96,2,0,8,normal,0
2026-07-03 01:00:00,user_02,admin,1,11,1,3,1,15,145,3272.97,363,1,59,mixed_anomaly,1
2026-07-07 17:00:00,user_26,employee,17,1,1,1,0,12,3,10.63,9,0,8,normal,0
2026-07-12 12:00:00,user_06,analyst,12,0,1,1,0,11,5,25.36,40,0,11,normal,0
2026-07-05 09:00:00,user_03,admin,9,0,1,2,0,6,4,58.48,27,1,5,normal,0
2026-07-18 00:00:00,user_10,analyst,0,11,1,5,1,19,151,2634.8,190,9,81,mixed_anomaly,1
2026-07-01 14:00:00,user_13,employee,14,0,1,1,0,137,168,5832.17,7,0,64,data_exfiltration,1
2026-07-08 13:00:00,user_25,employee,13,0,1,1,0,7,1,74.74,8,0,4,normal,0
2026-07-20 13:00:00,user_28,employee,13,0,1,1,0,6,4,10.63,4,0,2,normal,0
2026-07-13 13:00:00,user_17,employee,13,0,1,1,0,6,4,31.11,15,0,5,normal,0
2026-07-28 15:00:00,user_29,employee,15,0,1,1,1,13,1,15.53,7,0,9,normal,0
2026-07-16 11:00:00,user_19,employee,11,0,1,1,0,8,5,29.08,4,0,3,normal,0
2026-07-21 08:00:00,user_01,admin,8,0,3,1,0,9,2,102.81,27,1,9,normal,0
2026-07-07 14:00:00,user_06,analyst,14,0,1,1,0,17,6,199.06,37,0,10,normal,0
2026-07-25 09:00:00,user_07,analyst,9,0,3,1,0,21,4,60.58,48,0,15,normal,0
2026-07-02 10:00:00,user_29,employee,10,1,1,1,0,9,2,20.94,5,0,6,normal,0
2026-07-20 16:00:00,user_27,employee,16,0,1,1,0,10,4,4.41,7,0,5,normal,0
2026-07-16 07:00:00,user_07,analyst,7,1,1,1,0,17,3,136.73,31,0,15,normal,0
2026-07-30 13:00:00,user_27,employee,13,1,2,1,0,7,3,31.66,9,0,3,normal,0
2026-07-04 16:00:00,user_02,admin,16,1,1,1,0,12,2,72.04,29,3,12,normal,0
2026-07-11 09:00:00,user_08,analyst,9,0,1,1,0,11,2,22.95,39,0,11,normal,0
2026-07-06 16:00:00,user_02,admin,16,0,2,2,0,10,4,55.72,23,2,6,normal,0
2026-07-10 14:00:00,user_15,employee,14,0,1,1,0,9,2,67.58,7,0,4,normal,0
2026-07-02 07:00:00,user_02,employee,7,0,5,1,0,9,8,68.07,288,12,57,privilege_misuse,1
2026-07-26 11:00:00,user_23,employee,11,1,1,1,0,11,2,97.9,10,0,8,normal,0
2026-07-20 14:00:00,user_07,analyst,14,2,1,1,0,19,6,75.87,47,0,15,normal,0
2026-07-20 13:00:00,user_09,analyst,13,0,3,1,0,19,7,13.19,40,0,14,normal,0
2026-07-19 04:00:00,user_12,analyst,4,5,1,8,1,12,5,23.99,37,0,10,suspicious_login,1
2026-07-03 11:00:00,user_17,employee,11,0,1,1,0,7,3,37.4,2,0,3,normal,0
2026-07-13 17:00:00,user_13,employee,17,0,1,1,0,8,1,18.32,11,0,7,normal,0
2026-07-21 14:00:00,user_21,employee,14,0,2,1,0,8,3,21.84,9,0,6,normal,0
2026-07-17 07:00:00,user_30,employee,7,0,2,2,0,6,2,67.12,5,0,5,normal,0
2026-07-19 15:00:00,user_04,admin,15,0,2,2,0,11,0,122.11,27,1,10,normal,0
2026-07-24 12:00:00,user_22,employee,12,0,1,1,0,10,1,44.09,7,0,7,normal,0
2026-07-10 13:00:00,user_01,admin,13,1,1,1,0,10,4,113.67,21,0,6,normal,0
2026-07-21 11:00:00,user_08,analyst,11,1,1,1,0,9,8,130.81,24,0,9,normal,0
2026-07-23 13:00:00,user_12,analyst,13,1,1,2,0,24,7,56.23,46,0,21,normal,0
2026-07-02 13:00:00,user_16,employee,13,0,2,1,0,5,2,52.97,8,0,4,normal,0
2026-07-16 14:00:00,user_20,employee,14,1,4,1,0,9,3,13.18,10,0,6,normal,0
2026-07-01 09:00:00,user_15,employee,9,1,1,1,0,5,4,22.15,7,0,3,normal,0
2026-07-22 05:00:00,user_06,analyst,5,5,1,4,1,17,5,207.45,30,0,14,suspicious_login,1
2026-07-22 09:00:00,user_19,employee,9,0,1,1,0,6,5,18.92,6,0,3,normal,0
2026-07-12 12:00:00,user_18,employee,12,0,3,1,0,9,3,70.09,271,7,34,privilege_misuse,1
2026-07-10 11:00:00,user_12,analyst,11,1,1,1,0,14,6,14.57,36,0,9,normal,0
2026-07-28 12:00:00,user_06,analyst,12,0,3,1,0,11,5,120.03,29,0,7,normal,0
2026-07-03 12:00:00,user_27,employee,12,1,2,1,0,4,7,50.45,10,0,4,normal,0
2026-07-10 12:00:00,user_29,employee,12,0,1,1,0,9,2,57.14,10,0,6,normal,0
2026-07-21 11:00:00,user_09,analyst,11,0,1,1,0,8,4,136.18,41,0,9,normal,0
2026-07-12 11:00:00,user_24,employee,11,0,1,1,0,10,1,3.23,3,0,8,normal,0
2026-07-19 08:00:00,user_27,employee,8,0,1,1,0,13,4,12.62,10,0,10,normal,0
2026-07-19 13:00:00,user_23,employee,13,1,3,1,0,7,3,26.43,7,0,5,normal,0
2026-07-12 11:00:00,user_03,employee,11,0,1,1,1,12,1,41.6,327,20,82,privilege_misuse,1
2026-07-14 14:00:00,user_01,admin,14,0,1,1,0,9,8,59.1,27,3,8,normal,0
2026-07-29 10:00:00,user_13,employee,10,0,1,2,0,6,1,24.35,9,0,3,normal,0
2026-07-26 18:00:00,user_02,admin,18,1,2,1,0,14,7,99.82,22,2,9,normal,0
2026-07-20 14:00:00,user_06,analyst,14,0,1,1,0,21,8,58.8,32,0,19,normal,0
2026-07-29 08:00:00,user_28,employee,8,0,1,1,0,7,6,53.98,8,0,4,normal,0
2026-07-02 13:00:00,user_19,employee,13,0,2,1,0,8,3,26.5,6,0,3,normal,0
2026-07-26 16:00:00,user_25,employee,16,0,2,2,0,9,6,13.1,5,0,7,normal,0
2026-07-03 15:00:00,user_07,analyst,15,1,1,1,0,17,4,85.53,31,0,14,normal,0
2026-07-14 10:00:00,user_28,employee,10,0,4,1,0,6,2,22.05,6,0,3,normal,0
2026-07-12 17:00:00,user_08,analyst,17,1,3,1,0,9,5,93.9,32,0,7,normal,0
2026-07-05 13:00:00,user_21,employee,13,0,2,1,0,251,242,4699.87,9,0,133,data_exfiltration,1
2026-07-07 15:00:00,user_22,employee,15,0,1,1,0,4,2,23.16,6,0,2,normal,0
2026-07-28 09:00:00,user_07,analyst,9,1,1,1,0,21,4,58.86,199,20,33,privilege_misuse,1
2026-07-06 10:00:00,user_21,employee,10,2,2,1,0,18,3,38.28,7,0,7,normal,0
2026-07-03 02:00:00,user_14,employee,2,12,1,9,1,9,144,1707.24,160,6,113,mixed_anomaly,1
2026-07-14 09:00:00,user_01,admin,9,0,1,1,0,13,6,11.36,33,2,10,normal,0
2026-07-15 15:00:00,user_28,employee,15,0,3,1,0,7,3,80.94,6,0,4,normal,0
2026-07-02 11:00:00,user_25,employee,11,0,1,1,0,10,4,52.56,9,0,7,normal,0
2026-07-05 18:00:00,user_25,employee,18,0,1,1,0,8,5,27.4,7,0,6,normal,0
2026-07-12 06:00:00,user_22,employee,6,0,1,1,1,8,5,19.3,15,0,4,normal,0
2026-07-04 14:00:00,user_01,admin,14,0,1,1,0,9,5,37.71,19,2,8,normal,0
2026-07-14 11:00:00,user_16,employee,11,1,1,1,0,10,1,62.43,9,0,5,normal,0
2026-07-08 09:00:00,user_30,employee,9,0,2,1,1,279,158,5795.52,10,0,219,data_exfiltration,1
2026-07-07 12:00:00,user_21,employee,12,1,1,2,0,9,4,1.14,9,0,5,normal,0
2026-07-25 14:00:00,user_06,analyst,14,0,1,1,0,13,6,41.75,35,0,10,normal,0
2026-07-02 12:00:00,user_20,employee,12,0,1,1,0,6,2,28.32,7,0,5,normal,0
2026-07-25 11:00:00,user_26,employee,11,10,1,2,1,5,2,45.13,6,0,4,brute_force,1
2026-07-09 19:00:00,user_08,analyst,19,1,2,1,0,12,3,53.12,310,11,47,privilege_misuse,1
2026-07-12 11:00:00,user_20,employee,11,1,1,1,0,9,1,9.23,7,0,4,normal,0
2026-07-09 13:00:00,user_26,employee,13,0,5,1,0,9,1,8.31,8,0,7,normal,0
2026-07-23 14:00:00,user_10,analyst,14,2,1,1,0,21,7,101.92,35,0,11,normal,0
2026-07-09 10:00:00,user_23,employee,10,0,2,1,0,6,1,15.68,11,0,5,normal,0
2026-07-28 12:00:00,user_23,employee,12,1,3,1,0,6,5,26.17,9,0,3,normal,0
2026-07-01 14:00:00,user_21,employee,14,0,2,1,0,6,5,3.33,12,0,6,normal,0
2026-07-02 12:00:00,user_09,analyst,12,2,1,1,0,19,8,93.46,35,0,11,normal,0
2026-07-23 13:00:00,user_14,employee,13,0,1,1,0,9,1,0.59,6,0,6,normal,0
2026-07-29 08:00:00,user_29,employee,8,0,3,1,0,7,5,91.25,4,0,5,normal,0
2026-07-28 09:00:00,user_13,employee,9,0,1,1,0,6,2,35.3,6,0,4,normal,0
2026-07-23 10:00:00,user_28,employee,10,1,1,1,0,10,3,4.91,8,0,7,normal,0
2026-07-01 11:00:00,user_12,analyst,11,1,2,1,0,22,3,22.61,33,0,16,normal,0
2026-07-26 11:00:00,user_15,employee,11,0,1,1,0,10,6,20.1,12,0,5,normal,0
2026-07-29 10:00:00,user_09,analyst,10,1,2,1,0,17,4,71.07,36,0,16,normal,0
2026-07-20 15:00:00,user_07,analyst,15,1,5,1,0,19,5,85.86,30,0,10,normal,0
2026-07-26 14:00:00,user_15,employee,14,0,1,1,0,6,4,91.59,9,0,5,normal,0
2026-07-06 19:00:00,user_10,analyst,19,1,2,1,0,12,6,93.58,34,0,9,normal,0
2026-07-20 15:00:00,user_22,employee,15,0,1,1,0,5,3,64.62,9,0,3,normal,0
2026-07-18 17:00:00,user_17,employee,17,1,1,1,0,6,1,51.68,12,0,4,normal,0
2026-07-15 08:00:00,user_27,employee,8,0,1,1,0,7,6,23.67,9,0,4,normal,0
2026-07-21 12:00:00,user_20,employee,12,0,3,1,0,8,4,28.42,14,0,6,normal,0
2026-07-20 03:00:00,user_13,employee,3,10,1,5,1,8,140,5455.57,162,10,137,mixed_anomaly,1
2026-07-07 14:00:00,user_04,admin,14,1,1,1,0,17,2,62.72,25,6,11,normal,0
2026-07-04 18:00:00,user_01,admin,18,0,1,2,0,12,4,124.22,19,2,9,normal,0
2026-07-08 17:00:00,user_17,employee,17,1,1,1,0,16,3,29.47,8,0,11,normal,0
2026-07-07 11:00:00,user_22,employee,11,0,1,1,1,10,3,20.22,12,0,6,normal,0
2026-07-22 16:00:00,user_27,employee,16,1,1,1,0,15,5,33.5,4,0,9,normal,0
2026-07-26 19:00:00,user_27,employee,19,0,1,1,0,13,1,25.6,9,0,9,normal,0
2026-07-04 13:00:00,user_12,analyst,13,1,1,1,0,18,6,41.67,29,0,14,normal,0
2026-07-15 14:00:00,user_18,employee,14,0,1,1,0,7,0,29.03,5,0,3,normal,0
2026-07-08 12:00:00,user_21,employee,12,1,1,1,0,4,4,24.79,9,0,2,normal,0
2026-07-18 13:00:00,user_20,employee,13,0,3,1,0,10,1,86.79,2,0,4,normal,0
2026-07-15 11:00:00,user_20,employee,11,0,4,1,0,9,1,8.79,225,10,55,privilege_misuse,1
2026-07-28 14:00:00,user_10,analyst,14,0,1,1,0,14,10,45.01,35,0,10,normal,0
2026-07-27 12:00:00,user_22,employee,12,0,2,1,0,5,3,27.3,11,0,5,normal,0
2026-07-25 18:00:00,user_04,admin,18,1,1,1,0,8,3,5.76,29,1,5,normal,0
2026-07-02 15:00:00,user_16,employee,15,0,5,1,0,6,3,32.51,8,0,3,normal,0
2026-07-01 09:00:00,user_03,admin,9,1,2,2,0,10,2,57.6,22,0,8,normal,0
2026-07-05 14:00:00,user_11,analyst,14,0,1,1,0,11,3,48.85,35,0,9,normal,0
2026-07-17 15:00:00,user_09,analyst,15,1,3,2,0,14,7,73.4,38,0,9,normal,0
2026-07-23 11:00:00,user_21,employee,11,0,1,2,0,11,3,44.7,245,9,25,privilege_misuse,1
2026-07-01 13:00:00,user_28,employee,13,0,1,1,0,5,3,61.87,5,0,4,normal,0
2026-07-02 17:00:00,user_09,analyst,17,1,1,2,0,15,8,32.65,39,0,14,normal,0
2026-07-28 13:00:00,user_09,analyst,13,0,2,1,0,15,2,42.6,34,0,9,normal,0
2026-07-13 16:00:00,user_21,employee,16,0,2,1,0,8,6,19.02,11,0,6,normal,0
2026-07-22 12:00:00,user_23,employee,12,0,1,1,1,10,3,13.42,8,0,5,normal,0
2026-07-21 12:00:00,user_29,employee,12,0,1,1,0,8,1,18.41,14,0,6,normal,0
2026-07-14 13:00:00,user_21,employee,13,0,2,1,0,4,2,15.4,9,0,4,normal,0
2026-07-11 11:00:00,user_10,analyst,11,0,1,1,0,20,9,37.84,31,0,15,normal,0
2026-07-02 18:00:00,user_07,analyst,18,0,2,1,0,13,3,37.1,43,0,13,normal,0
2026-07-10 09:00:00,user_05,analyst,9,0,1,1,0,16,3,39.19,41,0,12,normal,0
2026-07-05 14:00:00,user_17,employee,14,1,1,1,0,11,6,68.85,7,0,8,normal,0
2026-07-16 15:00:00,user_25,employee,15,1,1,2,0,8,3,54.55,7,0,5,normal,0
2026-07-13 15:00:00,user_08,analyst,15,15,1,2,1,13,2,72.48,32,0,8,brute_force,1
2026-07-24 13:00:00,user_26,employee,13,1,3,1,0,12,5,7.12,3,0,8,normal,0
2026-07-02 15:00:00,user_28,employee,15,0,1,1,0,7,2,31.86,11,0,6,normal,0
2026-07-17 08:00:00,user_26,employee,8,0,2,1,0,7,2,45.18,13,0,5,normal,0
2026-07-27 11:00:00,user_26,employee,11,1,2,1,0,10,1,36.34,7,0,6,normal,0
2026-07-22 15:00:00,user_20,employee,15,2,1,1,0,7,6,31.33,6,0,5,normal,0
2026-07-30 13:00:00,user_13,employee,13,0,4,1,0,3,0,77.83,285,7,23,privilege_misuse,1
2026-07-12 09:00:00,user_22,employee,9,0,3,1,0,5,2,51.16,7,0,3,normal,0
2026-07-02 10:00:00,user_05,analyst,10,1,1,1,0,10,7,56.19,39,0,9,normal,0
2026-07-24 13:00:00,user_24,employee,13,2,1,2,0,8,3,33.33,6,0,3,normal,0
2026-07-03 16:00:00,user_01,admin,16,1,1,1,0,14,4,37.96,40,0,10,normal,0
2026-07-19 08:00:00,user_21,employee,8,1,2,1,0,7,3,5.58,15,0,6,normal,0
2026-07-20 06:00:00,user_16,employee,6,0,4,1,0,9,8,25.87,10,0,5,normal,0
2026-07-19 06:00:00,user_10,analyst,6,0,4,1,0,20,4,19.23,40,0,11,normal,0
2026-07-21 14:00:00,user_09,analyst,14,0,1,1,0,13,1,77.87,49,0,13,normal,0
2026-07-01 13:00:00,user_30,employee,13,0,1,1,0,7,1,37.51,5,0,5,normal,0
2026-07-02 09:00:00,user_14,employee,9,1,1,1,0,8,3,17.29,10,0,5,normal,0
2026-07-15 10:00:00,user_13,employee,10,0,2,1,0,9,4,55.1,7,0,6,normal,0
2026-07-25 15:00:00,user_13,employee,15,1,3,1,0,5,3,5.68,5,0,3,normal,0
2026-07-19 14:00:00,user_24,employee,14,0,1,1,0,4,4,27.44,15,0,4,normal,0
2026-07-13 14:00:00,user_02,admin,14,0,1,1,0,10,3,85.84,23,3,9,normal,0
2026-07-25 12:00:00,user_19,employee,12,2,2,1,0,10,2,63.33,6,0,8,normal,0
2026-07-08 10:00:00,user_23,employee,10,0,2,1,0,8,2,71.84,7,0,3,normal,0
2026-07-22 11:00:00,user_19,employee,11,0,1,1,0,6,5,45.35,9,0,4,normal,0
2026-07-10 14:00:00,user_27,employee,14,1,1,1,0,14,3,27.53,4,0,7,normal,0
2026-07-24 10:00:00,user_07,analyst,10,0,3,1,1,13,4,115.85,32,0,13,normal,0
2026-07-19 09:00:00,user_11,analyst,9,0,2,1,0,14,5,97.56,36,0,12,normal,0
2026-07-15 12:00:00,user_24,employee,12,1,2,1,0,8,4,6.59,10,0,7,normal,0
2026-07-09 08:00:00,user_23,employee,8,0,4,1,0,11,2,5.08,7,0,5,normal,0
2026-07-11 07:00:00,user_08,analyst,7,0,1,1,0,17,6,110.62,40,0,11,normal,0
2026-07-26 15:00:00,user_22,employee,15,0,1,1,0,7,6,83.53,9,0,5,normal,0
2026-07-29 12:00:00,user_18,employee,12,0,1,1,0,8,4,95.18,9,0,4,normal,0
2026-07-15 17:00:00,user_21,employee,17,0,1,1,0,10,0,36.44,7,0,6,normal,0
2026-07-09 10:00:00,user_26,employee,10,0,1,2,0,18,4,10.89,6,0,8,normal,0
2026-07-17 12:00:00,user_16,employee,12,1,1,1,0,3,4,49.14,11,0,3,normal,0
2026-07-14 16:00:00,user_30,employee,16,0,5,1,0,4,6,52.07,6,0,3,normal,0
2026-07-23 12:00:00,user_22,employee,12,2,1,1,0,7,3,16.74,10,0,4,normal,0
2026-07-15 17:00:00,user_12,analyst,17,2,2,1,0,16,5,1.15,40,0,12,normal,0
2026-07-20 12:00:00,user_17,employee,12,0,1,1,0,9,1,48.52,7,0,6,normal,0
2026-07-13 22:00:00,user_10,analyst,22,0,1,1,0,9,4,48.69,32,0,8,normal,0
2026-07-21 18:00:00,user_28,employee,18,0,5,2,0,15,1,26.34,12,0,6,normal,0
2026-07-13 07:00:00,user_06,analyst,7,1,1,1,0,17,8,55.6,48,0,17,normal,0
2026-07-14 06:00:00,user_27,employee,6,2,1,1,0,7,6,62.75,7,0,4,normal,0
2026-07-02 15:00:00,user_22,employee,15,0,3,2,0,9,0,12.17,10,0,5,normal,0
2026-07-29 08:00:00,user_29,employee,8,1,2,1,0,9,2,80.69,10,0,5,normal,0
2026-07-09 10:00:00,user_18,employee,10,1,1,1,0,7,3,30.78,9,0,4,normal,0
2026-07-05 14:00:00,user_06,analyst,14,0,1,1,0,24,4,44.24,25,0,17,normal,0
2026-07-24 10:00:00,user_10,analyst,10,8,1,1,1,13,3,29.12,38,0,8,brute_force,1
2026-07-07 12:00:00,user_16,employee,12,2,1,1,0,8,6,24.28,7,0,7,normal,0
2026-07-23 11:00:00,user_05,analyst,11,1,1,1,0,17,5,11.89,27,0,15,normal,0
2026-07-07 16:00:00,user_24,employee,16,1,2,2,0,7,3,31.0,15,0,4,normal,0
2026-07-17 11:00:00,user_09,analyst,11,0,3,1,0,10,8,17.94,30,0,8,normal,0
2026-07-18 03:00:00,user_24,employee,3,9,2,6,1,11,78,2199.37,250,8,99,mixed_anomaly,1
2026-07-19 14:00:00,user_25,employee,14,0,1,1,0,9,4,32.21,10,0,4,normal,0
2026-07-22 11:00:00,user_30,employee,11,0,1,1,0,6,1,59.41,7,0,5,normal,0
2026-07-10 18:00:00,user_06,analyst,18,1,1,1,0,14,4,175.98,32,0,8,normal,0
2026-07-10 12:00:00,user_22,employee,12,1,1,2,0,4,2,35.87,7,0,3,normal,0
2026-07-10 09:00:00,user_29,employee,9,0,1,1,0,6,4,42.0,10,0,5,normal,0
2026-07-10 20:00:00,user_11,analyst,20,0,1,1,0,16,2,31.73,24,0,11,normal,0
2026-07-10 15:00:00,user_21,employee,15,0,4,1,0,7,5,83.42,5,0,6,normal,0
2026-07-23 09:00:00,user_03,admin,9,0,2,1,0,17,1,29.72,19,1,14,normal,0
2026-07-03 14:00:00,user_08,analyst,14,0,3,1,0,6,4,37.59,38,0,6,normal,0
2026-07-16 10:00:00,user_12,analyst,10,0,1,1,0,14,6,19.81,48,0,11,normal,0
2026-07-17 16:00:00,user_08,analyst,16,2,2,2,0,19,4,78.21,32,0,17,normal,0
2026-07-14 10:00:00,user_24,employee,10,0,5,1,0,10,2,20.86,8,0,7,normal,0
2026-07-06 15:00:00,user_28,employee,15,0,1,2,0,9,5,79.19,144,12,35,privilege_misuse,1
2026-07-16 18:00:00,user_14,employee,18,0,1,1,0,4,2,18.27,7,0,3,normal,0
2026-07-22 15:00:00,user_26,employee,15,0,1,1,0,14,4,70.63,4,0,10,normal,0
2026-07-09 17:00:00,user_29,employee,17,0,1,1,0,7,5,36.31,11,0,6,normal,0
2026-07-26 13:00:00,user_11,analyst,13,2,1,1,0,12,4,3.56,35,0,10,normal,0
2026-07-19 08:00:00,user_12,analyst,8,2,2,1,0,15,3,68.48,29,0,13,normal,0
2026-07-20 11:00:00,user_09,analyst,11,0,2,1,0,24,5,43.27,42,0,15,normal,0
2026-07-10 14:00:00,user_19,employee,14,1,1,1,0,7,1,25.59,8,0,4,normal,0
2026-07-18 14:00:00,user_10,analyst,14,0,2,1,0,18,1,36.83,38,0,13,normal,0
2026-07-29 07:00:00,user_15,employee,7,0,1,1,0,18,4,22.1,8,0,12,normal,0
2026-07-16 15:00:00,user_28,employee,15,1,1,1,0,5,2,53.04,6,0,4,normal,0
2026-07-17 11:00:00,user_04,admin,11,0,1,1,0,12,0,31.56,29,2,9,normal,0
2026-07-20 08:00:00,user_16,employee,8,0,3,1,0,11,5,21.15,14,0,7,normal,0
2026-07-07 11:00:00,user_02,admin,11,1,2,1,0,11,4,69.4,28,3,7,normal,0
2026-07-01 10:00:00,user_28,employee,10,0,2,1,0,7,2,10.83,10,0,6,normal,0
2026-07-24 12:00:00,user_21,employee,12,0,1,1,0,8,4,27.7,6,0,5,normal,0
2026-07-03 12:00:00,user_19,employee,12,2,2,1,0,7,3,30.54,4,0,4,normal,0
2026-07-18 04:00:00,user_19,employee,4,19,1,4,1,9,178,4540.8,370,10,86,mixed_anomaly,1
2026-07-23 15:00:00,user_03,admin,15,0,1,1,0,12,5,37.58,31,3,12,normal,0
2026-07-10 13:00:00,user_16,employee,13,1,1,2,0,6,3,80.98,9,0,4,normal,0
2026-07-14 13:00:00,user_29,employee,13,0,1,1,0,9,5,20.87,3,0,7,normal,0
2026-07-17 12:00:00,user_07,analyst,12,0,2,1,0,16,1,36.75,31,0,9,normal,0
2026-07-14 17:00:00,user_17,employee,17,0,1,1,0,9,6,30.96,10,0,5,normal,0
2026-07-04 11:00:00,user_04,admin,11,0,1,1,0,13,4,84.81,18,2,8,normal,0
2026-07-14 06:00:00,user_28,employee,6,0,1,1,0,7,4,30.13,7,0,5,normal,0
2026-07-28 13:00:00,user_22,employee,13,0,2,1,0,14,2,60.94,14,0,7,normal,0
2026-07-08 07:00:00,user_13,employee,7,0,1,1,0,12,4,42.1,7,0,5,normal,0
2026-07-11 12:00:00,user_17,employee,12,0,1,1,0,10,1,43.59,13,0,6,normal,0
2026-07-26 12:00:00,user_10,analyst,12,0,1,1,0,17,5,54.82,39,0,9,normal,0
2026-07-03 16:00:00,user_14,employee,16,25,1,2,1,7,3,14.5,12,0,6,brute_force,1
2026-07-07 11:00:00,user_28,employee,11,0,1,1,0,18,3,44.56,8,0,13,normal,0
2026-07-19 11:00:00,user_28,employee,11,0,2,1,0,6,4,23.59,10,0,4,normal,0
2026-07-06 09:00:00,user_05,analyst,9,0,1,2,0,16,5,116.65,31,0,15,normal,0
2026-07-28 08:00:00,user_05,analyst,8,0,1,1,0,18,4,65.33,37,0,16,normal,0
2026-07-08 13:00:00,user_07,analyst,13,0,1,1,0,9,5,8.83,41,0,8,normal,0
2026-07-29 10:00:00,user_11,analyst,10,0,1,1,0,17,3,15.77,33,0,12,normal,0
2026-07-16 15:00:00,user_14,employee,15,0,2,1,0,9,3,43.22,7,0,6,normal,0
2026-07-20 13:00:00,user_19,employee,13,0,2,1,0,4,3,47.16,6,0,2,normal,0
2026-07-30 16:00:00,user_29,employee,16,0,2,1,0,11,6,36.78,12,0,7,normal,0
2026-07-16 17:00:00,user_30,employee,17,0,2,1,0,9,3,54.77,6,0,7,normal,0
2026-07-21 16:00:00,user_15,employee,16,0,2,1,0,8,1,16.87,7,0,5,normal,0
2026-07-21 11:00:00,user_05,analyst,11,0,4,1,0,22,2,98.56,228,7,67,privilege_misuse,1
2026-07-05 09:00:00,user_28,employee,9,1,2,1,0,8,2,40.52,6,0,4,normal,0
2026-07-11 12:00:00,user_23,employee,12,0,1,1,0,4,2,90.62,9,0,2,normal,0
2026-07-23 12:00:00,user_06,analyst,12,0,1,1,0,23,8,40.46,36,0,20,normal,0
2026-07-22 09:00:00,user_25,employee,9,0,1,1,0,7,4,38.11,3,0,6,normal,0
2026-07-15 16:00:00,user_03,admin,16,3,1,1,0,15,3,40.89,16,1,11,normal,0
2026-07-02 11:00:00,user_16,employee,11,0,4,1,0,11,1,44.91,9,0,9,normal,0
2026-07-12 16:00:00,user_11,analyst,16,0,1,2,0,9,6,58.89,29,0,6,normal,0
2026-07-15 15:00:00,user_21,employee,15,0,1,1,0,5,6,24.93,11,0,3,normal,0
2026-07-22 09:00:00,user_06,analyst,9,0,1,1,0,11,5,72.3,40,0,9,normal,0
2026-07-27 12:00:00,user_11,analyst,12,3,1,1,0,21,7,43.74,35,0,11,normal,0
2026-07-28 09:00:00,user_21,employee,9,0,4,1,0,3,2,92.05,8,0,3,normal,0
2026-07-21 14:00:00,user_02,admin,14,0,1,1,0,13,3,5.31,32,1,11,normal,0
2026-07-07 13:00:00,user_01,admin,13,1,1,1,0,19,4,50.74,29,3,14,normal,0
2026-07-02 11:00:00,user_15,employee,11,0,1,1,0,12,9,45.99,9,0,10,normal,0
2026-07-18 13:00:00,user_09,analyst,13,1,2,1,0,11,6,50.16,31,0,11,normal,0
2026-07-25 16:00:00,user_07,analyst,16,1,1,2,0,15,4,82.71,35,0,12,normal,0
2026-07-09 10:00:00,user_25,employee,10,0,2,1,0,8,4,32.1,7,0,4,normal,0
2026-07-19 17:00:00,user_25,employee,17,0,4,1,0,158,215,1991.91,9,0,161,data_exfiltration,1
2026-07-05 09:00:00,user_19,employee,9,0,4,2,0,6,4,7.07,7,0,5,normal,0
2026-07-07 10:00:00,user_25,employee,10,0,2,1,0,14,4,88.03,5,0,9,normal,0
2026-07-01 09:00:00,user_06,analyst,9,1,3,1,0,21,6,62.57,33,0,14,normal,0
2026-07-16 12:00:00,user_16,employee,12,0,1,1,0,8,1,32.57,7,0,4,normal,0
2026-07-24 14:00:00,user_26,employee,14,1,1,1,0,9,3,51.36,6,0,7,normal,0
2026-07-19 17:00:00,user_25,employee,17,1,3,1,0,5,2,9.45,10,0,3,normal,0
2026-07-15 14:00:00,user_25,employee,14,0,1,1,0,6,3,15.17,11,0,5,normal,0
2026-07-13 16:00:00,user_03,admin,16,0,1,2,0,16,3,17.23,33,1,12,normal,0
2026-07-22 11:00:00,user_05,analyst,11,1,2,1,0,18,9,71.57,40,0,16,normal,0
2026-07-07 15:00:00,user_20,employee,15,0,2,1,0,10,2,28.33,4,0,8,normal,0
2026-07-22 15:00:00,user_14,employee,15,2,1,1,0,5,1,16.79,6,0,3,normal,0
2026-07-30 13:00:00,user_21,employee,13,2,2,2,0,9,4,35.23,11,0,8,normal,0
2026-07-03 12:00:00,user_14,employee,12,0,1,1,0,10,2,31.62,8,0,8,normal,0
2026-07-09 15:00:00,user_13,employee,15,0,3,1,0,9,1,42.89,7,0,5,normal,0
2026-07-26 12:00:00,user_14,employee,12,0,3,1,0,5,3,55.4,9,0,3,normal,0
2026-07-14 19:00:00,user_16,employee,19,0,1,1,0,12,2,23.68,4,0,9,normal,0
2026-07-15 16:00:00,user_13,employee,16,1,1,1,0,11,3,9.91,11,0,9,normal,0
2026-07-30 12:00:00,user_01,admin,12,22,0,4,1,17,2,42.38,19,1,13,brute_force,1
2026-07-24 13:00:00,user_18,employee,13,1,2,1,0,7,3,17.42,6,0,4,normal,0
2026-07-10 10:00:00,user_07,analyst,10,0,1,1,0,11,3,36.04,38,0,10,normal,0
2026-07-23 10:00:00,user_24,employee,10,0,1,1,0,6,8,57.35,9,0,4,normal,0
2026-07-07 12:00:00,user_12,analyst,12,0,2,1,0,10,1,53.93,42,0,8,normal,0
2026-07-17 16:00:00,user_01,admin,16,0,1,1,0,9,5,60.55,23,0,7,normal,0
2026-07-26 13:00:00,user_29,employee,13,2,2,1,0,6,5,17.43,4,0,3,normal,0
2026-07-29 00:00:00,user_11,analyst,0,16,3,3,1,12,68,5253.4,191,2,76,mixed_anomaly,1
2026-07-04 12:00:00,user_07,analyst,12,0,2,1,0,16,6,46.85,40,0,11,normal,0
2026-07-03 14:00:00,user_01,admin,14,0,1,1,1,9,4,43.38,25,0,5,normal,0
2026-07-21 08:00:00,user_22,employee,8,1,2,2,0,6,1,23.4,8,0,3,normal,0
2026-07-05 14:00:00,user_01,admin,14,0,2,1,0,15,3,58.7,25,2,11,normal,0
2026-07-22 09:00:00,user_21,employee,9,2,2,1,0,7,3,45.16,9,0,5,normal,0
2026-07-13 19:00:00,user_24,employee,19,0,1,2,0,9,5,95.54,8,0,4,normal,0
2026-07-02 15:00:00,user_08,analyst,15,0,2,1,0,14,8,45.98,19,0,12,normal,0
2026-07-27 12:00:00,user_08,analyst,12,0,2,1,0,18,7,21.95,104,13,77,privilege_misuse,1
2026-07-15 13:00:00,user_10,analyst,13,0,1,1,0,18,5,114.28,35,0,15,normal,0
2026-07-03 12:00:00,user_05,analyst,12,1,1,1,0,10,4,20.98,39,0,8,normal,0
2026-07-08 11:00:00,user_04,admin,11,0,1,1,0,11,1,65.57,34,4,11,normal,0
2026-07-10 17:00:00,user_13,employee,17,0,1,1,0,12,4,11.27,9,0,8,normal,0
2026-07-29 03:00:00,user_17,employee,3,14,1,8,1,5,160,2794.71,154,3,111,mixed_anomaly,1
2026-07-20 12:00:00,user_10,analyst,12,0,3,1,0,13,4,109.56,25,0,9,normal,0
2026-07-16 09:00:00,user_06,analyst,9,0,2,2,0,14,6,69.51,35,0,12,normal,0
2026-07-18 14:00:00,user_03,admin,14,0,1,1,0,12,2,88.93,30,4,10,normal,0
2026-07-05 14:00:00,user_27,employee,14,22,1,2,1,9,3,6.25,11,0,6,brute_force,1
2026-07-29 14:00:00,user_10,analyst,14,0,1,1,0,12,5,19.83,171,13,80,privilege_misuse,1
2026-07-15 14:00:00,user_15,employee,14,0,1,1,0,6,2,55.3,11,0,5,normal,0
2026-07-17 04:00:00,user_24,employee,4,11,1,4,1,7,129,2571.09,213,5,151,mixed_anomaly,1
2026-07-26 15:00:00,user_20,employee,15,0,3,1,0,9,3,39.03,2,0,5,normal,0
2026-07-01 08:00:00,user_17,employee,8,0,2,1,0,11,3,64.12,12,0,5,normal,0
2026-07-22 14:00:00,user_11,analyst,14,1,1,1,0,13,3,41.66,37,0,12,normal,0
2026-07-04 14:00:00,user_14,employee,14,0,3,1,0,6,1,57.25,7,0,3,normal,0
2026-07-28 12:00:00,user_29,employee,12,0,3,2,1,8,4,34.29,5,0,7,normal,0
2026-07-08 17:00:00,user_22,employee,17,2,3,1,0,9,1,40.49,13,0,7,normal,0
2026-07-16 15:00:00,user_05,analyst,15,0,2,1,0,16,5,42.0,31,0,11,normal,0
2026-07-18 07:00:00,user_11,analyst,7,1,2,1,0,13,6,21.27,28,0,11,normal,0
2026-07-04 16:00:00,user_29,employee,16,0,2,2,0,7,2,4.84,11,0,4,normal,0
2026-07-12 16:00:00,user_16,employee,16,0,2,1,0,9,5,28.68,5,0,6,normal,0
2026-07-10 12:00:00,user_12,analyst,12,0,1,1,0,11,8,73.75,28,0,8,normal,0
2026-07-07 11:00:00,user_25,employee,11,2,1,1,0,8,3,6.96,12,0,7,normal,0
2026-07-11 12:00:00,user_07,analyst,12,1,1,1,0,11,5,36.87,40,0,9,normal,0
2026-07-21 09:00:00,user_06,analyst,9,0,1,1,0,19,4,29.07,41,0,18,normal,0
2026-07-20 13:00:00,user_30,employee,13,0,2,1,0,8,3,38.67,6,0,5,normal,0
2026-07-22 13:00:00,user_30,employee,13,1,2,1,0,7,4,26.13,5,0,5,normal,0
2026-07-10 10:00:00,user_26,employee,10,0,1,1,0,6,3,44.45,6,0,4,normal,0
2026-07-22 06:00:00,user_13,employee,6,0,1,1,0,10,0,15.87,11,0,9,normal,0
2026-07-04 12:00:00,user_01,admin,12,0,1,1,0,12,3,21.38,20,1,10,normal,0
2026-07-26 16:00:00,user_08,analyst,16,0,3,1,0,10,6,76.15,34,0,10,normal,0
2026-07-19 07:00:00,user_08,analyst,7,0,1,1,0,16,0,45.26,40,0,11,normal,0
2026-07-16 15:00:00,user_24,employee,15,0,3,1,0,224,161,5237.66,4,0,209,data_exfiltration,1
2026-07-03 08:00:00,user_07,analyst,8,0,1,1,0,16,7,84.93,33,0,10,normal,0
2026-07-21 15:00:00,user_24,employee,15,0,3,1,0,6,3,83.15,3,0,4,normal,0
2026-07-03 18:00:00,user_01,admin,18,0,4,1,0,12,2,60.42,21,1,11,normal,0
2026-07-20 14:00:00,user_19,employee,14,0,1,1,0,8,3,63.69,3,0,6,normal,0
2026-07-07 17:00:00,user_17,employee,17,0,1,1,0,5,4,23.27,8,0,3,normal,0
2026-07-03 10:00:00,user_06,analyst,10,0,2,1,0,15,8,23.73,24,0,10,normal,0
2026-07-25 15:00:00,user_04,admin,15,0,1,1,0,7,6,86.27,30,4,6,normal,0
2026-07-07 10:00:00,user_12,analyst,10,0,2,1,0,20,4,33.56,30,0,16,normal,0
2026-07-27 18:00:00,user_23,employee,18,0,1,1,0,9,4,20.51,9,0,5,normal,0
2026-07-01 10:00:00,user_21,employee,10,0,3,2,1,7,2,17.13,7,0,6,normal,0
2026-07-19 14:00:00,user_26,employee,14,0,1,1,0,12,2,73.49,5,0,8,normal,0
2026-07-16 12:00:00,user_02,admin,12,2,1,1,0,7,6,72.49,24,1,7,normal,0
2026-07-01 08:00:00,user_13,employee,8,1,3,1,0,7,2,24.82,13,0,7,normal,0
2026-07-06 13:00:00,user_29,employee,13,1,1,1,0,6,6,67.1,12,0,4,normal,0
2026-07-26 17:00:00,user_21,employee,17,0,2,1,0,15,2,127.37,328,23,67,privilege_misuse,1
2026-07-21 13:00:00,user_25,employee,13,0,3,1,0,8,1,8.25,10,0,4,normal,0
2026-07-29 12:00:00,user_18,employee,12,0,3,1,0,7,3,66.54,4,0,6,normal,0
2026-07-13 14:00:00,user_20,employee,14,1,1,1,0,10,2,19.14,10,0,7,normal,0
2026-07-01 02:00:00,user_02,admin,2,11,4,3,1,11,133,2978.16,104,3,171,mixed_anomaly,1
2026-07-15 09:00:00,user_02,admin,9,0,1,1,0,14,1,22.2,18,2,8,normal,0
2026-07-12 09:00:00,user_22,employee,9,19,1,4,1,9,1,44.98,9,0,6,brute_force,1
2026-07-07 19:00:00,user_21,employee,19,12,1,1,0,6,2,16.51,8,0,5,brute_force,1
2026-07-07 13:00:00,user_02,admin,13,0,3,1,0,11,3,15.25,23,2,7,normal,0
2026-07-01 16:00:00,user_23,employee,16,0,1,1,0,13,1,7.62,12,0,7,normal,0
2026-07-14 12:00:00,user_04,admin,12,0,1,1,0,6,5,27.25,23,2,6,normal,0
2026-07-27 14:00:00,user_14,employee,14,0,5,1,0,6,3,52.38,10,0,4,normal,0
2026-07-24 13:00:00,user_15,employee,13,0,1,1,0,9,3,14.4,10,0,6,normal,0
2026-07-27 12:00:00,user_13,employee,12,1,2,1,0,8,2,16.91,5,0,4,normal,0
2026-07-01 12:00:00,user_04,admin,12,0,1,1,0,16,3,44.24,30,3,15,normal,0
2026-07-10 12:00:00,user_18,employee,12,0,1,1,0,6,1,20.21,7,0,4,normal,0
2026-07-05 15:00:00,user_09,analyst,15,0,1,1,0,15,2,7.55,31,0,8,normal,0
2026-07-15 11:00:00,user_16,employee,11,0,1,1,0,364,96,1519.33,11,0,50,data_exfiltration,1
2026-07-05 14:00:00,user_07,analyst,14,0,2,1,0,10,6,18.02,35,0,9,normal,0
2026-07-21 15:00:00,user_23,employee,15,0,1,1,0,9,1,64.01,10,0,6,normal,0
2026-07-01 13:00:00,user_22,employee,13,1,2,1,0,11,2,21.73,7,0,5,normal,0
2026-07-30 16:00:00,user_21,employee,16,0,1,1,0,9,0,41.29,10,0,4,normal,0
2026-07-19 08:00:00,user_01,admin,8,0,1,1,0,10,4,19.78,28,0,10,normal,0
2026-07-01 14:00:00,user_10,analyst,14,1,1,1,0,11,4,61.41,32,0,7,normal,0
2026-07-02 07:00:00,user_14,employee,7,0,1,1,0,11,4,62.71,9,0,9,normal,0
2026-07-17 10:00:00,user_22,employee,10,0,2,1,0,7,2,42.13,11,0,4,normal,0
2026-07-04 10:00:00,user_04,admin,10,0,1,1,0,8,3,22.95,20,3,8,normal,0
2026-07-16 15:00:00,user_22,employee,15,1,1,1,0,11,1,47.73,5,0,7,normal,0
2026-07-23 14:00:00,user_17,employee,14,1,1,2,0,10,3,30.77,4,0,7,normal,0
2026-07-14 08:00:00,user_09,analyst,8,0,1,1,0,14,3,37.88,31,0,13,normal,0
2026-07-05 15:00:00,user_20,employee,15,0,2,1,0,7,3,43.37,14,0,5,normal,0
2026-07-24 14:00:00,user_20,employee,14,0,1,1,0,9,4,37.53,7,0,5,normal,0
2026-07-16 10:00:00,user_23,employee,10,0,1,1,0,10,2,45.63,15,0,6,normal,0
2026-07-17 06:00:00,user_05,analyst,6,0,1,2,0,13,3,87.9,38,0,13,normal,0
2026-07-24 12:00:00,user_14,employee,12,0,1,1,0,7,4,109.42,9,0,6,normal,0
2026-07-18 12:00:00,user_27,employee,12,18,1,3,1,7,3,7.65,10,0,6,brute_force,1
2026-07-11 12:00:00,user_17,employee,12,1,1,1,0,7,5,24.99,8,0,4,normal,0
2026-07-25 08:00:00,user_24,employee,8,0,1,1,0,10,2,16.15,9,0,8,normal,0
2026-07-12 18:00:00,user_20,employee,18,1,1,1,0,9,0,53.14,12,0,7,normal,0
2026-07-09 16:00:00,user_04,admin,16,0,2,1,0,13,10,35.17,27,2,9,normal,0
2026-07-06 16:00:00,user_10,analyst,16,1,2,1,0,12,4,26.95,27,0,9,normal,0
2026-07-18 12:00:00,user_04,admin,12,1,1,1,1,16,5,100.11,23,7,12,normal,0
2026-07-10 11:00:00,user_26,employee,11,27,0,4,1,10,4,9.23,5,0,5,brute_force,1
2026-07-17 13:00:00,user_16,employee,13,0,3,1,0,5,6,12.98,10,0,3,normal,0
2026-07-21 15:00:00,user_07,analyst,15,1,1,1,0,19,7,69.32,36,0,13,normal,0
2026-07-22 13:00:00,user_20,employee,13,0,1,1,0,11,0,19.95,9,0,7,normal,0
2026-07-22 12:00:00,user_07,analyst,12,1,1,1,0,21,3,55.56,38,0,12,normal,0
2026-07-12 11:00:00,user_25,employee,11,1,1,1,0,9,1,76.32,7,0,6,normal,0
2026-07-04 01:00:00,user_09,analyst,1,9,1,9,1,13,123,2925.26,377,8,48,mixed_anomaly,1
2026-07-20 15:00:00,user_07,analyst,15,0,2,2,0,17,7,106.49,32,0,15,normal,0
2026-07-23 10:00:00,user_12,analyst,10,1,1,1,0,18,3,75.37,36,0,12,normal,0
2026-07-14 16:00:00,user_23,employee,16,0,1,1,0,7,1,26.65,11,0,6,normal,0
2026-07-13 11:00:00,user_14,employee,11,0,3,1,0,7,7,18.36,11,0,4,normal,0
2026-07-20 15:00:00,user_10,analyst,15,0,1,1,0,19,2,74.76,38,0,12,normal,0
2026-07-06 13:00:00,user_06,analyst,13,0,2,2,0,14,1,40.46,36,0,12,normal,0
2026-07-26 10:00:00,user_02,admin,10,0,5,1,0,13,4,40.3,21,0,7,normal,0
2026-07-07 15:00:00,user_18,employee,15,0,2,2,0,8,3,24.67,10,0,5,normal,0
2026-07-05 16:00:00,user_16,employee,16,1,3,1,0,4,4,22.88,11,0,3,normal,0
2026-07-02 09:00:00,user_30,employee,9,0,2,1,0,6,4,73.86,9,0,4,normal,0
2026-07-09 11:00:00,user_07,analyst,11,0,2,1,0,15,5,34.54,28,0,12,normal,0
2026-07-06 15:00:00,user_23,employee,15,0,1,1,0,8,5,38.45,9,0,5,normal,0
2026-07-29 11:00:00,user_30,employee,11,0,2,1,0,13,1,15.22,7,0,6,normal,0
2026-07-17 15:00:00,user_16,employee,15,0,4,1,0,8,3,34.59,12,0,6,normal,0
2026-07-02 12:00:00,user_11,analyst,12,2,1,1,0,21,4,40.55,36,0,11,normal,0
2026-07-18 14:00:00,user_08,analyst,14,0,1,1,0,13,5,90.96,31,0,10,normal,0
2026-07-05 12:00:00,user_01,admin,12,1,1,1,0,10,3,25.47,35,3,9,normal,0
2026-07-15 09:00:00,user_01,admin,9,0,2,1,0,9,3,19.82,28,5,9,normal,0
2026-07-14 12:00:00,user_22,employee,12,0,2,1,0,9,6,72.11,7,0,7,normal,0
2026-07-11 15:00:00,user_03,admin,15,0,4,1,0,13,6,129.15,26,1,10,normal,0
2026-07-08 13:00:00,user_30,employee,13,14,0,3,1,11,7,18.1,4,0,9,brute_force,1
2026-07-08 07:00:00,user_27,employee,7,0,3,1,0,7,4,14.94,10,0,5,normal,0
2026-07-28 14:00:00,user_19,employee,14,0,2,1,0,8,1,16.14,7,0,4,normal,0
2026-07-11 11:00:00,user_22,employee,11,0,3,1,0,12,4,44.76,5,0,6,normal,0
2026-07-19 14:00:00,user_16,employee,14,0,1,1,1,6,2,21.18,12,0,4,normal,0
2026-07-24 13:00:00,user_05,analyst,13,0,3,1,0,12,1,137.5,34,0,10,normal,0
2026-07-14 15:00:00,user_03,admin,15,1,1,1,0,11,5,82.18,23,2,6,normal,0
2026-07-15 11:00:00,user_25,employee,11,0,1,2,0,11,2,33.77,8,0,8,normal,0
2026-07-11 12:00:00,user_17,employee,12,1,2,1,0,4,0,31.07,7,0,3,normal,0
2026-07-25 13:00:00,user_03,admin,13,0,3,1,0,12,5,51.68,29,0,7,normal,0
2026-07-28 15:00:00,user_24,employee,15,1,1,1,0,8,2,12.68,9,0,6,normal,0
2026-07-28 12:00:00,user_24,employee,12,21,1,1,1,5,0,10.02,7,0,4,brute_force,1
2026-07-29 18:00:00,user_29,employee,18,0,2,1,1,12,8,110.54,9,0,8,normal,0
2026-07-23 07:00:00,user_09,analyst,7,0,1,1,0,10,2,36.84,35,0,9,normal,0
2026-07-18 10:00:00,user_21,employee,10,0,2,1,0,10,5,35.49,14,0,5,normal,0
2026-07-18 09:00:00,user_08,analyst,9,0,1,2,0,13,6,5.3,36,0,10,normal,0
2026-07-09 15:00:00,user_15,employee,15,0,2,1,0,6,1,15.59,10,0,5,normal,0
2026-07-22 14:00:00,user_10,analyst,14,0,1,1,0,10,9,82.86,42,0,9,normal,0
2026-07-12 12:00:00,user_09,analyst,12,0,2,1,0,14,3,65.7,34,0,13,normal,0
2026-07-01 17:00:00,user_15,employee,17,0,1,1,0,8,2,31.82,4,0,6,normal,0
2026-07-26 12:00:00,user_02,admin,12,1,2,1,0,13,3,44.25,28,5,9,normal,0
2026-07-04 11:00:00,user_04,admin,11,0,2,1,0,12,4,87.42,25,5,8,normal,0
2026-07-13 12:00:00,user_27,employee,12,2,1,1,0,13,1,135.78,5,0,10,normal,0
2026-07-26 12:00:00,user_06,analyst,12,1,1,2,0,17,4,16.88,31,0,9,normal,0
2026-07-07 12:00:00,user_28,employee,12,13,0,4,1,3,2,10.21,8,0,2,brute_force,1
2026-07-13 21:00:00,user_28,employee,21,0,1,1,0,10,3,53.09,10,0,4,normal,0
2026-07-20 13:00:00,user_10,analyst,13,0,4,1,0,12,2,19.95,34,0,12,normal,0
2026-07-24 11:00:00,user_12,analyst,11,0,1,1,0,14,6,77.93,37,0,13,normal,0
2026-07-26 12:00:00,user_26,employee,12,1,2,1,0,7,4,52.43,9,0,6,normal,0
2026-07-11 16:00:00,user_22,employee,16,0,1,1,0,4,4,109.08,7,0,3,normal,0
2026-07-30 12:00:00,user_11,analyst,12,0,4,1,0,15,1,41.54,27,0,13,normal,0
2026-07-26 11:00:00,user_14,employee,11,1,1,1,0,4,2,38.92,6,0,3,normal,0
2026-07-20 19:00:00,user_24,employee,19,1,1,1,0,8,4,13.92,14,0,5,normal,0
2026-07-30 13:00:00,user_04,admin,13,0,2,1,0,13,5,39.17,25,1,8,normal,0
2026-07-10 09:00:00,user_04,admin,9,0,1,1,0,8,5,47.94,29,4,5,normal,0
2026-07-02 08:00:00,user_28,employee,8,2,1,1,0,4,5,32.57,10,0,4,normal,0
2026-07-08 11:00:00,user_25,employee,11,26,0,3,1,8,8,4.86,8,0,6,brute_force,1
2026-07-29 07:00:00,user_01,admin,7,1,3,1,0,8,2,13.55,36,2,9,normal,0
2026-07-17 13:00:00,user_28,employee,13,0,3,1,0,7,2,55.07,6,0,3,normal,0
2026-07-18 08:00:00,user_05,analyst,8,1,1,1,0,17,5,110.66,31,0,10,normal,0
2026-07-04 15:00:00,user_22,employee,15,0,1,1,0,408,131,1572.88,6,0,158,data_exfiltration,1
2026-07-07 15:00:00,user_11,analyst,15,0,1,1,0,17,10,35.98,24,0,15,normal,0
2026-07-02 17:00:00,user_12,analyst,17,0,1,1,0,12,4,99.82,34,0,9,normal,0
2026-07-27 02:00:00,user_29,employee,2,2,3,8,1,10,5,25.89,6,0,7,suspicious_login,1
2026-07-24 13:00:00,user_20,employee,13,0,1,1,0,8,2,50.04,8,0,6,normal,0
2026-07-05 12:00:00,user_09,analyst,12,0,2,1,0,18,4,45.49,29,0,13,normal,0
2026-07-11 13:00:00,user_29,employee,13,0,1,1,0,7,7,63.45,8,0,5,normal,0
2026-07-12 06:00:00,user_24,employee,6,1,2,1,1,6,5,45.1,9,0,5,normal,0
2026-07-06 10:00:00,user_03,admin,10,0,1,2,0,15,1,77.35,30,1,8,normal,0
2026-07-15 10:00:00,user_12,analyst,10,0,1,1,0,13,4,13.21,35,0,10,normal,0
2026-07-28 12:00:00,user_27,employee,12,0,3,1,0,9,6,92.9,3,0,5,normal,0
2026-07-10 18:00:00,user_11,analyst,18,0,2,1,0,20,7,22.42,28,0,18,normal,0
2026-07-19 09:00:00,user_06,analyst,9,2,1,1,0,12,8,107.07,38,0,11,normal,0
2026-07-25 15:00:00,user_04,admin,15,0,1,2,0,17,7,21.88,23,1,9,normal,0
2026-07-24 06:00:00,user_13,employee,6,0,1,1,0,10,2,9.23,15,0,8,normal,0
2026-07-03 11:00:00,user_13,employee,11,2,2,1,0,10,3,7.14,8,0,5,normal,0
2026-07-21 14:00:00,user_15,employee,14,2,2,1,0,5,8,38.97,7,0,4,normal,0
2026-07-19 12:00:00,user_09,analyst,12,1,1,1,0,15,3,57.8,27,0,13,normal,0
2026-07-15 13:00:00,user_27,employee,13,2,1,2,0,9,3,26.38,8,0,6,normal,0
2026-07-27 14:00:00,user_13,employee,14,2,2,1,0,11,2,18.41,12,0,7,normal,0
2026-07-28 12:00:00,user_23,employee,12,1,1,1,0,7,1,44.03,6,0,6,normal,0
2026-07-16 11:00:00,user_28,employee,11,0,1,2,0,11,6,42.96,4,0,7,normal,0
2026-07-02 13:00:00,user_16,employee,13,0,6,1,0,10,6,12.26,14,0,5,normal,0
2026-07-11 10:00:00,user_26,employee,10,0,2,1,1,5,5,20.74,3,0,2,normal,0
2026-07-14 08:00:00,user_14,employee,8,0,3,1,0,7,3,33.55,5,0,4,normal,0
2026-07-30 13:00:00,user_21,employee,13,0,2,1,0,13,2,108.07,5,0,7,normal,0
2026-07-25 14:00:00,user_29,employee,14,1,3,1,0,12,2,14.15,5,0,9,normal,0
2026-07-04 11:00:00,user_26,employee,11,0,1,1,0,12,8,11.13,9,0,10,normal,0
2026-07-25 13:00:00,user_06,analyst,13,0,1,1,0,8,5,26.35,35,0,6,normal,0
2026-07-06 15:00:00,user_04,admin,15,0,1,2,0,13,0,123.96,19,1,7,normal,0
2026-07-15 15:00:00,user_05,analyst,15,0,2,1,0,13,1,120.03,31,0,11,normal,0
2026-07-27 06:00:00,user_23,employee,6,12,0,1,0,2,4,2.36,15,0,2,brute_force,1
2026-07-04 07:00:00,user_28,employee,7,1,1,1,0,11,1,44.23,7,0,5,normal,0
2026-07-01 15:00:00,user_06,analyst,15,27,1,2,1,15,5,8.35,33,0,13,brute_force,1
2026-07-29 13:00:00,user_14,employee,13,0,1,1,0,15,5,43.83,8,0,10,normal,0
2026-07-01 03:00:00,user_30,employee,3,17,1,7,1,10,95,3173.29,349,2,74,mixed_anomaly,1
2026-07-30 15:00:00,user_16,employee,15,1,1,1,0,8,6,0.92,3,0,6,normal,0
2026-07-23 15:00:00,user_26,employee,15,0,1,1,0,8,1,30.65,5,0,6,normal,0
2026-07-02 11:00:00,user_19,employee,11,1,2,1,0,6,4,14.86,6,0,5,normal,0
2026-07-05 13:00:00,user_22,employee,13,0,3,1,0,5,3,5.36,8,0,2,normal,0
2026-07-11 16:00:00,user_15,employee,16,0,1,1,0,324,310,2608.26,7,0,186,data_exfiltration,1
2026-07-03 14:00:00,user_20,employee,14,0,2,1,0,5,2,4.92,8,0,2,normal,0
2026-07-07 12:00:00,user_13,employee,12,0,2,1,0,10,1,36.74,8,0,7,normal,0
2026-07-05 13:00:00,user_25,employee,13,0,1,1,0,12,2,29.23,8,0,7,normal,0
2026-07-18 11:00:00,user_12,analyst,11,1,1,1,0,19,7,47.51,39,0,11,normal,0
2026-07-23 15:00:00,user_20,employee,15,22,1,4,1,7,5,26.52,10,0,5,brute_force,1
2026-07-05 13:00:00,user_28,employee,13,0,1,1,0,5,7,8.56,6,0,3,normal,0
2026-07-13 13:00:00,user_22,employee,13,0,1,1,0,8,1,49.49,10,0,4,normal,0
2026-07-30 10:00:00,user_29,employee,10,1,1,2,0,6,2,65.76,11,0,4,normal,0
2026-07-14 12:00:00,user_27,employee,12,0,6,1,0,378,292,5214.03,8,0,82,data_exfiltration,1
2026-07-14 17:00:00,user_16,employee,17,1,1,1,0,3,3,55.22,11,0,2,normal,0
2026-07-17 15:00:00,user_30,employee,15,1,2,1,0,8,6,22.35,5,0,6,normal,0
2026-07-23 18:00:00,user_16,employee,18,1,1,1,0,13,1,14.83,6,0,10,normal,0
2026-07-09 14:00:00,user_04,admin,14,0,1,1,0,13,5,17.1,29,1,8,normal,0
2026-07-12 10:00:00,user_29,employee,10,0,3,1,0,9,4,24.45,6,0,6,normal,0
2026-07-04 18:00:00,user_14,employee,18,0,1,2,0,12,3,9.4,7,0,8,normal,0
2026-07-02 13:00:00,user_15,employee,13,1,2,1,0,5,3,113.18,8,0,3,normal,0
2026-07-06 13:00:00,user_02,admin,13,0,3,1,0,14,6,21.91,20,2,13,normal,0
2026-07-01 12:00:00,user_03,admin,12,0,1,1,0,10,7,43.86,31,2,8,normal,0
2026-07-02 15:00:00,user_09,analyst,15,0,1,1,0,18,4,87.06,28,0,11,normal,0
2026-07-27 10:00:00,user_21,employee,10,1,3,1,0,9,3,27.93,10,0,5,normal,0
2026-07-27 12:00:00,user_11,analyst,12,0,2,1,0,13,2,80.99,43,0,9,normal,0
2026-07-11 14:00:00,user_01,admin,14,0,1,1,0,9,2,102.26,24,1,6,normal,0
2026-07-07 12:00:00,user_23,employee,12,0,2,1,0,4,2,38.17,6,0,3,normal,0
2026-07-27 14:00:00,user_28,employee,14,1,1,1,0,12,3,16.13,14,0,7,normal,0
2026-07-27 14:00:00,user_22,employee,14,2,1,1,0,11,3,74.29,9,0,5,normal,0
2026-07-04 11:00:00,user_17,employee,11,0,1,2,0,5,2,19.89,9,0,4,normal,0
2026-07-27 13:00:00,user_25,employee,13,0,2,1,0,8,3,12.67,8,0,6,normal,0
2026-07-10 12:00:00,user_24,employee,12,1,2,1,0,9,3,23.52,6,0,7,normal,0
2026-07-08 15:00:00,user_19,employee,15,0,2,1,0,2,4,10.35,8,0,2,normal,0
2026-07-10 09:00:00,user_24,employee,9,1,1,1,0,7,2,11.67,10,0,4,normal,0
2026-07-14 12:00:00,user_19,employee,12,0,1,1,0,347,273,7257.88,4,0,194,data_exfiltration,1
2026-07-10 15:00:00,user_22,employee,15,0,1,1,0,9,2,21.02,347,8,76,privilege_misuse,1
2026-07-03 16:00:00,user_17,employee,16,0,2,1,0,10,4,39.15,3,0,4,normal,0
2026-07-15 12:00:00,user_17,employee,12,0,2,1,0,8,1,6.53,9,0,4,normal,0
2026-07-12 01:00:00,user_23,employee,1,6,1,7,1,5,80,1528.08,401,10,119,mixed_anomaly,1
2026-07-21 15:00:00,user_04,admin,15,1,1,1,0,11,4,32.75,26,1,8,normal,0
2026-07-05 20:00:00,user_14,employee,20,0,2,1,0,3,2,65.66,8,0,3,normal,0
2026-07-25 11:00:00,user_22,employee,11,0,1,1,0,5,4,158.78,9,0,4,normal,0
2026-07-22 11:00:00,user_24,employee,11,1,2,1,0,12,5,28.7,7,0,7,normal,0
2026-07-28 10:00:00,user_08,analyst,10,0,2,1,0,11,2,20.92,46,0,9,normal,0
2026-07-21 09:00:00,user_16,employee,9,0,3,1,0,12,3,22.74,8,0,7,normal,0
2026-07-13 10:00:00,user_12,analyst,10,0,4,1,0,20,6,34.03,36,0,10,normal,0
2026-07-26 06:00:00,user_22,employee,6,0,4,2,0,7,3,10.49,4,0,5,normal,0
2026-07-03 13:00:00,user_22,employee,13,0,1,1,0,9,1,69.8,10,0,8,normal,0
2026-07-24 13:00:00,user_21,employee,13,0,2,2,0,11,2,59.65,8,0,7,normal,0
2026-07-11 14:00:00,user_13,employee,14,1,3,1,0,7,2,45.67,7,0,4,normal,0
2026-07-02 06:00:00,user_05,analyst,6,0,2,1,0,12,3,93.93,33,0,7,normal,0
2026-07-27 10:00:00,user_27,employee,10,1,1,1,0,11,3,108.02,11,0,5,normal,0
2026-07-25 11:00:00,user_27,employee,11,0,1,1,0,9,2,1.8,11,0,6,normal,0
2026-07-21 00:00:00,user_18,employee,0,8,1,4,1,9,81,1354.88,344,9,67,mixed_anomaly,1
2026-07-08 16:00:00,user_02,admin,16,0,1,1,0,16,0,35.74,33,2,13,normal,0
2026-07-06 14:00:00,user_01,admin,14,0,1,1,0,13,3,3.64,21,1,7,normal,0
2026-07-10 13:00:00,user_21,employee,13,0,1,1,0,12,3,50.34,6,0,7,normal,0
2026-07-01 13:00:00,user_30,employee,13,0,3,1,0,15,5,7.9,3,0,9,normal,0
2026-07-01 00:00:00,user_06,analyst,0,11,2,6,1,13,81,3734.08,286,7,108,mixed_anomaly,1
2026-07-18 13:00:00,user_28,employee,13,0,1,1,0,11,0,17.02,9,0,8,normal,0
2026-07-01 09:00:00,user_16,employee,9,0,1,1,0,9,3,43.09,8,0,5,normal,0
2026-07-10 11:00:00,user_28,employee,11,1,1,2,0,7,2,19.7,8,0,5,normal,0
2026-07-04 16:00:00,user_16,employee,16,0,1,2,0,8,4,38.9,12,0,6,normal,0
2026-07-08 17:00:00,user_28,employee,17,0,2,1,0,8,3,44.31,10,0,5,normal,0
2026-07-19 15:00:00,user_06,analyst,15,0,4,1,0,17,6,36.28,41,0,17,normal,0
2026-07-16 12:00:00,user_03,admin,12,0,1,1,0,15,6,96.93,31,2,9,normal,0
2026-07-22 11:00:00,user_25,employee,11,0,2,1,0,6,5,14.7,8,0,4,normal,0
2026-07-24 12:00:00,user_16,employee,12,0,1,1,0,9,2,93.85,9,0,5,normal,0
2026-07-06 13:00:00,user_11,analyst,13,1,3,1,0,15,6,14.77,43,0,14,normal,0
2026-07-19 19:00:00,user_08,analyst,19,0,1,1,0,13,9,55.31,26,0,8,normal,0
2026-07-13 10:00:00,user_11,analyst,10,1,2,1,0,6,3,11.07,39,0,6,normal,0
2026-07-23 11:00:00,user_09,analyst,11,0,3,1,0,11,6,47.86,33,0,7,normal,0
2026-07-06 13:00:00,user_02,admin,13,0,3,2,0,15,3,32.79,26,0,8,normal,0
2026-07-18 11:00:00,user_17,employee,11,0,2,1,0,10,2,31.99,5,0,4,normal,0
2026-07-21 10:00:00,user_08,analyst,10,0,1,1,0,21,4,65.14,29,0,13,normal,0
2026-07-22 17:00:00,user_18,employee,17,1,1,1,0,7,2,17.2,8,0,5,normal,0
2026-07-21 17:00:00,user_21,employee,17,0,2,1,0,13,0,24.98,7,0,9,normal,0
2026-07-24 12:00:00,user_13,employee,12,0,1,1,0,8,1,12.62,7,0,4,normal,0
2026-07-07 13:00:00,user_13,employee,13,1,1,1,0,7,3,7.1,9,0,5,normal,0
2026-07-17 11:00:00,user_27,employee,11,1,2,1,0,373,122,1889.49,13,0,128,data_exfiltration,1
2026-07-18 13:00:00,user_03,admin,13,0,2,1,0,8,8,39.89,22,0,5,normal,0
2026-07-19 18:00:00,user_15,employee,18,0,4,1,0,5,0,29.98,6,0,2,normal,0
2026-07-21 10:00:00,user_15,employee,10,0,2,1,0,2,5,32.51,3,0,1,normal,0
2026-07-09 16:00:00,user_26,employee,16,0,1,1,0,6,5,33.28,15,0,6,normal,0
2026-07-30 19:00:00,user_19,employee,19,0,2,1,0,10,3,15.01,8,0,5,normal,0
2026-07-25 09:00:00,user_15,employee,9,0,1,1,0,5,4,27.24,6,0,4,normal,0
2026-07-18 12:00:00,user_03,admin,12,0,1,1,0,9,4,43.3,21,2,7,normal,0
2026-07-28 16:00:00,user_28,employee,16,1,1,1,0,4,4,25.27,8,0,3,normal,0
2026-07-22 12:00:00,user_16,employee,12,0,2,1,0,12,1,35.36,3,0,9,normal,0
2026-07-22 11:00:00,user_15,employee,11,0,1,1,1,9,3,21.97,5,0,6,normal,0
2026-07-08 12:00:00,user_11,analyst,12,1,4,1,0,18,5,10.11,29,0,9,normal,0
2026-07-17 11:00:00,user_04,admin,11,0,2,2,0,6,5,63.16,27,2,6,normal,0
2026-07-08 10:00:00,user_16,employee,10,0,1,1,0,15,7,67.85,8,0,7,normal,0
2026-07-25 20:00:00,user_24,employee,20,1,2,1,0,7,5,64.89,6,0,5,normal,0
2026-07-02 13:00:00,user_21,employee,13,2,4,1,0,11,3,58.96,11,0,6,normal,0
2026-07-02 13:00:00,user_01,admin,13,1,1,1,0,12,6,37.93,29,1,11,normal,0
2026-07-10 13:00:00,user_04,admin,13,0,1,1,0,18,5,22.69,20,2,9,normal,0
2026-07-24 10:00:00,user_13,employee,10,0,1,1,0,8,3,13.55,8,0,4,normal,0
2026-07-22 17:00:00,user_14,employee,17,2,2,1,0,13,2,29.71,6,0,10,normal,0
2026-07-20 14:00:00,user_02,admin,14,1,3,1,0,13,5,16.62,35,1,11,normal,0
2026-07-15 09:00:00,user_18,employee,9,0,1,1,1,7,4,38.15,6,0,3,normal,0
2026-07-13 14:00:00,user_18,employee,14,2,2,1,0,10,3,21.29,6,0,5,normal,0
2026-07-10 16:00:00,user_01,admin,16,0,1,1,0,17,5,44.31,19,2,8,normal,0
2026-07-13 12:00:00,user_27,employee,12,0,2,1,0,4,5,73.41,9,0,3,normal,0
2026-07-12 20:00:00,user_03,admin,20,0,1,1,0,15,4,44.39,19,0,13,normal,0
2026-07-23 11:00:00,user_26,employee,11,0,1,1,0,7,2,49.47,9,0,5,normal,0
2026-07-01 04:00:00,user_20,employee,4,15,2,9,1,12,174,3533.18,336,3,57,mixed_anomaly,1
2026-07-05 10:00:00,user_21,employee,10,0,1,2,0,11,4,31.09,4,0,6,normal,0
2026-07-17 11:00:00,user_10,analyst,11,0,4,1,0,12,8,65.26,29,0,7,normal,0
2026-07-07 15:00:00,user_29,employee,15,0,1,1,0,5,9,50.88,8,0,2,normal,0
2026-07-05 00:00:00,user_17,employee,0,14,1,8,1,6,52,3239.55,312,4,149,mixed_anomaly,1
2026-07-24 13:00:00,user_07,analyst,13,0,1,1,0,8,3,17.94,46,0,7,normal,0
2026-07-17 15:00:00,user_21,employee,15,0,1,1,0,12,4,17.59,10,0,8,normal,0
2026-07-02 11:00:00,user_22,employee,11,1,1,1,0,4,2,73.03,5,0,2,normal,0
2026-07-09 14:00:00,user_15,employee,14,0,1,1,0,7,5,23.93,8,0,6,normal,0
2026-07-22 13:00:00,user_11,analyst,13,0,1,1,0,8,4,17.66,40,0,8,normal,0
2026-07-03 14:00:00,user_12,analyst,14,0,1,1,0,16,6,63.65,34,0,14,normal,0
2026-07-23 12:00:00,user_27,employee,12,1,2,1,0,9,1,37.59,5,0,4,normal,0
2026-07-01 12:00:00,user_02,admin,12,0,1,1,0,7,7,60.13,18,1,7,normal,0
2026-07-12 06:00:00,user_27,employee,6,0,1,1,0,8,2,13.56,10,0,4,normal,0
2026-07-30 11:00:00,user_08,analyst,11,1,2,1,0,10,3,33.41,33,0,7,normal,0
2026-07-21 11:00:00,user_28,employee,11,1,1,1,0,6,4,38.31,13,0,4,normal,0
2026-07-15 15:00:00,user_15,employee,15,0,1,1,0,7,4,21.51,2,0,5,normal,0
2026-07-18 13:00:00,user_11,analyst,13,0,5,1,0,20,5,76.52,27,0,11,normal,0
2026-07-17 11:00:00,user_18,employee,11,1,1,1,0,5,2,13.77,8,0,4,normal,0
2026-07-07 15:00:00,user_25,employee,15,0,2,1,0,11,5,31.54,11,0,9,normal,0
2026-07-11 16:00:00,user_20,employee,16,0,2,1,0,11,3,18.88,8,0,8,normal,0
2026-07-30 17:00:00,user_20,employee,17,1,1,1,0,11,1,14.42,6,0,9,normal,0
2026-07-04 14:00:00,user_16,employee,14,1,2,1,1,9,1,28.44,9,0,4,normal,0
2026-07-30 14:00:00,user_23,employee,14,1,1,1,0,6,2,28.05,12,0,4,normal,0
2026-07-07 16:00:00,user_22,employee,16,0,1,2,1,8,1,22.96,8,0,4,normal,0
2026-07-12 08:00:00,user_12,analyst,8,1,3,1,0,15,11,73.39,24,0,11,normal,0
2026-07-30 15:00:00,user_23,employee,15,1,1,1,0,9,5,57.65,8,0,5,normal,0
2026-07-17 13:00:00,user_15,employee,13,0,1,1,0,12,3,12.18,9,0,9,normal,0
2026-07-12 19:00:00,user_04,admin,19,25,1,4,1,12,2,36.23,21,0,10,brute_force,1
2026-07-17 13:00:00,user_25,employee,13,0,3,1,0,11,2,20.43,8,0,5,normal,0
2026-07-30 12:00:00,user_22,employee,12,0,1,2,0,415,89,2396.47,9,0,192,data_exfiltration,1
2026-07-07 09:00:00,user_01,admin,9,0,2,1,0,15,4,22.08,21,3,10,normal,0
2026-07-01 12:00:00,user_11,analyst,12,0,2,1,0,23,9,230.46,39,0,17,normal,0
2026-07-20 10:00:00,user_12,analyst,10,1,3,2,0,16,4,17.66,39,0,13,normal,0
2026-07-21 07:00:00,user_27,employee,7,1,1,1,0,10,1,18.94,6,0,5,normal,0
2026-07-26 18:00:00,user_21,employee,18,0,2,1,1,11,6,48.36,6,0,9,normal,0
2026-07-10 08:00:00,user_26,employee,8,0,1,1,0,9,4,30.57,5,0,4,normal,0
2026-07-29 14:00:00,user_10,analyst,14,0,1,1,0,15,0,54.9,32,0,15,normal,0
2026-07-28 13:00:00,user_18,employee,13,0,2,1,0,8,4,9.93,4,0,4,normal,0
2026-07-13 11:00:00,user_17,employee,11,1,3,1,0,6,3,56.83,10,0,4,normal,0
2026-07-08 17:00:00,user_12,analyst,17,0,2,1,0,12,5,63.47,40,0,12,normal,0
2026-07-19 16:00:00,user_23,employee,16,1,1,1,0,6,4,29.94,5,0,3,normal,0
2026-07-03 15:00:00,user_04,admin,15,1,2,1,0,9,6,28.72,34,3,6,normal,0
2026-07-21 12:00:00,user_02,admin,12,0,1,1,0,12,4,48.37,21,0,9,normal,0
2026-07-12 07:00:00,user_29,employee,7,1,2,1,0,7,1,18.49,11,0,5,normal,0
2026-07-12 16:00:00,user_06,analyst,16,0,1,1,0,16,10,112.27,41,0,10,normal,0
2026-07-25 11:00:00,user_16,employee,11,2,1,1,0,5,2,23.51,8,0,3,normal,0
2026-07-18 16:00:00,user_05,analyst,16,0,1,1,0,16,9,60.78,31,0,9,normal,0
2026-07-22 15:00:00,user_27,employee,15,0,2,1,0,7,5,16.81,6,0,5,normal,0
2026-07-29 14:00:00,user_23,employee,14,0,1,1,0,5,5,29.14,8,0,3,normal,0
2026-07-09 12:00:00,user_24,employee,12,0,2,1,0,12,0,13.21,5,0,8,normal,0
2026-07-20 18:00:00,user_24,employee,18,0,1,1,0,10,4,23.41,8,0,5,normal,0
2026-07-29 11:00:00,user_14,employee,11,2,1,1,0,10,3,34.67,12,0,6,normal,0
2026-07-18 06:00:00,user_04,admin,6,0,2,1,0,9,4,27.05,29,1,9,normal,0
2026-07-11 06:00:00,user_09,analyst,6,0,2,1,0,14,6,108.93,28,0,11,normal,0
2026-07-03 11:00:00,user_20,employee,11,0,1,1,0,7,2,20.94,8,0,6,normal,0
2026-07-09 10:00:00,user_07,analyst,10,0,3,2,0,8,6,42.14,43,0,7,normal,0
2026-07-01 13:00:00,user_07,analyst,13,0,1,1,0,25,8,19.85,26,0,14,normal,0
2026-07-28 16:00:00,user_04,admin,16,1,1,1,0,13,3,73.87,28,2,8,normal,0
2026-07-25 13:00:00,user_30,employee,13,0,1,1,0,9,4,34.05,3,0,7,normal,0
2026-07-14 11:00:00,user_28,employee,11,0,1,1,0,8,5,53.16,6,0,7,normal,0
2026-07-11 09:00:00,user_13,employee,9,0,1,2,0,8,3,38.95,6,0,4,normal,0
2026-07-19 19:00:00,user_07,analyst,19,0,1,1,0,18,6,17.97,40,0,10,normal,0
2026-07-03 11:00:00,user_15,employee,11,0,1,1,0,1,3,48.57,9,0,1,normal,0
2026-07-17 16:00:00,user_27,employee,16,0,1,1,0,7,3,5.7,5,0,6,normal,0
2026-07-01 08:00:00,user_26,employee,8,0,1,1,0,9,4,42.94,10,0,4,normal,0
2026-07-11 15:00:00,user_07,analyst,15,0,1,1,0,14,3,66.51,39,0,13,normal,0
2026-07-09 13:00:00,user_23,employee,13,0,1,1,0,3,7,61.01,5,0,3,normal,0
2026-07-26 06:00:00,user_11,analyst,6,1,1,1,0,13,2,73.0,37,0,11,normal,0
2026-07-10 13:00:00,user_04,admin,13,1,1,1,0,15,1,13.68,22,1,13,normal,0
2026-07-11 14:00:00,user_25,employee,14,0,2,1,0,7,3,24.74,5,0,4,normal,0
2026-07-27 11:00:00,user_14,employee,11,0,1,1,0,7,2,40.05,13,0,4,normal,0
2026-07-23 06:00:00,user_02,admin,6,0,1,1,0,12,1,80.85,20,4,7,normal,0
2026-07-11 12:00:00,user_30,employee,12,0,2,1,0,5,6,70.4,3,0,4,normal,0
2026-07-06 10:00:00,user_21,employee,10,0,1,1,0,10,4,25.04,5,0,4,normal,0
2026-07-28 12:00:00,user_27,employee,12,0,1,1,1,8,3,18.55,6,0,5,normal,0
2026-07-27 09:00:00,user_22,employee,9,0,2,1,0,6,2,13.23,5,0,4,normal,0
2026-07-09 14:00:00,user_19,employee,14,0,1,1,0,13,0,26.73,8,0,8,normal,0
2026-07-09 09:00:00,user_04,admin,9,0,4,1,0,15,1,48.1,22,3,9,normal,0
2026-07-24 13:00:00,user_25,employee,13,0,2,1,0,12,4,37.53,5,0,6,normal,0
2026-07-15 07:00:00,user_29,employee,7,1,1,2,0,9,1,35.29,11,0,5,normal,0
2026-07-21 11:00:00,user_15,employee,11,1,1,1,0,13,4,26.63,9,0,7,normal,0
2026-07-25 11:00:00,user_15,employee,11,1,1,1,0,12,3,13.86,3,0,8,normal,0
2026-07-16 19:00:00,user_22,employee,19,1,1,1,0,9,3,22.0,9,0,6,normal,0
2026-07-17 15:00:00,user_19,employee,15,0,1,1,0,12,2,9.83,13,0,5,normal,0
2026-07-01 13:00:00,user_17,employee,13,1,2,2,0,12,2,18.74,6,0,5,normal,0
2026-07-06 01:00:00,user_05,analyst,1,5,1,8,1,12,5,71.9,44,0,8,suspicious_login,1
2026-07-11 11:00:00,user_01,admin,11,0,2,1,0,10,5,63.0,24,3,9,normal,0
2026-07-22 16:00:00,user_17,employee,16,1,1,2,0,9,3,31.03,16,0,8,normal,0
2026-07-04 16:00:00,user_24,employee,16,0,2,1,0,12,2,24.01,9,0,10,normal,0
2026-07-01 19:00:00,user_02,admin,19,0,2,1,0,10,1,4.35,20,1,8,normal,0
2026-07-10 10:00:00,user_18,employee,10,2,2,1,0,5,7,36.32,7,0,4,normal,0
2026-07-18 15:00:00,user_30,employee,15,0,1,1,0,8,2,9.77,11,0,6,normal,0
2026-07-09 14:00:00,user_14,employee,14,0,2,1,0,4,3,33.68,6,0,4,normal,0
2026-07-24 09:00:00,user_27,employee,9,0,2,1,0,4,5,44.71,8,0,2,normal,0
2026-07-24 13:00:00,user_19,employee,13,0,1,1,0,14,4,20.36,8,0,11,normal,0
2026-07-30 14:00:00,user_16,employee,14,0,1,1,0,6,0,44.14,6,0,5,normal,0
2026-07-03 10:00:00,user_30,employee,10,0,1,1,0,9,4,23.19,5,0,4,normal,0
2026-07-01 13:00:00,user_17,employee,13,0,1,1,0,8,5,35.26,2,0,5,normal,0
2026-07-19 18:00:00,user_25,employee,18,1,3,1,0,10,3,71.53,6,0,5,normal,0
2026-07-17 15:00:00,user_30,employee,15,0,2,2,0,10,3,21.62,13,0,8,normal,0
2026-07-18 13:00:00,user_30,employee,13,0,3,1,0,13,4,6.3,10,0,8,normal,0
2026-07-15 11:00:00,user_06,analyst,11,1,3,1,0,12,4,30.09,41,0,11,normal,0
2026-07-15 00:00:00,user_23,employee,0,8,3,5,1,9,151,5323.98,123,3,172,mixed_anomaly,1
2026-07-04 13:00:00,user_06,analyst,13,0,3,1,0,18,5,59.06,34,0,11,normal,0
2026-07-18 09:00:00,user_24,employee,9,0,2,1,0,180,268,6539.8,8,0,116,data_exfiltration,1
2026-07-10 23:00:00,user_04,admin,23,3,3,5,1,10,1,17.53,21,1,8,suspicious_login,1
2026-07-24 10:00:00,user_22,employee,10,0,2,1,0,7,0,47.98,3,0,3,normal,0
2026-07-30 14:00:00,user_20,employee,14,0,3,2,0,6,6,53.27,5,0,3,normal,0
2026-07-08 13:00:00,user_20,employee,13,0,1,2,0,9,4,65.0,8,0,4,normal,0
2026-07-13 10:00:00,user_29,employee,10,0,2,1,0,7,2,24.45,167,22,47,privilege_misuse,1
2026-07-18 14:00:00,user_17,employee,14,0,3,1,0,8,4,17.85,9,0,7,normal,0
2026-07-10 10:00:00,user_29,employee,10,0,1,1,0,9,1,38.08,8,0,8,normal,0
2026-07-06 09:00:00,user_13,employee,9,0,1,1,0,11,0,17.95,9,0,8,normal,0
2026-07-12 12:00:00,user_14,employee,12,0,1,2,0,4,3,14.12,8,0,3,normal,0
2026-07-02 09:00:00,user_20,employee,9,0,1,1,0,4,6,25.53,11,0,3,normal,0
2026-07-24 16:00:00,user_30,employee,16,0,1,1,0,9,3,44.78,6,0,6,normal,0
2026-07-04 13:00:00,user_23,employee,13,0,2,1,0,7,2,6.44,8,0,6,normal,0
2026-07-05 10:00:00,user_25,employee,10,0,3,1,1,11,5,25.35,8,0,6,normal,0
2026-07-11 17:00:00,user_08,analyst,17,0,1,2,0,14,6,21.29,17,0,10,normal,0
2026-07-22 08:00:00,user_09,analyst,8,1,1,1,0,12,7,4.13,29,0,9,normal,0
2026-07-11 12:00:00,user_13,employee,12,0,3,1,0,7,1,85.1,7,0,5,normal,0
2026-07-15 14:00:00,user_11,analyst,14,0,1,1,0,16,5,9.63,36,0,10,normal,0
2026-07-27 13:00:00,user_10,analyst,13,1,1,1,0,15,9,20.91,41,0,12,normal,0
2026-07-02 12:00:00,user_15,employee,12,1,1,1,0,6,1,41.83,11,0,3,normal,0
2026-07-01 12:00:00,user_26,employee,12,0,2,1,0,6,4,38.25,5,0,5,normal,0
2026-07-17 18:00:00,user_05,analyst,18,1,2,1,0,19,4,104.18,30,0,13,normal,0
2026-07-22 13:00:00,user_05,analyst,13,0,3,1,0,10,5,19.32,33,0,9,normal,0
2026-07-16 14:00:00,user_14,employee,14,0,1,1,1,12,1,21.17,8,0,10,normal,0
2026-07-18 01:00:00,user_20,employee,1,6,1,7,1,4,179,5178.1,220,3,67,mixed_anomaly,1
2026-07-15 14:00:00,user_10,analyst,14,0,1,1,0,17,5,71.01,37,0,13,normal,0
2026-07-06 13:00:00,user_27,employee,13,1,5,1,0,14,1,7.57,8,0,8,normal,0
2026-07-12 12:00:00,user_23,employee,12,1,3,1,0,7,5,24.98,5,0,6,normal,0
2026-07-06 11:00:00,user_18,employee,11,2,1,1,0,8,3,64.05,10,0,6,normal,0
2026-07-14 10:00:00,user_28,employee,10,0,2,1,0,12,0,54.72,10,0,8,normal,0
2026-07-07 14:00:00,user_11,analyst,14,2,1,1,0,18,5,59.13,31,0,13,normal,0
2026-07-18 09:00:00,user_23,employee,9,0,1,1,1,5,2,67.3,9,0,3,normal,0
2026-07-18 10:00:00,user_24,employee,10,1,2,1,0,10,0,55.31,7,0,7,normal,0
2026-07-25 11:00:00,user_30,employee,11,2,1,1,0,11,4,8.12,9,0,6,normal,0
2026-07-27 09:00:00,user_18,employee,9,0,2,1,0,9,4,19.61,7,0,5,normal,0
2026-07-20 13:00:00,user_21,employee,13,2,1,1,1,6,1,14.17,8,0,4,normal,0
2026-07-07 15:00:00,user_07,analyst,15,0,1,1,0,21,4,58.43,34,0,17,normal,0
2026-07-27 11:00:00,user_07,analyst,11,1,1,2,0,11,3,32.27,31,0,10,normal,0
2026-07-01 10:00:00,user_07,analyst,10,0,1,1,0,12,3,34.3,34,0,11,normal,0
2026-07-10 15:00:00,user_20,employee,15,1,1,1,0,8,3,13.79,16,0,7,normal,0
2026-07-28 10:00:00,user_23,employee,10,0,1,1,0,6,2,161.72,7,0,4,normal,0
2026-07-27 09:00:00,user_10,analyst,9,0,1,1,0,15,5,62.58,28,0,13,normal,0
2026-07-10 12:00:00,user_22,employee,12,1,3,2,0,5,0,26.93,8,0,3,normal,0
2026-07-09 08:00:00,user_12,analyst,8,0,1,1,0,16,6,12.57,36,0,15,normal,0
2026-07-21 14:00:00,user_30,employee,14,0,1,1,0,11,2,20.65,8,0,9,normal,0
2026-07-01 14:00:00,user_22,employee,14,0,3,1,0,15,4,11.55,12,0,11,normal,0
2026-07-13 14:00:00,user_05,analyst,14,0,1,1,0,11,8,32.49,21,0,7,normal,0
2026-07-10 10:00:00,user_23,employee,10,1,1,1,0,7,6,21.19,7,0,4,normal,0
2026-07-30 12:00:00,user_21,employee,12,1,3,2,0,409,191,4158.63,8,0,202,data_exfiltration,1
2026-07-12 04:00:00,user_17,employee,4,9,1,9,1,5,82,4831.93,216,4,157,mixed_anomaly,1
2026-07-26 12:00:00,user_23,employee,12,0,1,1,0,8,4,17.32,8,0,4,normal,0
2026-07-14 13:00:00,user_21,employee,13,0,2,2,0,11,1,18.19,5,0,8,normal,0
2026-07-05 16:00:00,user_11,analyst,16,0,1,2,0,12,8,15.31,33,0,10,normal,0
2026-07-27 06:00:00,user_23,employee,6,1,1,1,0,13,2,48.6,8,0,10,normal,0
2026-07-29 09:00:00,user_04,admin,9,0,4,1,0,14,5,32.08,29,4,12,normal,0
2026-07-18 09:00:00,user_25,employee,9,1,2,1,0,6,2,3.3,5,0,4,normal,0
2026-07-16 14:00:00,user_12,analyst,14,0,1,1,0,17,5,83.02,37,0,16,normal,0
2026-07-10 12:00:00,user_18,employee,12,0,1,1,0,6,3,40.84,6,0,5,normal,0
2026-07-12 10:00:00,user_16,employee,10,0,4,1,0,5,1,19.26,14,0,4,normal,0
2026-07-04 16:00:00,user_19,employee,16,2,3,1,0,8,3,6.32,7,0,5,normal,0
2026-07-26 11:00:00,user_19,employee,11,2,1,1,0,10,6,24.24,12,0,6,normal,0
2026-07-02 13:00:00,user_22,employee,13,0,1,1,0,7,3,58.64,8,0,4,normal,0
2026-07-09 14:00:00,user_23,employee,14,1,1,1,0,10,3,65.9,8,0,6,normal,0
2026-07-24 13:00:00,user_14,employee,13,0,1,2,0,6,1,8.71,11,0,5,normal,0
2026-07-17 09:00:00,user_22,employee,9,1,1,1,0,10,3,16.76,11,0,7,normal,0
2026-07-28 12:00:00,user_24,employee,12,0,4,1,0,9,5,27.73,9,0,5,normal,0
2026-07-23 02:00:00,user_29,employee,2,19,1,5,1,10,114,4446.26,330,5,51,mixed_anomaly,1
2026-07-01 16:00:00,user_10,analyst,16,2,1,1,0,25,4,49.5,38,0,14,normal,0
2026-07-20 01:00:00,user_29,employee,1,2,1,5,1,5,5,16.97,2,0,4,suspicious_login,1
2026-07-05 13:00:00,user_26,employee,13,15,0,4,1,9,1,12.14,5,0,5,brute_force,1
2026-07-11 10:00:00,user_17,employee,10,1,2,1,0,5,1,89.3,5,0,3,normal,0
2026-07-16 07:00:00,user_04,admin,7,0,1,1,0,13,6,14.52,31,1,12,normal,0
2026-07-20 09:00:00,user_01,admin,9,1,5,1,0,11,6,33.73,23,3,8,normal,0
2026-07-06 09:00:00,user_13,employee,9,0,2,1,0,14,2,15.29,8,0,10,normal,0
2026-07-09 13:00:00,user_05,analyst,13,0,1,2,0,18,3,110.13,32,0,11,normal,0
2026-07-19 11:00:00,user_02,admin,11,0,1,1,0,8,3,15.11,29,2,7,normal,0
2026-07-22 12:00:00,user_22,employee,12,0,1,1,0,5,5,60.67,10,0,3,normal,0
2026-07-11 16:00:00,user_02,admin,16,0,3,2,0,16,2,41.66,22,3,14,normal,0
2026-07-26 12:00:00,user_07,analyst,12,0,2,1,0,8,2,70.26,36,0,6,normal,0
2026-07-28 06:00:00,user_09,analyst,6,1,1,1,0,20,3,45.15,33,0,16,normal,0
2026-07-17 13:00:00,user_25,employee,13,0,2,1,0,6,1,73.23,5,0,3,normal,0
2026-07-03 08:00:00,user_26,employee,8,0,1,2,0,7,0,46.81,6,0,5,normal,0
2026-07-09 13:00:00,user_06,analyst,13,0,1,1,0,13,6,39.4,41,0,12,normal,0
2026-07-02 09:00:00,user_10,analyst,9,0,1,2,0,11,1,49.09,31,0,8,normal,0
2026-07-10 12:00:00,user_22,employee,12,0,1,1,0,7,8,11.11,9,0,4,normal,0
2026-07-03 10:00:00,user_09,analyst,10,1,2,1,1,19,3,57.69,40,0,12,normal,0
2026-07-09 12:00:00,user_05,analyst,12,0,1,2,0,13,5,88.64,36,0,12,normal,0
2026-07-02 13:00:00,user_27,employee,13,0,2,1,0,5,2,63.55,2,0,3,normal,0
2026-07-16 11:00:00,user_02,admin,11,0,1,1,0,16,6,87.44,21,0,13,normal,0
2026-07-23 15:00:00,user_23,employee,15,0,1,1,0,10,4,82.83,1,0,7,normal,0
2026-07-10 10:00:00,user_26,employee,10,0,4,1,0,10,1,43.39,8,0,5,normal,0
2026-07-05 14:00:00,user_10,analyst,14,0,1,1,0,19,3,24.21,32,0,10,normal,0
2026-07-24 15:00:00,user_07,analyst,15,0,1,1,1,18,2,79.05,32,0,15,normal,0
2026-07-27 02:00:00,user_25,employee,2,13,1,3,1,3,178,3716.42,317,5,102,mixed_anomaly,1
2026-07-07 17:00:00,user_02,admin,17,0,1,1,0,16,5,30.61,21,2,11,normal,0
2026-07-25 12:00:00,user_12,analyst,12,0,1,1,0,13,3,21.07,37,0,12,normal,0
2026-07-25 01:00:00,user_27,employee,1,5,1,5,1,7,1,26.12,8,0,3,suspicious_login,1
2026-07-23 18:00:00,user_04,admin,18,0,1,1,0,6,2,32.55,21,1,4,normal,0
2026-07-09 11:00:00,user_20,employee,11,0,1,1,0,10,3,76.52,8,0,6,normal,0
2026-07-09 01:00:00,user_28,employee,1,14,3,7,1,3,123,1673.92,466,4,142,mixed_anomaly,1
2026-07-26 16:00:00,user_28,employee,16,0,4,1,0,8,8,16.49,11,0,5,normal,0
2026-07-30 13:00:00,user_08,analyst,13,0,2,1,0,13,9,114.01,38,0,9,normal,0
2026-07-09 13:00:00,user_24,employee,13,0,1,1,0,10,2,39.78,11,0,7,normal,0
2026-07-22 04:00:00,user_21,employee,4,10,1,6,1,7,96,5640.74,408,2,140,mixed_anomaly,1
2026-07-09 14:00:00,user_13,employee,14,0,1,1,0,8,2,55.4,10,0,6,normal,0
2026-07-12 11:00:00,user_08,analyst,11,1,1,1,0,11,5,17.44,35,0,11,normal,0
2026-07-24 10:00:00,user_17,employee,10,0,2,1,0,12,2,28.49,6,0,5,normal,0
2026-07-13 13:00:00,user_26,employee,13,0,1,1,0,12,2,31.01,12,0,9,normal,0
2026-07-24 09:00:00,user_26,employee,9,1,3,1,0,5,4,14.54,9,0,4,normal,0
2026-07-23 08:00:00,user_26,employee,8,0,1,1,0,6,3,27.93,9,0,4,normal,0
2026-07-29 12:00:00,user_23,employee,12,1,1,1,0,7,3,9.81,10,0,6,normal,0
2026-07-25 09:00:00,user_10,analyst,9,0,1,1,0,21,4,70.07,32,0,14,normal,0
2026-07-10 12:00:00,user_23,employee,12,0,1,1,0,15,7,41.3,17,0,12,normal,0
2026-07-23 11:00:00,user_22,employee,11,0,1,2,0,11,2,22.84,5,0,7,normal,0
2026-07-09 23:00:00,user_02,admin,23,1,1,5,1,12,5,76.9,23,1,6,suspicious_login,1
2026-07-28 12:00:00,user_13,employee,12,0,2,1,0,4,1,22.98,8,0,3,normal,0
2026-07-28 10:00:00,user_14,employee,10,0,2,1,0,6,4,36.06,6,0,3,normal,0
2026-07-08 18:00:00,user_26,employee,18,0,1,1,0,6,4,55.06,12,0,5,normal,0
2026-07-22 13:00:00,user_22,employee,13,1,2,1,0,5,4,20.82,4,0,3,normal,0
2026-07-30 04:00:00,user_11,analyst,4,18,2,9,1,17,73,2573.56,139,6,170,mixed_anomaly,1
2026-07-12 15:00:00,user_02,admin,15,1,3,1,1,7,7,13.56,19,3,6,normal,0
2026-07-08 08:00:00,user_01,admin,8,0,1,1,0,11,2,57.72,11,3,7,normal,0
2026-07-04 10:00:00,user_24,employee,10,1,2,1,0,6,5,5.06,7,0,3,normal,0
2026-07-14 10:00:00,user_09,analyst,10,0,1,1,0,14,5,60.77,35,0,13,normal,0
2026-07-28 01:00:00,user_07,analyst,1,11,1,7,1,12,134,1906.76,416,7,92,mixed_anomaly,1
2026-07-21 06:00:00,user_28,employee,6,0,1,1,0,6,1,6.36,13,0,5,normal,0
2026-07-09 17:00:00,user_25,employee,17,0,1,1,0,4,0,64.16,2,0,3,normal,0
2026-07-30 11:00:00,user_28,employee,11,0,1,1,0,7,2,50.27,3,0,5,normal,0
2026-07-07 14:00:00,user_28,employee,14,0,3,1,0,4,2,21.5,13,0,3,normal,0
2026-07-24 15:00:00,user_15,employee,15,0,2,1,1,10,5,31.42,9,0,5,normal,0
2026-07-02 16:00:00,user_27,employee,16,0,1,1,0,10,4,33.3,6,0,6,normal,0
2026-07-09 19:00:00,user_08,analyst,19,0,1,1,0,21,3,160.22,31,0,18,normal,0
2026-07-02 20:00:00,user_30,employee,20,0,1,1,0,9,2,61.45,10,0,8,normal,0
2026-07-25 13:00:00,user_21,employee,13,1,3,1,0,3,4,33.08,7,0,2,normal,0
2026-07-27 12:00:00,user_23,employee,12,1,1,1,0,9,4,44.14,179,12,79,privilege_misuse,1
2026-07-10 14:00:00,user_25,employee,14,1,1,1,0,9,0,55.99,10,0,7,normal,0
2026-07-09 13:00:00,user_19,employee,13,0,1,1,0,7,3,22.24,5,0,5,normal,0
2026-07-04 00:00:00,user_18,employee,0,14,2,9,1,7,152,3851.29,431,11,167,mixed_anomaly,1
2026-07-02 09:00:00,user_07,analyst,9,0,1,1,0,26,4,35.84,33,0,15,normal,0
2026-07-10 16:00:00,user_25,employee,16,0,3,1,0,148,177,8914.92,11,0,80,data_exfiltration,1
2026-07-15 10:00:00,user_10,analyst,10,1,1,1,0,17,6,6.71,35,0,14,normal,0
2026-07-27 15:00:00,user_15,employee,15,1,1,1,0,11,3,12.52,7,0,7,normal,0
2026-07-19 15:00:00,user_06,analyst,15,0,1,1,0,21,3,81.08,31,0,13,normal,0
2026-07-09 13:00:00,user_22,employee,13,0,1,1,0,14,4,11.69,5,0,7,normal,0
2026-07-27 11:00:00,user_03,admin,11,1,1,1,0,14,5,63.29,21,1,10,normal,0
